slug,name,positions,age,team,games_played,games_started,minutes_played,made_field_goals,attempted_field_goals,made_three_point_field_goals,attempted_three_point_field_goals,made_free_throws,attempted_free_throws,offensive_rebounds,defensive_rebounds,assists,steals,blocks,turnovers,personal_fouls,points
abdulka01,Kareem Abdul-Jabbar,CENTER,41,LOS ANGELES LAKERS,74,74,1695,313,659,0,3,122,165,103,231,74,38,85,95,196,748
acresma01,Mark Acres,CENTER,26,BOSTON CELTICS,62,0,632,55,114,1,1,26,48,59,87,19,19,6,23,94,137
adamsmi01,Michael Adams,POINT GUARD,26,DENVER NUGGETS,77,77,2787,468,1082,166,466,322,393,71,212,490,166,11,180,149,1424
aguirma01,Mark Aguirre,SMALL FORWARD,29,DALLAS MAVERICKS,44,44,1529,373,829,29,99,178,244,90,145,189,29,29,140,128,953
aguirma01,Mark Aguirre,SMALL FORWARD,29,DETROIT PISTONS,36,32,1068,213,441,22,75,110,149,56,95,89,16,7,68,101,558
aingeda01,Danny Ainge,POINT GUARD,29,BOSTON CELTICS,45,28,1349,271,589,58,155,114,128,37,117,215,52,1,82,108,714
aingeda01,Danny Ainge,POINT GUARD,29,SACRAMENTO KINGS,28,26,1028,209,462,58,150,91,112,34,67,187,41,7,63,78,567
alarima01,Mark Alarie,POWER FORWARD,25,WASHINGTON BULLETS,74,5,1141,206,431,13,38,73,87,103,152,63,25,22,62,160,498
alforst01,Steve Alford,POINT GUARD,24,DALLAS MAVERICKS,9,0,38,3,11,0,2,1,2,0,3,9,1,0,1,3,7
alforst01,Steve Alford,POINT GUARD,24,GOLDEN STATE WARRIORS,57,3,868,145,313,20,53,49,59,10,59,83,44,3,44,54,359
allenra01,Randy Allen,SHOOTING GUARD,24,SACRAMENTO KINGS,7,0,43,8,19,0,1,1,2,3,4,0,1,1,2,7,17
andergr01,Greg Anderson,POWER FORWARD,24,SAN ANTONIO SPURS,82,56,2401,460,914,0,3,207,403,255,421,61,102,103,180,221,1127
andermi01,Michael Anderson,POINT GUARD,22,SAN ANTONIO SPURS,36,12,730,73,175,1,7,57,82,44,45,153,44,3,84,64,204
anderri01,Richard Anderson,POWER FORWARD,28,PORTLAND TRAIL BLAZERS,72,3,1082,145,348,49,141,32,38,62,169,98,44,12,54,100,371
anderro01,Ron Anderson,SMALL FORWARD,30,PHILADELPHIA 76ERS,82,12,2618,566,1152,2,11,196,229,167,239,139,71,23,126,166,1330
anderwi01,Willie Anderson,SMALL FORWARD,22,SAN ANTONIO SPURS,81,79,2738,640,1285,4,21,224,289,152,265,372,150,62,261,295,1508
baglejo01,John Bagley,POINT GUARD,28,NEW JERSEY NETS,68,20,1642,200,481,11,54,89,123,36,108,391,72,5,159,117,500
baileth01,Thurl Bailey,SMALL FORWARD,27,UTAH JAZZ,82,3,2777,615,1272,2,5,363,440,115,332,138,48,91,208,185,1595
ballagr01,Greg Ballard,SMALL FORWARD,34,SEATTLE SUPERSONICS,2,0,15,1,8,0,1,4,4,2,5,0,0,0,0,3,6
bannike01,Ken Bannister,POWER FORWARD,28,LOS ANGELES CLIPPERS,9,2,130,22,36,0,1,30,53,6,27,3,7,2,8,17,74
barklch01,Charles Barkley,POWER FORWARD,25,PHILADELPHIA 76ERS,79,79,3088,700,1208,35,162,602,799,403,583,325,126,67,254,262,2037
battljo01,John Battle,SHOOTING GUARD,26,ATLANTA HAWKS,82,0,1672,287,628,11,34,194,238,30,110,197,42,9,104,125,779
benjabe01,Benoit Benjamin,CENTER,24,LOS ANGELES CLIPPERS,79,62,2585,491,907,0,2,317,426,164,532,157,57,221,237,221,1299
berryri01,Ricky Berry,SHOOTING GUARD,24,SACRAMENTO KINGS,64,21,1406,255,567,65,160,131,166,57,140,80,37,22,82,197,706
berrywa01,Walter Berry,POWER FORWARD,24,NEW JERSEY NETS,29,17,556,108,231,0,0,43,63,32,83,20,10,13,40,69,259
berrywa01,Walter Berry,POWER FORWARD,24,HOUSTON ROCKETS,40,14,799,146,270,1,2,57,80,54,98,57,19,35,49,114,350
birdla01,Larry Bird,SMALL FORWARD,32,BOSTON CELTICS,6,6,189,49,104,0,0,18,19,1,36,29,6,5,11,18,116
birdsot01,Otis Birdsong,SHOOTING GUARD,33,BOSTON CELTICS,13,0,108,18,36,1,3,0,2,4,9,9,3,1,12,10,37
blabuw01,Uwe Blab,CENTER,26,DALLAS MAVERICKS,37,0,208,24,52,0,0,20,25,11,33,12,3,13,14,36,68
blackro01,Rolando Blackman,SHOOTING GUARD,29,DALLAS MAVERICKS,78,78,2946,594,1249,30,85,316,370,70,203,288,65,20,165,137,1534
boguemu01,Muggsy Bogues,POINT GUARD,24,CHARLOTTE HORNETS,79,21,1755,178,418,1,13,66,88,53,112,620,111,7,124,141,423
bolma01,Manute Bol,CENTER,26,GOLDEN STATE WARRIORS,80,4,1769,127,344,20,91,40,66,116,346,27,11,345,79,226,314
bowiean01,Anthony Bowie,SHOOTING GUARD,25,SAN ANTONIO SPURS,18,5,438,72,144,1,5,10,15,25,31,29,18,4,22,43,155
bowiesa01,Sam Bowie,CENTER,27,PORTLAND TRAIL BLAZERS,20,0,412,69,153,5,7,28,49,36,70,36,7,33,33,43,171
bradldu01,Dudley Bradley,SHOOTING GUARD,31,ATLANTA HAWKS,38,0,267,28,86,8,31,8,16,7,25,24,16,2,14,41,72
brancad01,Adrian Branch,SMALL FORWARD,25,PORTLAND TRAIL BLAZERS,67,4,811,202,436,7,31,87,120,63,69,60,45,3,64,99,498
breuera01,Randy Breuer,CENTER,28,MILWAUKEE BUCKS,48,4,513,86,179,0,0,28,51,51,84,22,9,37,29,59,200
brickfr01,Frank Brickowski,CENTER,29,SAN ANTONIO SPURS,64,60,1822,337,654,0,2,201,281,148,258,131,102,35,165,252,875
brooksc01,Scott Brooks,POINT GUARD,23,PHILADELPHIA 76ERS,82,6,1372,156,371,55,153,61,69,19,75,306,69,3,65,116,428
brownmi01,Mike Brown,CENTER,25,UTAH JAZZ,66,16,1051,104,248,0,0,92,130,92,166,41,25,17,77,133,300
brownto01,Tony Brown,SHOOTING GUARD,28,HOUSTON ROCKETS,14,0,91,14,45,2,9,6,8,7,8,5,3,0,7,14,36
brownto01,Tony Brown,SMALL FORWARD,28,MILWAUKEE BUCKS,29,0,274,36,73,2,7,18,23,15,14,21,12,4,10,28,92
bryanma01,Mark Bryant,POWER FORWARD,23,PORTLAND TRAIL BLAZERS,56,32,803,120,247,0,0,40,69,65,114,33,20,7,41,144,280
butlegr01,Greg Butler,CENTER,22,NEW YORK KNICKS,33,0,140,20,48,0,3,16,20,9,19,2,1,2,17,28,56
cagemi01,Michael Cage,POWER FORWARD,27,SEATTLE SUPERSONICS,80,71,2536,314,630,0,4,197,265,276,489,126,92,52,124,184,825
campbto01,Tony Campbell,SMALL FORWARD,26,LOS ANGELES LAKERS,63,2,787,158,345,2,21,70,83,53,77,47,37,6,62,108,388
carran01,Antoine Carr,POWER FORWARD,27,ATLANTA HAWKS,78,12,1488,226,471,0,1,130,152,106,168,91,31,62,82,221,582
carrojo01,Joe Barry Carroll,CENTER,30,NEW JERSEY NETS,64,62,1996,363,810,0,0,176,220,118,355,105,71,81,143,193,902
cartwbi01,Bill Cartwright,CENTER,31,CHICAGO BULLS,78,76,2333,365,768,0,0,236,308,152,369,90,21,41,190,234,966
catlete01,Terry Catledge,POWER FORWARD,25,WASHINGTON BULLETS,79,77,2077,334,681,1,5,153,254,230,342,75,46,25,120,250,822
cavenro01,Ron Cavenall,CENTER,29,NEW JERSEY NETS,5,0,16,2,3,0,0,2,5,0,2,0,0,2,2,2,6
chambto01,Tom Chambers,POWER FORWARD,29,PHOENIX SUNS,81,81,3002,774,1643,28,86,509,598,143,541,231,87,55,231,271,2085
champmi01,Mike Champion,SMALL FORWARD,24,SEATTLE SUPERSONICS,2,0,4,0,3,0,1,0,0,0,0,0,0,0,1,2,0
chapmre01,Rex Chapman,SHOOTING GUARD,21,CHARLOTTE HORNETS,75,44,2219,526,1271,60,191,155,195,74,113,176,70,25,113,167,1267
cheekma01,Maurice Cheeks,POINT GUARD,32,PHILADELPHIA 76ERS,71,70,2298,336,696,1,13,151,195,39,144,554,105,17,116,114,824
chievde01,Derrick Chievous,SMALL FORWARD,21,HOUSTON ROCKETS,81,1,1539,277,634,5,24,191,244,114,142,77,48,11,136,161,750
colembe01,Ben Coleman,POWER FORWARD,27,PHILADELPHIA 76ERS,58,11,703,117,241,0,0,61,77,49,128,17,10,18,48,120,295
coltest01,Steve Colter,POINT GUARD,26,WASHINGTON BULLETS,80,5,1425,203,457,3,25,125,167,62,120,225,69,14,64,158,534
comegda01,Dallas Comegys,POWER FORWARD,24,SAN ANTONIO SPURS,67,10,1119,166,341,0,2,106,161,112,122,30,42,63,85,160,438
connele01,Lester Conner,POINT GUARD,29,NEW JERSEY NETS,82,63,2532,309,676,13,37,212,269,100,255,604,181,5,181,132,843
cookda01,Darwin Cook,SHOOTING GUARD,30,SAN ANTONIO SPURS,36,0,757,147,315,6,31,46,56,21,38,84,43,4,62,77,346
cookda01,Darwin Cook,SHOOTING GUARD,30,DENVER NUGGETS,30,4,386,71,163,2,10,17,22,13,35,43,28,6,26,44,161
coopemi01,Michael Cooper,SHOOTING GUARD,32,LOS ANGELES LAKERS,80,13,1943,213,494,80,210,81,93,33,158,314,72,32,94,186,587
coopewa01,Wayne Cooper,CENTER,32,DENVER NUGGETS,79,72,1864,220,444,1,4,79,106,212,407,78,36,211,73,302,520
corbity01,Tyrone Corbin,SMALL FORWARD,26,PHOENIX SUNS,77,30,1655,245,454,0,2,141,179,176,222,118,82,13,92,222,631
corzida01,Dave Corzine,CENTER,32,CHICAGO BULLS,81,7,1483,203,440,2,8,71,96,92,223,103,29,45,93,134,479
critewi01,Winston Crite,SMALL FORWARD,23,PHOENIX SUNS,2,0,6,0,3,0,0,0,0,1,0,0,0,0,1,1,0
cummipa01,Pat Cummings,POWER FORWARD,32,MIAMI HEAT,53,28,1096,197,394,0,2,72,97,84,197,47,29,18,111,160,466
cummite01,Terry Cummings,SMALL FORWARD,27,MILWAUKEE BUCKS,80,78,2824,730,1563,7,15,362,460,281,369,198,106,72,201,265,1829
curetea01,Earl Cureton,CENTER,31,CHARLOTTE HORNETS,82,41,2047,233,465,0,1,66,123,188,300,130,50,61,114,230,532
curryde01,Dell Curry,SHOOTING GUARD,24,CHARLOTTE HORNETS,48,0,813,256,521,19,55,40,46,26,78,50,42,4,44,68,571
dailequ01,Quintin Dailey,SHOOTING GUARD,28,LOS ANGELES CLIPPERS,69,51,1722,448,964,1,9,217,286,69,135,154,90,6,122,152,1114
dantlad01,Adrian Dantley,SMALL FORWARD,33,DETROIT PISTONS,42,42,1341,258,495,0,0,256,305,53,111,93,23,6,81,99,772
dantlad01,Adrian Dantley,SMALL FORWARD,33,DALLAS MAVERICKS,31,25,1081,212,459,0,1,204,263,64,89,78,20,7,82,87,628
daughbr01,Brad Daugherty,CENTER,23,CLEVELAND CAVALIERS,78,78,2821,544,1012,1,3,386,524,167,551,285,63,40,230,175,1475
davisbr01,Brad Davis,POINT GUARD,33,DALLAS MAVERICKS,78,4,1395,183,379,32,102,99,123,14,94,242,48,18,92,151,497
davisch02,Charles Davis,SMALL FORWARD,30,CHICAGO BULLS,49,3,545,81,190,4,15,19,26,47,67,31,11,5,22,58,185
davisma01,Mark Davis,SMALL FORWARD,25,PHOENIX SUNS,2,0,7,1,5,0,1,2,2,1,0,0,0,0,0,1,4
davisma01,Mark Davis,SMALL FORWARD,25,MILWAUKEE BUCKS,31,0,251,48,97,1,9,26,32,15,21,14,13,5,12,38,123
daviswa03,Walter Davis,SHOOTING GUARD,34,DENVER NUGGETS,81,0,1857,536,1076,20,69,175,199,41,110,190,72,5,132,187,1267
dawkida01,Darryl Dawkins,CENTER,32,DETROIT PISTONS,14,0,48,9,19,0,0,9,18,3,4,1,0,1,4,13,27
dawkijo01,Johnny Dawkins,POINT GUARD,25,SAN ANTONIO SPURS,32,30,1083,177,400,0,4,100,112,32,69,224,55,0,111,64,454
delnevi01,Vinny Del Negro,SHOOTING GUARD,22,SACRAMENTO KINGS,80,2,1556,239,503,6,20,85,100,48,123,206,65,14,77,160,569
dembofe01,Fennis Dembo,SMALL FORWARD,23,DETROIT PISTONS,31,0,74,14,42,0,4,8,10,8,15,5,1,0,7,15,36
donalja01,James Donaldson,CENTER,31,DALLAS MAVERICKS,53,53,1746,193,337,0,0,95,124,158,412,38,24,81,83,111,481
dreilgr01,Greg Dreiling,CENTER,26,INDIANA PACERS,53,4,396,43,77,0,0,43,64,39,53,18,5,11,39,100,129
drexlcl01,Clyde Drexler,SHOOTING GUARD,26,PORTLAND TRAIL BLAZERS,78,78,3064,829,1672,27,104,438,548,289,326,450,213,54,250,269,2123
duckwke01,Kevin Duckworth,CENTER,24,PORTLAND TRAIL BLAZERS,79,79,2662,554,1161,0,2,324,428,246,389,60,56,49,200,300,1432
dudlech02,Chris Dudley,CENTER,23,CLEVELAND CAVALIERS,61,2,544,73,168,0,1,39,107,72,85,21,9,23,44,82,185
dumarjo01,Joe Dumars,SHOOTING GUARD,25,DETROIT PISTONS,69,67,2408,456,903,14,29,260,306,57,115,390,63,5,178,103,1186
dunlemi01,Mike Dunleavy,POINT GUARD,34,MILWAUKEE BUCKS,2,0,5,1,2,1,2,0,0,0,0,0,0,0,0,0,3
dunntr01,T.R. Dunn,SHOOTING GUARD,33,PHOENIX SUNS,34,1,321,12,35,0,0,9,12,30,30,25,12,1,6,35,33
eacklle01,Ledell Eackles,SHOOTING GUARD,22,WASHINGTON BULLETS,80,6,1459,318,732,9,40,272,346,100,80,123,41,5,128,156,917
eatonma01,Mark Eaton,CENTER,32,UTAH JAZZ,82,82,2914,188,407,0,0,132,200,227,616,83,40,315,142,290,508
edwarja01,James Edwards,CENTER,33,DETROIT PISTONS,76,1,1254,211,422,0,2,133,194,68,163,49,11,31,72,226,555
edwarke01,Kevin Edwards,SHOOTING GUARD,23,MIAMI HEAT,79,62,2349,470,1105,10,37,144,193,85,177,349,139,27,246,154,1094
ehlocr01,Craig Ehlo,SHOOTING GUARD,27,CLEVELAND CAVALIERS,82,4,1867,249,524,39,100,71,117,100,195,266,110,19,116,161,608
ellisda01,Dale Ellis,SHOOTING GUARD,28,SEATTLE SUPERSONICS,82,82,3190,857,1710,162,339,377,462,156,186,164,108,22,218,197,2253
englewa01,Wayne Engelstad,POWER FORWARD,23,DENVER NUGGETS,11,0,50,11,29,0,0,6,10,5,11,7,1,0,3,12,28
englial01,Alex English,SMALL FORWARD,35,DENVER NUGGETS,82,82,2990,924,1881,2,8,325,379,148,178,383,66,12,198,174,2175
ewingpa01,Patrick Ewing,CENTER,26,NEW YORK KNICKS,80,80,2896,727,1282,0,6,361,484,213,527,188,117,281,266,311,1815
farmeji01,Jim Farmer,SHOOTING GUARD,24,UTAH JAZZ,37,0,412,57,142,9,20,29,41,22,33,28,9,0,26,41,152
feitlda01,Dave Feitl,CENTER,26,WASHINGTON BULLETS,57,36,828,116,266,0,1,54,65,69,133,36,17,18,65,136,286
ferrero01,Rolando Ferreira,CENTER,24,PORTLAND TRAIL BLAZERS,12,0,34,1,18,0,0,7,8,4,9,1,0,1,6,7,9
ferredu01,Duane Ferrell,SMALL FORWARD,23,ATLANTA HAWKS,41,0,231,35,83,0,0,30,44,19,22,10,7,6,12,33,100
flemive01,Vern Fleming,POINT GUARD,26,INDIANA PACERS,76,69,2552,419,814,3,23,243,304,85,225,494,77,12,192,212,1084
floydsl01,Sleepy Floyd,POINT GUARD,28,HOUSTON ROCKETS,82,82,2788,396,893,109,292,261,309,48,258,709,124,11,253,196,1162
frankte01,Tellis Frank,POWER FORWARD,23,GOLDEN STATE WARRIORS,32,2,245,34,91,0,1,39,51,26,35,15,14,6,29,59,107
fredean01,Anthony Frederick,SMALL FORWARD,24,INDIANA PACERS,46,0,313,63,125,2,5,24,34,26,26,20,14,6,34,59,152
gaineco01,Corey Gaines,SHOOTING GUARD,23,NEW JERSEY NETS,32,0,337,27,64,1,5,12,16,3,16,67,15,1,20,27,67
gamblke01,Kevin Gamble,SMALL FORWARD,23,BOSTON CELTICS,44,6,375,75,136,2,11,35,55,11,31,34,14,3,19,40,187
garlawi01,Winston Garland,POINT GUARD,24,GOLDEN STATE WARRIORS,79,79,2661,466,1074,10,43,203,251,101,227,505,175,14,187,216,1145
garrito01,Tom Garrick,SHOOTING GUARD,22,LOS ANGELES CLIPPERS,71,20,1499,176,359,0,13,102,127,37,119,243,78,9,116,141,454
gattike01,Kenny Gattison,POWER FORWARD,24,PHOENIX SUNS,2,0,9,0,1,0,0,1,2,0,1,0,0,0,0,2,1
gillebe01,Ben Gillery,CENTER,23,SACRAMENTO KINGS,24,0,84,6,19,0,0,13,23,7,16,2,2,4,5,29,25
gilliar01,Armen Gilliam,POWER FORWARD,24,PHOENIX SUNS,74,60,2120,468,930,0,0,240,323,165,376,52,54,27,140,176,1176
gminsmi01,Mike Gminski,CENTER,29,PHILADELPHIA 76ERS,82,82,2739,556,1166,0,6,297,341,213,556,138,46,106,129,142,1409
gondrgr01,Grant Gondrezick,SHOOTING GUARD,26,LOS ANGELES CLIPPERS,27,0,244,38,95,3,11,26,40,15,21,34,13,1,17,36,105
grahaor01,Orlando Graham,POWER FORWARD,23,GOLDEN STATE WARRIORS,7,0,22,3,10,0,0,2,4,8,3,0,0,0,2,6,8
grandro01,Ron Grandison,POWER FORWARD,24,BOSTON CELTICS,72,0,528,59,142,0,10,59,80,47,45,42,18,3,36,71,177
grantga01,Gary Grant,POINT GUARD,23,LOS ANGELES CLIPPERS,71,48,1924,361,830,5,22,119,162,80,158,506,144,9,258,170,846
grantha01,Harvey Grant,POWER FORWARD,23,WASHINGTON BULLETS,71,1,1193,181,390,0,1,34,57,75,88,79,35,29,28,147,396
grantho01,Horace Grant,POWER FORWARD,23,CHICAGO BULLS,79,79,2809,405,781,0,5,140,199,240,441,168,86,62,128,251,950
grayst01,Stuart Gray,CENTER,25,INDIANA PACERS,72,0,783,72,153,0,1,44,64,84,161,29,11,21,48,128,188
graysy01,Sylvester Gray,SMALL FORWARD,21,MIAMI HEAT,55,15,1220,167,398,1,4,105,156,117,169,117,36,25,102,144,440
grayeje01,Jeff Grayer,SHOOTING GUARD,23,MILWAUKEE BUCKS,11,2,200,32,73,0,2,17,20,14,21,22,10,1,19,15,81
greenac01,A.C. Green,POWER FORWARD,25,LOS ANGELES LAKERS,82,82,2510,401,758,4,17,282,359,258,481,103,94,55,119,172,1088
greenri01,Rickey Green,POINT GUARD,34,CHARLOTTE HORNETS,33,2,370,57,132,1,5,13,14,4,19,82,18,0,28,16,128
greenri01,Rickey Green,POINT GUARD,34,MILWAUKEE BUCKS,30,0,501,72,132,2,6,17,19,7,39,105,22,2,33,19,163
greensi02,Sidney Green,POWER FORWARD,28,NEW YORK KNICKS,82,0,1277,194,422,0,3,129,170,157,237,76,47,18,125,172,517
greenda01,Dave Greenwood,POWER FORWARD,31,SAN ANTONIO SPURS,38,15,912,105,247,0,0,84,105,92,146,55,30,24,55,123,294
greenda01,Dave Greenwood,POWER FORWARD,31,DENVER NUGGETS,29,3,491,62,148,0,0,48,71,48,116,41,17,28,36,78,172
griffda01,Darrell Griffith,SHOOTING GUARD,30,UTAH JAZZ,82,73,2382,466,1045,61,196,142,182,77,253,130,86,22,141,175,1135
gudmupe01,Pétur Guðmundsson,CENTER,30,SAN ANTONIO SPURS,5,3,70,9,25,0,0,3,4,5,11,5,1,1,8,15,21
haleyja01,Jack Haley,POWER FORWARD,25,CHICAGO BULLS,51,1,289,37,78,0,0,36,46,21,50,10,11,0,26,56,110
hansebo01,Bob Hansen,SHOOTING GUARD,28,UTAH JAZZ,46,9,964,140,300,19,54,42,75,29,99,50,37,6,43,105,341
hanzlbi01,Bill Hanzlik,POWER FORWARD,31,DENVER NUGGETS,41,0,701,66,151,1,5,68,87,18,75,86,25,5,53,82,201
harpede01,Derek Harper,POINT GUARD,27,DALLAS MAVERICKS,81,81,2968,538,1127,99,278,229,284,46,182,570,172,41,205,219,1404
harpero01,Ron Harper,SHOOTING GUARD,25,CLEVELAND CAVALIERS,82,82,2851,587,1149,29,116,323,430,122,287,434,185,74,230,224,1526
harrist01,Steve Harris,SHOOTING GUARD,25,DETROIT PISTONS,3,0,7,1,4,0,0,2,2,0,2,0,1,0,0,1,4
hastisc01,Scott Hastings,CENTER,28,MIAMI HEAT,75,6,1206,143,328,9,28,91,107,72,159,59,32,42,68,203,386
hawkihe01,Hersey Hawkins,SHOOTING GUARD,22,PHILADELPHIA 76ERS,79,79,2577,442,971,71,166,241,290,51,174,239,120,37,158,184,1196
hendege01,Gerald Henderson,POINT GUARD,33,PHILADELPHIA 76ERS,65,0,986,144,348,33,107,104,127,17,51,140,42,3,73,121,425
higgiro01,Rod Higgins,POWER FORWARD,29,GOLDEN STATE WARRIORS,81,1,1887,301,633,66,168,188,229,111,265,160,39,42,76,172,856
hinsoro01,Roy Hinson,SMALL FORWARD,27,NEW JERSEY NETS,82,39,2542,495,1027,0,2,318,420,152,370,71,34,121,165,298,1308
hodgecr01,Craig Hodges,SHOOTING GUARD,28,PHOENIX SUNS,10,0,92,16,36,4,12,3,4,2,3,8,2,0,5,8,39
hodgecr01,Craig Hodges,SHOOTING GUARD,28,CHICAGO BULLS,49,6,1112,187,394,71,168,45,53,21,63,138,41,4,52,82,490
holtomi01,Michael Holton,POINT GUARD,27,CHARLOTTE HORNETS,67,60,1696,215,504,3,14,120,143,30,75,424,66,12,119,165,553
hoppeda01,Dave Hoppen,CENTER,24,CHARLOTTE HORNETS,77,36,1419,199,353,1,2,101,139,123,261,57,25,21,77,239,500
hopsode01,Dennis Hopson,SHOOTING GUARD,23,NEW JERSEY NETS,62,36,1551,299,714,4,27,186,219,91,111,103,70,30,102,150,788
horfoti01,Tito Horford,CENTER,23,MILWAUKEE BUCKS,25,0,112,15,46,0,0,12,19,9,13,3,1,7,15,14,42
hornaje01,Jeff Hornacek,SHOOTING GUARD,25,PHOENIX SUNS,78,73,2487,440,889,27,81,147,178,75,191,465,129,8,111,188,1054
hubbaph01,Phil Hubbard,SMALL FORWARD,32,CLEVELAND CAVALIERS,31,0,191,28,63,0,0,17,25,14,26,11,6,0,9,20,73
hugheed01,Eddie Hughes,POINT GUARD,28,DENVER NUGGETS,26,1,224,28,64,7,22,7,12,6,13,35,17,2,11,30,70
humphja01,Jay Humphries,POINT GUARD,26,MILWAUKEE BUCKS,73,50,2220,345,714,25,94,129,158,70,119,405,142,5,160,187,844
iavarma01,Marc Iavaroni,POWER FORWARD,32,UTAH JAZZ,77,50,796,72,163,0,1,36,44,41,91,32,11,13,52,99,180
jacksma01,Mark Jackson,POINT GUARD,23,NEW YORK KNICKS,72,72,2477,479,1025,81,240,180,258,106,235,619,139,7,226,163,1219
jacksmi02,Michael Jackson,POINT GUARD,24,SACRAMENTO KINGS,14,0,70,9,24,2,6,1,2,1,3,11,3,0,4,12,21
johnsav01,Avery Johnson,POINT GUARD,23,SEATTLE SUPERSONICS,43,0,291,29,83,1,9,9,16,11,13,73,21,3,18,34,68
johnsbu01,Buck Johnson,SMALL FORWARD,25,HOUSTON ROCKETS,67,51,1850,270,515,1,9,101,134,114,172,126,64,35,110,213,642
johnsde01,Dennis Johnson,POINT GUARD,34,BOSTON CELTICS,72,72,2309,277,638,7,50,160,195,31,159,472,94,21,175,211,721
johnsed03,Eddie Johnson,SMALL FORWARD,29,PHOENIX SUNS,70,7,2043,608,1224,71,172,217,250,91,215,162,47,7,122,198,1504
johnsfr01,Frank Johnson,POINT GUARD,30,HOUSTON ROCKETS,67,0,879,109,246,1,6,75,93,22,57,181,42,0,102,91,294
johnske02,Kevin Johnson,POINT GUARD,22,PHOENIX SUNS,81,81,3179,570,1128,2,22,508,576,46,294,991,135,24,322,226,1650
johnsma02,Magic Johnson,POINT GUARD,29,LOS ANGELES LAKERS,77,77,2886,579,1137,59,188,513,563,111,496,988,138,22,312,172,1730
johnsst03,Steve Johnson,CENTER,31,PORTLAND TRAIL BLAZERS,72,11,1477,296,565,0,0,129,245,135,223,105,20,44,140,254,721
johnsvi01,Vinnie Johnson,SHOOTING GUARD,32,DETROIT PISTONS,82,21,2073,462,996,13,44,193,263,109,146,242,74,17,105,155,1130
jonesan01,Anthony Jones,SHOOTING GUARD,26,CHICAGO BULLS,8,0,65,5,15,0,1,2,2,4,4,4,2,1,1,7,12
jonesan01,Anthony Jones,SHOOTING GUARD,26,DALLAS MAVERICKS,25,0,131,24,64,4,15,12,14,10,10,13,9,2,4,13,64
jonesbi01,Bill Jones,POWER FORWARD,22,NEW JERSEY NETS,37,0,307,50,102,0,1,29,43,20,27,20,17,6,18,38,129
jonesca01,Caldwell Jones,POWER FORWARD,38,PORTLAND TRAIL BLAZERS,72,40,1279,77,183,0,1,48,61,88,212,59,24,85,83,166,202
jonesch01,Charles Jones,CENTER,31,WASHINGTON BULLETS,53,45,1154,60,125,0,1,16,25,77,180,42,39,76,39,187,136
jonesch02,Charles Jones,POWER FORWARD,27,WASHINGTON BULLETS,43,0,516,38,82,1,3,33,53,54,86,18,18,16,22,49,110
jonessh01,Shelton Jones,SMALL FORWARD,22,SAN ANTONIO SPURS,7,0,92,9,25,0,0,8,13,6,10,7,2,2,7,8,26
jonessh01,Shelton Jones,SMALL FORWARD,22,GOLDEN STATE WARRIORS,2,0,13,3,5,0,0,0,0,2,0,2,3,0,1,0,6
jonessh01,Shelton Jones,SMALL FORWARD,22,PHILADELPHIA 76ERS,42,34,577,81,179,0,1,50,67,24,71,33,16,13,39,50,212
jordami01,Michael Jordan,SHOOTING GUARD,25,CHICAGO BULLS,81,81,3255,966,1795,27,98,674,793,149,503,650,234,65,290,247,2633
kemptti01,Tim Kempton,POWER FORWARD,25,CHARLOTTE HORNETS,79,0,1341,171,335,0,1,142,207,91,213,102,41,14,121,215,484
kerrst01,Steve Kerr,POINT GUARD,23,PHOENIX SUNS,26,0,157,20,46,8,17,6,9,3,14,24,7,0,6,12,54
kerseje01,Jerome Kersey,SMALL FORWARD,26,PORTLAND TRAIL BLAZERS,76,76,2716,533,1137,6,21,258,372,246,383,243,137,84,167,277,1330
keysra01,Randolph Keys,SMALL FORWARD,22,CLEVELAND CAVALIERS,42,0,331,74,172,1,10,20,29,23,33,19,12,6,21,51,169
kingal01,Albert King,SMALL FORWARD,29,SAN ANTONIO SPURS,46,11,791,141,327,8,32,37,48,33,107,79,27,7,74,97,327
kingbe01,Bernard King,SMALL FORWARD,32,WASHINGTON BULLETS,81,81,2559,654,1371,5,30,361,441,133,251,294,64,13,227,219,1674
kitegr01,Greg Kite,CENTER,27,LOS ANGELES CLIPPERS,58,12,729,49,121,0,0,14,31,66,124,29,23,46,46,118,112
kitegr01,Greg Kite,CENTER,27,CHARLOTTE HORNETS,12,12,213,16,30,0,0,6,10,15,38,7,4,8,12,43,38
kleinjo01,Joe Kleine,CENTER,27,SACRAMENTO KINGS,47,11,913,116,303,0,1,81,88,75,166,35,18,18,67,126,313
kleinjo01,Joe Kleine,CENTER,27,BOSTON CELTICS,28,2,498,59,129,0,1,53,64,49,88,32,15,5,37,66,171
kofoeba01,Bart Kofoed,SHOOTING GUARD,24,UTAH JAZZ,19,0,176,12,33,0,1,6,11,4,7,20,9,0,13,22,30
koncajo01,Jon Koncak,CENTER,25,ATLANTA HAWKS,74,22,1531,141,269,0,3,63,114,147,306,56,54,98,60,238,345
krystla01,Larry Krystkowiak,POWER FORWARD,24,MILWAUKEE BUCKS,80,77,2472,362,766,4,12,289,351,198,412,107,93,9,147,219,1017
laimbbi01,Bill Laimbeer,CENTER,31,DETROIT PISTONS,81,81,2640,449,900,30,86,178,212,138,638,177,51,100,129,259,1106
lampje01,Jeff Lamp,SMALL FORWARD,29,LOS ANGELES LAKERS,37,0,176,27,69,2,4,4,5,6,28,15,8,2,16,27,60
laneje01,Jerome Lane,POWER FORWARD,22,DENVER NUGGETS,54,1,550,109,256,0,7,43,112,87,113,60,20,4,50,105,261
langan01,Andrew Lang,CENTER,22,PHOENIX SUNS,62,25,526,60,117,0,0,39,60,54,93,9,17,48,28,112,159
leaveal01,Allen Leavell,SHOOTING GUARD,31,HOUSTON ROCKETS,55,3,627,65,188,5,41,44,60,13,40,127,25,5,62,61,179
leckner01,Eric Leckner,CENTER,22,UTAH JAZZ,75,0,779,120,220,0,0,79,113,48,151,16,8,22,69,174,319
leeke01,Keith Lee,POWER FORWARD,26,NEW JERSEY NETS,57,4,840,109,258,0,2,53,71,73,186,42,20,33,53,138,271
lesji01,Jim Les,POINT GUARD,25,UTAH JAZZ,82,0,781,40,133,1,14,57,73,23,64,215,27,5,88,88,138
leverfa01,Fat Lever,SHOOTING GUARD,28,DENVER NUGGETS,71,71,2745,558,1221,23,66,270,344,187,475,559,195,20,157,178,1409
levincl01,Cliff Levingston,POWER FORWARD,28,ATLANTA HAWKS,80,52,2184,300,568,1,5,133,191,194,304,75,97,70,105,270,734
lewisra01,Ralph Lewis,SMALL FORWARD,25,CHARLOTTE HORNETS,42,0,336,58,121,1,3,19,39,35,26,15,11,3,24,28,136
lewisre01,Reggie Lewis,SMALL FORWARD,23,BOSTON CELTICS,81,57,2657,604,1242,3,22,284,361,116,261,218,124,72,142,258,1495
listeal01,Alton Lister,CENTER,30,SEATTLE SUPERSONICS,82,82,1806,271,543,0,0,115,178,207,338,54,28,180,117,310,657
lockro01,Rob Lock,POWER FORWARD,22,LOS ANGELES CLIPPERS,20,0,110,9,32,0,0,12,15,14,18,4,3,4,13,15,30
lohaubr01,Brad Lohaus,POWER FORWARD,24,BOSTON CELTICS,48,15,738,117,270,0,4,35,46,47,95,49,21,26,49,101,269
lohaubr01,Brad Lohaus,POWER FORWARD,24,SACRAMENTO KINGS,29,10,476,93,216,1,7,46,57,37,77,17,9,30,28,60,233
longgr01,Grant Long,POWER FORWARD,22,MIAMI HEAT,82,73,2435,336,692,0,5,304,406,240,306,149,122,48,201,337,976
longjo01,John Long,SHOOTING GUARD,32,INDIANA PACERS,44,1,767,128,319,8,20,59,63,16,50,65,29,1,48,68,323
longjo01,John Long,SHOOTING GUARD,32,DETROIT PISTONS,24,0,152,19,40,0,0,11,13,2,9,15,0,2,9,16,49
lowesi01,Sidney Lowe,SHOOTING GUARD,29,CHARLOTTE HORNETS,14,0,250,8,25,0,2,7,11,6,28,93,14,0,9,28,23
lucasjo01,John Lucas,POINT GUARD,35,SEATTLE SUPERSONICS,74,8,842,119,299,18,68,54,77,22,57,260,60,1,66,53,310
mahorri01,Rick Mahorn,POWER FORWARD,30,DETROIT PISTONS,72,61,1795,203,393,0,2,116,155,141,355,59,40,66,97,206,522
majerda01,Dan Majerle,SHOOTING GUARD,23,PHOENIX SUNS,54,5,1354,181,432,27,82,78,127,62,147,130,63,14,48,139,467
malonje01,Jeff Malone,SHOOTING GUARD,27,WASHINGTON BULLETS,76,75,2418,677,1410,1,19,296,340,55,124,219,39,14,165,155,1651
malonka01,Karl Malone,POWER FORWARD,25,UTAH JAZZ,80,80,3126,809,1559,5,16,703,918,259,594,219,144,70,285,286,2326
malonmo01,Moses Malone,CENTER,33,ATLANTA HAWKS,81,80,2878,538,1096,0,12,561,711,386,570,112,79,100,245,154,1637
mannida01,Danny Manning,POWER FORWARD,22,LOS ANGELES CLIPPERS,26,18,950,177,358,1,5,79,103,70,101,81,44,25,93,89,434
mannipa01,Pace Mannion,SMALL FORWARD,28,DETROIT PISTONS,5,0,14,2,2,0,0,0,0,0,3,0,1,0,0,3,4
mannipa01,Pace Mannion,SMALL FORWARD,28,ATLANTA HAWKS,5,0,18,2,6,0,2,0,0,0,2,2,2,0,3,2,4
maxweve01,Vernon Maxwell,SHOOTING GUARD,23,SAN ANTONIO SPURS,79,36,2065,357,827,32,129,181,243,49,153,301,86,8,178,136,927
mccorti01,Tim McCormick,CENTER,26,HOUSTON ROCKETS,81,0,1257,169,351,0,4,87,129,87,174,54,18,24,68,193,425
mccraro01,Rodney McCray,SMALL FORWARD,27,SACRAMENTO KINGS,68,65,2435,340,729,5,22,169,234,143,371,293,57,36,168,121,854
mcdanxa01,Xavier McDaniel,SMALL FORWARD,25,SEATTLE SUPERSONICS,82,10,2385,677,1385,11,36,312,426,177,256,134,84,40,210,231,1677
mcdonbe01,Ben McDonald,POWER FORWARD,26,GOLDEN STATE WARRIORS,11,0,103,13,19,0,0,9,15,4,8,5,4,0,3,11,35
mcgeemi01,Mike McGee,SHOOTING GUARD,29,NEW JERSEY NETS,80,49,2027,434,917,93,255,77,144,73,116,116,80,12,124,184,1038
mchalke01,Kevin McHale,POWER FORWARD,31,BOSTON CELTICS,78,74,2876,661,1211,0,4,436,533,223,414,172,26,97,196,223,1758
mckeyde01,Derrick McKey,SMALL FORWARD,22,SEATTLE SUPERSONICS,82,82,2804,487,970,30,89,301,375,167,297,219,105,70,188,264,1305
mcmilna01,Nate McMillan,POINT GUARD,24,SEATTLE SUPERSONICS,75,74,2341,199,485,15,70,119,189,143,245,696,156,42,211,236,532
mcnamma01,Mark McNamara,CENTER,29,LOS ANGELES LAKERS,39,0,318,32,64,0,0,49,78,38,62,10,4,3,24,51,113
millere01,Reggie Miller,SHOOTING GUARD,23,INDIANA PACERS,74,70,2536,398,831,98,244,287,340,73,219,227,93,29,143,170,1181
mitchto01,Todd Mitchell,SMALL FORWARD,22,MIAMI HEAT,22,0,320,41,88,0,0,36,60,17,30,20,15,2,29,49,118
mitchto01,Todd Mitchell,SMALL FORWARD,22,SAN ANTONIO SPURS,2,0,33,2,9,0,0,1,4,1,2,1,1,0,4,2,5
mokespa01,Paul Mokeski,CENTER,32,MILWAUKEE BUCKS,74,0,690,59,164,7,26,40,51,63,124,36,29,21,35,153,165
moncrsi01,Sidney Moncrief,POINT GUARD,31,MILWAUKEE BUCKS,62,50,1594,261,532,25,73,205,237,46,126,188,65,13,94,114,752
morrich01,Chris Morris,SMALL FORWARD,23,NEW JERSEY NETS,76,48,2096,414,905,64,175,182,254,188,209,119,102,60,190,250,1074
mortori01,Richard Morton,POINT GUARD,22,INDIANA PACERS,2,0,11,3,4,0,0,0,0,0,0,1,0,0,1,2,6
mullich01,Chris Mullin,SMALL FORWARD,25,GOLDEN STATE WARRIORS,82,82,3093,830,1630,23,100,493,553,152,331,415,176,39,296,178,2176
myerspe01,Pete Myers,SHOOTING GUARD,25,PHILADELPHIA 76ERS,4,0,40,6,12,0,0,2,4,3,7,2,3,0,4,3,14
myerspe01,Pete Myers,SHOOTING GUARD,25,NEW YORK KNICKS,29,0,230,25,61,0,2,31,44,12,11,46,17,2,19,41,81
nancela01,Larry Nance,POWER FORWARD,29,CLEVELAND CAVALIERS,73,72,2526,496,920,0,4,267,334,156,425,159,57,206,117,186,1259
nattca01,Calvin Natt,SMALL FORWARD,32,DENVER NUGGETS,14,0,168,22,50,0,1,22,31,12,34,7,6,1,11,13,66
nattca01,Calvin Natt,SMALL FORWARD,32,SAN ANTONIO SPURS,10,0,185,25,66,0,0,35,48,16,16,11,2,2,19,19,85
nealcr01,Craig Neal,POINT GUARD,24,PORTLAND TRAIL BLAZERS,21,0,159,11,35,2,9,1,2,3,8,32,9,0,14,24,25
nealcr01,Craig Neal,POINT GUARD,24,MIAMI HEAT,32,0,341,34,88,8,25,13,21,4,14,86,15,4,40,46,89
nealyed01,Ed Nealy,POWER FORWARD,28,CHICAGO BULLS,13,0,94,5,7,0,0,1,2,4,19,6,3,1,1,23,11
nealyed01,Ed Nealy,POWER FORWARD,28,PHOENIX SUNS,30,0,164,8,29,0,2,3,7,18,37,8,4,0,6,22,19
nevitch01,Chuck Nevitt,CENTER,29,HOUSTON ROCKETS,43,0,228,27,62,0,0,11,16,17,47,3,5,29,22,51,65
newmajo01,Johnny Newman,SMALL FORWARD,25,NEW YORK KNICKS,81,80,2336,455,957,97,287,286,351,93,113,162,111,23,153,259,1293
nixonno01,Norm Nixon,POINT GUARD,33,LOS ANGELES CLIPPERS,53,30,1318,153,370,8,29,48,65,13,65,339,46,0,118,69,362
normake01,Ken Norman,SMALL FORWARD,24,LOS ANGELES CLIPPERS,80,79,3020,638,1271,4,21,170,270,245,422,277,106,66,206,223,1450
oaklech01,Charles Oakley,POWER FORWARD,25,NEW YORK KNICKS,82,82,2604,426,835,12,48,197,255,343,518,187,104,14,248,270,1061
olajuha01,Hakeem Olajuwon,CENTER,26,HOUSTON ROCKETS,82,82,3024,790,1556,0,10,454,652,338,767,149,213,282,275,329,2034
ortizjo01,José Ortiz,POWER FORWARD,25,UTAH JAZZ,51,15,327,55,125,0,1,31,52,30,28,11,8,7,36,40,141
parisro01,Robert Parish,CENTER,35,BOSTON CELTICS,80,80,2840,596,1045,0,0,294,409,342,654,175,79,116,200,209,1486
paxsoji02,Jim Paxson,POINT GUARD,31,BOSTON CELTICS,57,7,1138,202,445,4,24,84,103,18,56,107,38,8,57,96,492
paxsojo01,John Paxson,POINT GUARD,28,CHICAGO BULLS,78,20,1738,246,513,44,133,31,36,13,81,308,53,6,71,162,567
perduwi01,Will Perdue,CENTER,23,CHICAGO BULLS,30,0,190,29,72,0,0,8,14,18,27,11,4,6,15,38,66
perkisa01,Sam Perkins,POWER FORWARD,27,DALLAS MAVERICKS,78,77,2860,445,959,7,38,274,329,235,453,127,76,92,141,224,1171
perryti01,Tim Perry,CENTER,23,PHOENIX SUNS,62,15,614,108,201,1,4,40,65,61,71,18,19,32,37,47,257
persoch01,Chuck Person,SMALL FORWARD,24,INDIANA PACERS,80,79,3012,711,1453,63,205,243,307,144,372,289,83,18,308,280,1728
peterji01,Jim Petersen,CENTER,26,SACRAMENTO KINGS,66,40,1633,278,606,0,8,115,154,121,292,81,47,68,147,236,671
piercri01,Ricky Pierce,SHOOTING GUARD,29,MILWAUKEE BUCKS,75,4,2078,527,1018,8,36,255,297,82,115,156,77,19,112,193,1317
pincked01,Ed Pinckney,POWER FORWARD,25,SACRAMENTO KINGS,51,24,1334,224,446,0,6,177,221,106,195,74,54,43,81,125,625
pincked01,Ed Pinckney,POWER FORWARD,25,BOSTON CELTICS,29,9,678,95,176,0,0,103,129,60,88,44,29,23,38,77,293
pippesc01,Scottie Pippen,SMALL FORWARD,23,CHICAGO BULLS,73,56,2413,413,867,21,77,201,301,138,307,256,139,61,199,261,1048
polynol01,Olden Polynice,CENTER,24,SEATTLE SUPERSONICS,80,0,835,91,180,0,2,51,86,98,108,21,37,30,46,164,233
popsoda01,Dave Popson,POWER FORWARD,24,LOS ANGELES CLIPPERS,10,0,68,11,25,0,0,1,2,5,11,6,1,2,6,9,23
popsoda01,Dave Popson,POWER FORWARD,24,MIAMI HEAT,7,0,38,5,15,0,0,1,2,7,4,2,0,1,4,8,11
portete01,Terry Porter,POINT GUARD,25,PORTLAND TRAIL BLAZERS,81,81,3102,540,1146,79,219,272,324,85,282,770,146,8,248,187,1431
presspa01,Paul Pressey,SHOOTING GUARD,30,MILWAUKEE BUCKS,67,62,2170,307,648,12,55,187,241,73,189,439,119,44,184,221,813
pressdo01,Dominic Pressley,POINT GUARD,24,WASHINGTON BULLETS,10,0,107,8,25,0,0,5,9,3,11,22,4,0,11,9,21
pressdo01,Dominic Pressley,POINT GUARD,24,CHICAGO BULLS,3,0,17,1,6,0,2,0,0,0,1,4,0,0,0,2,2
pressha01,Harold Pressley,POWER FORWARD,25,SACRAMENTO KINGS,80,36,2257,383,873,119,295,96,123,216,269,174,93,76,124,215,981
pricema01,Mark Price,POINT GUARD,24,CLEVELAND CAVALIERS,75,74,2728,529,1006,93,211,263,292,48,178,631,115,7,212,98,1414
rambiku01,Kurt Rambis,POWER FORWARD,30,CHARLOTTE HORNETS,75,75,2233,325,627,0,3,182,248,269,434,159,100,57,148,208,832
rasmubl01,Blair Rasmussen,CENTER,26,DENVER NUGGETS,77,22,1308,257,577,0,0,69,81,105,182,49,29,41,49,194,583
reidro01,Robert Reid,SMALL FORWARD,33,CHARLOTTE HORNETS,82,54,2152,519,1214,17,52,152,196,82,220,153,53,20,106,235,1207
reynoje01,Jerry Reynolds,SHOOTING GUARD,26,SEATTLE SUPERSONICS,56,0,737,149,357,3,15,127,167,49,51,62,53,26,57,58,428
richmmi01,Mitch Richmond,SHOOTING GUARD,23,GOLDEN STATE WARRIORS,79,79,2717,649,1386,33,90,410,506,158,310,334,82,13,269,223,1741
rivasra01,Ramón Rivas,CENTER,22,BOSTON CELTICS,28,0,91,12,31,0,1,16,25,9,15,3,4,1,9,21,40
riverda01,David Rivers,POINT GUARD,24,LOS ANGELES LAKERS,47,0,440,49,122,1,6,35,42,13,30,106,23,9,61,50,134
riverdo01,Doc Rivers,POINT GUARD,27,ATLANTA HAWKS,76,76,2462,371,816,43,124,247,287,89,197,525,181,40,158,263,1032
roberfr01,Fred Roberts,POWER FORWARD,28,MILWAUKEE BUCKS,71,3,1251,155,319,3,14,104,129,68,141,66,36,23,80,126,417
roberal01,Alvin Robertson,SHOOTING GUARD,26,SAN ANTONIO SPURS,65,65,2287,465,962,9,45,183,253,157,227,393,197,36,231,259,1122
robincl01,Cliff Robinson,SMALL FORWARD,28,PHILADELPHIA 76ERS,14,13,416,90,187,0,1,32,44,19,56,32,17,2,34,37,212
rodmade01,Dennis Rodman,SMALL FORWARD,27,DETROIT PISTONS,82,8,2208,316,531,6,26,97,155,327,445,99,55,76,126,292,735
rollitr01,Tree Rollins,CENTER,33,CLEVELAND CAVALIERS,60,2,583,62,138,0,1,12,19,38,101,19,11,38,22,89,136
rosero01,Rob Rose,SHOOTING GUARD,24,LOS ANGELES CLIPPERS,2,0,3,0,1,0,0,0,0,1,1,0,0,0,0,0,0
rothsc01,Scott Roth,SMALL FORWARD,25,UTAH JAZZ,16,0,72,7,24,1,6,8,11,0,8,7,5,1,7,14,23
rothsc01,Scott Roth,SMALL FORWARD,25,SAN ANTONIO SPURS,47,3,464,52,143,2,10,52,76,20,36,48,19,4,33,55,158
rowinji01,Jim Rowinski,POWER FORWARD,28,DETROIT PISTONS,6,0,8,0,2,0,0,4,4,0,2,0,0,0,0,0,4
rowinji01,Jim Rowinski,CENTER,28,PHILADELPHIA 76ERS,3,0,7,1,2,0,0,1,2,1,2,0,0,0,0,0,3
rowsobr01,Brian Rowsom,POWER FORWARD,23,CHARLOTTE HORNETS,34,0,517,80,162,1,1,65,81,56,81,24,10,12,18,69,226
sallejo01,John Salley,POWER FORWARD,24,DETROIT PISTONS,67,21,1458,166,333,0,2,135,195,134,201,75,40,72,100,197,467
sampsra01,Ralph Sampson,CENTER,28,GOLDEN STATE WARRIORS,61,36,1086,164,365,3,8,62,95,105,202,77,31,65,90,170,393
sandemi01,Mike Sanders,SMALL FORWARD,28,CLEVELAND CAVALIERS,82,82,2102,332,733,3,10,97,135,98,209,133,89,32,104,230,764
schayda01,Danny Schayes,CENTER,29,DENVER NUGGETS,76,64,1918,317,607,3,9,332,402,142,358,105,42,81,160,320,969
schoeru01,Russ Schoene,POWER FORWARD,28,SEATTLE SUPERSONICS,69,1,774,135,349,42,110,46,57,58,107,36,37,24,48,136,358
schrede01,Detlef Schrempf,POWER FORWARD,26,DALLAS MAVERICKS,37,1,845,112,263,2,16,127,161,56,110,86,24,9,56,118,353
schrede01,Detlef Schrempf,POWER FORWARD,26,INDIANA PACERS,32,12,1005,162,315,5,19,146,189,70,159,93,29,10,77,102,475
scottby01,Byron Scott,SHOOTING GUARD,27,LOS ANGELES LAKERS,74,73,2605,588,1198,77,193,195,226,72,230,231,114,27,157,181,1448
seikaro01,Rony Seikaly,CENTER,23,MIAMI HEAT,78,62,1962,333,744,1,4,181,354,204,345,55,46,96,200,258,848
sellebr01,Brad Sellers,POWER FORWARD,26,CHICAGO BULLS,80,25,1732,231,476,3,6,86,101,85,142,99,35,69,72,176,551
shackch01,Charles Shackleford,CENTER,22,NEW JERSEY NETS,60,0,484,83,168,0,1,21,42,50,103,21,15,18,27,71,187
shaskjo01,John Shasky,CENTER,24,MIAMI HEAT,65,4,944,121,248,0,2,115,167,96,136,22,14,13,46,94,357
shawbr01,Brian Shaw,SHOOTING GUARD,22,BOSTON CELTICS,82,54,2301,297,686,0,13,109,132,119,257,472,78,27,188,211,703
shortpu01,Purvis Short,SMALL FORWARD,31,HOUSTON ROCKETS,65,16,1157,198,480,9,33,77,89,65,114,107,44,13,70,116,482
sichtje01,Jerry Sichting,POINT GUARD,32,PORTLAND TRAIL BLAZERS,25,1,390,46,104,3,12,7,8,9,20,59,15,0,25,17,102
sikmaja01,Jack Sikma,CENTER,33,MILWAUKEE BUCKS,80,80,2587,360,835,82,216,266,294,141,482,289,85,61,145,300,1068
skilesc01,Scott Skiles,POINT GUARD,24,INDIANA PACERS,80,13,1571,198,442,20,75,130,144,21,128,390,64,2,177,151,546
smartke01,Keith Smart,POINT GUARD,24,SAN ANTONIO SPURS,2,0,12,0,2,0,1,2,2,0,1,2,0,0,2,0,2
smithch01,Charles Smith,POWER FORWARD,23,LOS ANGELES CLIPPERS,71,56,2161,435,878,0,3,285,393,173,292,103,68,89,146,273,1155
smithde02,Derek Smith,SHOOTING GUARD,27,SACRAMENTO KINGS,29,20,600,111,276,3,15,64,95,30,51,60,19,8,44,64,289
smithde02,Derek Smith,SHOOTING GUARD,27,PHILADELPHIA 76ERS,36,18,695,105,220,4,16,65,93,31,55,68,24,15,44,100,279
smithke01,Kenny Smith,POINT GUARD,23,SACRAMENTO KINGS,81,81,3145,547,1183,46,128,263,357,49,177,621,102,7,249,173,1403
smithla01,Larry Smith,POWER FORWARD,31,GOLDEN STATE WARRIORS,80,78,1897,219,397,0,0,18,58,272,380,118,61,54,110,248,456
smithot01,Otis Smith,SHOOTING GUARD,25,GOLDEN STATE WARRIORS,80,5,1597,311,715,7,37,174,218,128,202,140,88,40,129,165,803
smitsri01,Rik Smits,CENTER,22,INDIANA PACERS,82,71,2041,386,746,0,1,184,255,185,315,70,37,151,130,310,956
smrekmi01,Mike Smrek,POWER FORWARD,26,SAN ANTONIO SPURS,43,18,623,72,153,0,0,49,76,42,87,12,13,58,48,102,193
sparrro01,Rory Sparrow,POINT GUARD,30,MIAMI HEAT,80,79,2613,444,982,18,74,94,107,55,161,429,103,17,204,168,1000
starkjo01,John Starks,SHOOTING GUARD,23,GOLDEN STATE WARRIORS,36,0,316,51,125,10,26,34,52,15,26,27,23,3,39,36,146
stephev01,Everette Stephens,POINT GUARD,22,INDIANA PACERS,35,0,209,23,72,2,10,17,22,11,12,37,9,4,29,22,65
steppbr01,Brook Steppe,POINT GUARD,29,PORTLAND TRAIL BLAZERS,27,2,244,33,78,5,9,32,37,13,19,16,11,1,13,32,103
stockjo01,John Stockton,POINT GUARD,26,UTAH JAZZ,82,82,3171,497,923,16,66,390,452,83,165,1118,263,14,308,241,1400
stricro02,Rod Strickland,POINT GUARD,22,NEW YORK KNICKS,81,10,1358,265,567,19,59,172,231,51,109,319,98,3,148,142,721
stroejo01,John Stroeder,POWER FORWARD,30,SAN ANTONIO SPURS,1,0,2,0,0,0,0,0,0,0,0,0,0,0,1,2,0
stroejo01,John Stroeder,POWER FORWARD,30,GOLDEN STATE WARRIORS,4,0,20,2,5,0,0,0,0,5,9,3,0,2,2,1,4
sumptba01,Barry Sumpter,POWER FORWARD,23,LOS ANGELES CLIPPERS,1,0,1,0,1,0,0,0,0,0,0,0,0,0,0,0,0
sundvjo01,Jon Sundvold,SHOOTING GUARD,27,MIAMI HEAT,68,8,1338,307,675,48,92,47,57,18,69,137,27,1,87,78,709
tarplro01,Roy Tarpley,POWER FORWARD,24,DALLAS MAVERICKS,19,6,591,131,242,0,1,66,96,77,141,17,28,30,45,70,328
tayloan01,Anthony Taylor,POINT GUARD,23,MIAMI HEAT,21,7,368,60,151,0,2,24,32,11,23,43,22,5,20,37,144
teaglte01,Terry Teagle,SMALL FORWARD,28,GOLDEN STATE WARRIORS,66,41,1569,409,859,2,12,182,225,110,153,96,79,17,116,173,1002
theusre01,Reggie Theus,SHOOTING GUARD,31,ATLANTA HAWKS,82,82,2517,497,1067,17,58,285,335,86,156,387,108,16,194,236,1296
thomais01,Isiah Thomas,POINT GUARD,27,DETROIT PISTONS,80,76,2924,569,1227,33,121,287,351,49,224,663,133,20,298,209,1458
thompbe01,Bernard Thompson,POWER FORWARD,26,HOUSTON ROCKETS,23,0,222,20,59,0,2,22,26,9,19,13,13,1,19,33,62
thompbi01,Billy Thompson,SMALL FORWARD,25,MIAMI HEAT,79,58,2273,349,716,0,4,156,224,241,331,176,56,105,189,260,854
thompla01,LaSalle Thompson,CENTER,27,SACRAMENTO KINGS,43,42,1276,247,536,0,1,152,188,120,272,44,46,55,117,153,646
thompla01,LaSalle Thompson,CENTER,27,INDIANA PACERS,33,29,1053,169,314,0,0,75,93,104,222,37,33,39,62,132,413
thompmy01,Mychal Thompson,CENTER,34,LOS ANGELES LAKERS,80,8,1994,291,521,0,1,156,230,157,310,48,58,59,97,224,738
thornbo01,Bob Thornton,POWER FORWARD,26,PHILADELPHIA 76ERS,54,0,449,47,111,1,3,32,60,36,56,15,8,7,23,87,127
thorpot01,Otis Thorpe,POWER FORWARD,26,HOUSTON ROCKETS,82,82,3135,521,961,0,2,328,450,272,515,202,82,37,225,259,1370
threase01,Sedale Threatt,POINT GUARD,27,SEATTLE SUPERSONICS,63,0,1220,235,476,11,30,63,77,31,86,238,83,4,77,155,544
tisdawa01,Wayman Tisdale,POWER FORWARD,24,INDIANA PACERS,48,5,1326,285,564,0,4,198,250,99,211,75,35,32,107,181,768
tisdawa01,Wayman Tisdale,POWER FORWARD,24,SACRAMENTO KINGS,31,30,1108,247,472,0,0,119,160,88,211,53,20,20,65,109,613
tolbera01,Ray Tolbert,POWER FORWARD,30,ATLANTA HAWKS,50,0,341,40,94,0,0,23,37,31,57,16,13,13,35,55,103
tolbeto01,Tom Tolbert,SMALL FORWARD,23,CHARLOTTE HORNETS,14,0,117,17,37,0,3,6,12,7,14,7,2,4,2,20,40
toneyse01,Sedric Toney,POINT GUARD,26,INDIANA PACERS,2,0,9,1,5,0,3,0,1,1,1,0,0,0,2,1,2
tripuke01,Kelly Tripucka,SMALL FORWARD,29,CHARLOTTE HORNETS,71,65,2302,568,1215,30,84,440,508,79,188,224,88,16,236,196,1606
tucketr01,Trent Tucker,SHOOTING GUARD,29,NEW YORK KNICKS,81,24,1824,263,579,118,296,43,55,55,121,132,88,6,59,163,687
turnean01,Andre Turner,POINT GUARD,24,MILWAUKEE BUCKS,4,0,13,3,6,0,0,0,0,0,3,0,2,0,4,2,6
turneel01,Elston Turner,SMALL FORWARD,29,DENVER NUGGETS,78,12,1746,151,353,2,7,33,56,109,178,144,90,8,60,209,337
tylerte01,Terry Tyler,SMALL FORWARD,32,DALLAS MAVERICKS,70,11,1057,169,360,1,9,47,62,74,135,40,24,39,51,90,386
upshake01,Kelvin Upshaw,SHOOTING GUARD,26,MIAMI HEAT,9,0,144,26,63,1,5,4,6,4,9,20,7,0,13,18,57
upshake01,Kelvin Upshaw,SHOOTING GUARD,26,BOSTON CELTICS,23,0,473,73,149,2,10,14,20,6,30,97,19,3,42,62,162
valenda01,Darnell Valentine,SHOOTING GUARD,29,CLEVELAND CAVALIERS,77,4,1086,136,319,3,14,91,112,22,81,174,57,7,83,88,366
vandeki01,Kiki Vandeweghe,POWER FORWARD,30,PORTLAND TRAIL BLAZERS,18,1,432,103,217,16,38,29,33,11,24,34,7,4,18,40,251
vandeki01,Kiki Vandeweghe,POWER FORWARD,30,NEW YORK KNICKS,27,0,502,97,209,3,10,51,56,15,21,35,12,7,23,38,248
vinceja01,Jay Vincent,SMALL FORWARD,29,DENVER NUGGETS,5,1,95,13,38,1,2,5,9,2,16,5,1,1,5,11,32
vinceja01,Jay Vincent,SMALL FORWARD,29,SAN ANTONIO SPURS,24,3,551,91,219,0,1,35,51,36,56,22,5,3,37,52,217
vincesa01,Sam Vincent,POINT GUARD,25,CHICAGO BULLS,70,56,1703,274,566,2,17,106,129,34,156,335,53,10,142,124,656
walkeda01,Darrell Walker,POINT GUARD,27,WASHINGTON BULLETS,79,78,2565,286,681,0,9,142,184,135,372,496,155,23,184,215,714
walkeke01,Kenny Walker,SMALL FORWARD,24,NEW YORK KNICKS,79,2,1163,174,356,5,20,66,85,101,129,36,41,45,44,190,419
washipe01,Pearl Washington,POINT GUARD,25,MIAMI HEAT,54,8,1065,164,387,1,14,82,104,49,74,226,73,4,122,101,411
webbsp01,Spud Webb,POINT GUARD,25,ATLANTA HAWKS,81,6,1219,133,290,1,22,52,60,21,102,284,70,6,83,104,319
welpch01,Chris Welp,CENTER,25,PHILADELPHIA 76ERS,72,0,843,99,222,0,1,48,73,59,134,29,23,41,42,176,246
wennibi01,Bill Wennington,CENTER,25,DALLAS MAVERICKS,65,9,1074,119,275,1,9,61,82,82,204,46,16,35,54,211,300
westma01,Mark West,CENTER,28,PHOENIX SUNS,82,32,2019,243,372,0,0,108,202,167,384,39,35,187,103,273,594
whatlen01,Ennis Whatley,POINT GUARD,26,LOS ANGELES CLIPPERS,8,0,90,12,33,0,0,10,11,2,14,22,7,1,11,15,34
wheelcl01,Clinton Wheeler,POINT GUARD,29,MIAMI HEAT,8,0,143,24,42,0,0,8,10,5,7,21,8,0,6,9,56
wheelcl01,Clinton Wheeler,POINT GUARD,29,PORTLAND TRAIL BLAZERS,20,0,211,21,45,0,1,7,10,12,7,33,19,0,18,17,49
whiteer01,Eric White,SMALL FORWARD,23,UTAH JAZZ,1,0,2,0,1,0,0,0,0,0,0,0,0,0,0,1,0
whiteer01,Eric White,SMALL FORWARD,23,LOS ANGELES CLIPPERS,37,0,434,62,119,0,0,34,42,34,36,17,10,1,26,39,158
whiteje01,Jerome Whitehead,CENTER,32,GOLDEN STATE WARRIORS,5,0,42,3,6,0,0,1,2,0,5,2,1,0,2,8,7
whiteje01,Jerome Whitehead,CENTER,32,SAN ANTONIO SPURS,52,4,580,69,176,0,0,30,45,49,80,17,22,4,22,107,168
wileymo01,Morlon Wiley,POINT GUARD,22,DALLAS MAVERICKS,51,1,408,46,114,6,24,13,16,13,34,76,25,6,34,61,111
wilkido01,Dominique Wilkins,SMALL FORWARD,29,ATLANTA HAWKS,80,80,2997,814,1756,29,105,442,524,256,297,211,117,52,181,138,2099
wilkied01,Eddie Lee Wilkins,CENTER,26,NEW YORK KNICKS,71,2,584,114,245,0,1,61,111,72,76,7,10,16,56,110,289
wilkige01,Gerald Wilkins,SHOOTING GUARD,25,NEW YORK KNICKS,81,58,2414,462,1025,51,172,186,246,95,149,274,115,22,169,166,1161
willibu01,Buck Williams,POWER FORWARD,28,NEW JERSEY NETS,74,72,2446,373,702,0,3,213,320,249,447,78,61,36,142,223,959
willihe01,Herb Williams,CENTER,30,INDIANA PACERS,46,46,1567,244,542,0,3,90,126,87,309,88,31,80,108,156,578
willihe01,Herb Williams,CENTER,30,DALLAS MAVERICKS,30,20,903,78,197,0,2,43,68,48,149,36,15,54,41,80,199
williho01,Hot Rod Williams,POWER FORWARD,26,CLEVELAND CAVALIERS,82,10,2125,356,700,1,4,235,314,173,304,108,77,134,102,188,948
willijo02,John Williams,SMALL FORWARD,22,WASHINGTON BULLETS,82,1,2413,438,940,19,71,225,290,158,415,356,142,70,157,213,1120
willike01,Kevin Williams,SHOOTING GUARD,27,NEW JERSEY NETS,41,0,433,67,168,1,6,40,51,19,31,36,25,8,42,74,175
willike01,Kevin Williams,SHOOTING GUARD,27,LOS ANGELES CLIPPERS,9,0,114,14,32,0,0,6,8,9,11,17,5,3,10,17,34
willimi02,Micheal Williams,POINT GUARD,22,DETROIT PISTONS,49,0,358,47,129,2,9,31,47,9,18,70,13,3,42,44,127
willire01,Reggie Williams,SMALL FORWARD,24,LOS ANGELES CLIPPERS,63,17,1303,260,594,30,104,92,122,70,109,103,81,29,114,181,642
wingada01,David Wingate,SHOOTING GUARD,25,PHILADELPHIA 76ERS,33,6,372,54,115,2,6,27,34,12,25,73,9,2,35,43,137
wittmra01,Randy Wittman,SMALL FORWARD,29,SACRAMENTO KINGS,31,2,416,50,117,2,4,16,22,6,20,32,10,0,12,12,118
wittmra01,Randy Wittman,SMALL FORWARD,29,INDIANA PACERS,33,11,704,80,169,1,2,12,19,20,34,79,13,2,20,31,173
wolfjo01,Joe Wolf,CENTER,24,LOS ANGELES CLIPPERS,66,15,1450,170,402,2,14,44,64,83,188,113,32,16,94,152,386
woodda01,David Wood,POWER FORWARD,24,CHICAGO BULLS,2,0,2,0,0,0,0,0,0,0,0,0,0,0,0,0,0
woodsmi01,Mike Woodson,SHOOTING GUARD,30,HOUSTON ROCKETS,81,79,2259,410,936,31,89,195,237,51,143,206,89,18,136,195,1046
woolror01,Orlando Woolridge,SMALL FORWARD,29,LOS ANGELES LAKERS,74,0,1491,231,494,0,1,253,343,81,189,58,30,65,103,130,715
worthja01,James Worthy,SMALL FORWARD,27,LOS ANGELES LAKERS,81,81,2960,702,1282,2,23,251,321,169,320,288,108,56,182,175,1657
youngda01,Danny Young,POINT GUARD,26,PORTLAND TRAIL BLAZERS,48,2,952,115,250,17,50,50,64,17,57,123,55,3,45,50,297
