slug,name,positions,age,team,games_played,games_started,minutes_played,made_field_goals,attempted_field_goals,made_three_point_field_goals,attempted_three_point_field_goals,made_free_throws,attempted_free_throws,offensive_rebounds,defensive_rebounds,assists,steals,blocks,turnovers,personal_fouls,points
abdelal01,Alaa Abdelnaby,POWER FORWARD,24,MILWAUKEE BUCKS,12,0,159,26,56,0,1,12,16,12,25,10,6,4,13,24,64
abdelal01,Alaa Abdelnaby,POWER FORWARD,24,BOSTON CELTICS,63,52,1152,219,417,0,0,76,100,114,186,17,19,22,84,165,514
abdulma02,Mahmoud Abdul-Rauf,POINT GUARD,23,DENVER NUGGETS,81,81,2710,633,1407,70,197,217,232,51,174,344,84,8,187,179,1553
acresma01,Mark Acres,CENTER,30,HOUSTON ROCKETS,6,0,23,2,9,1,2,1,2,2,4,0,0,0,2,2,6
acresma01,Mark Acres,CENTER,30,WASHINGTON BULLETS,12,7,246,24,40,0,0,10,14,24,37,5,3,6,11,32,58
adamsmi01,Michael Adams,POINT GUARD,30,WASHINGTON BULLETS,70,70,2499,365,831,68,212,237,277,52,188,526,100,4,175,146,1035
addisra01,Rafael Addison,SMALL FORWARD,28,NEW JERSEY NETS,68,15,1164,182,411,7,34,57,70,45,87,53,23,11,64,125,428
aguirma01,Mark Aguirre,SMALL FORWARD,33,DETROIT PISTONS,51,15,1056,187,422,30,83,99,129,43,109,105,16,7,68,101,503
aingeda01,Danny Ainge,SHOOTING GUARD,33,PHOENIX SUNS,80,0,2163,337,730,150,372,123,145,49,165,260,69,8,113,175,947
alexavi01,Victor Alexander,CENTER,23,GOLDEN STATE WARRIORS,72,59,1753,344,667,10,22,111,162,132,288,93,34,53,120,218,809
anderer01,Eric Anderson,POWER FORWARD,22,NEW YORK KNICKS,16,0,44,5,18,0,0,11,13,6,8,3,3,1,5,14,21
anderke01,Kenny Anderson,POINT GUARD,22,NEW JERSEY NETS,55,55,2010,370,850,7,25,180,232,51,175,449,96,11,153,140,927
anderni01,Nick Anderson,SHOOTING GUARD,25,ORLANDO MAGIC,79,76,2920,594,1324,88,249,298,402,122,355,265,128,56,164,200,1574
anderro01,Ron Anderson,SMALL FORWARD,34,PHILADELPHIA 76ERS,69,0,1263,225,544,39,120,72,89,62,122,93,31,5,63,75,561
anderwi01,Willie Anderson,SHOOTING GUARD,26,SAN ANTONIO SPURS,38,7,560,80,186,1,8,22,28,7,50,79,14,6,44,52,183
anthogr01,Greg Anthony,POINT GUARD,25,NEW YORK KNICKS,70,35,1699,174,419,4,30,107,159,42,128,398,113,12,104,141,459
armstbj01,B.J. Armstrong,POINT GUARD,25,CHICAGO BULLS,82,74,2492,408,818,63,139,130,151,27,122,330,66,6,83,169,1009
askewvi01,Vincent Askew,SHOOTING GUARD,26,SACRAMENTO KINGS,9,0,76,8,17,0,0,11,15,7,4,5,2,1,8,11,27
askewvi01,Vincent Askew,SHOOTING GUARD,26,SEATTLE SUPERSONICS,64,4,1053,144,292,2,6,94,134,55,95,117,38,18,61,124,384
askinke01,Keith Askins,SMALL FORWARD,25,MIAMI HEAT,69,1,935,88,213,22,65,29,40,74,124,31,31,29,37,141,227
augmost01,Stacey Augmon,SHOOTING GUARD,24,ATLANTA HAWKS,73,66,2112,397,792,0,4,227,307,141,146,170,91,18,157,141,1021
austiis01,Isaac Austin,CENTER,23,UTAH JAZZ,46,3,306,50,112,0,1,29,44,38,41,6,8,14,23,60,129
aventan01,Anthony Avent,POWER FORWARD,23,MILWAUKEE BUCKS,82,78,2285,347,802,0,2,112,172,180,332,91,57,73,140,237,806
baglejo01,John Bagley,POINT GUARD,32,BOSTON CELTICS,10,0,97,9,25,0,1,5,6,1,6,20,2,0,17,11,23
baileth01,Thurl Bailey,POWER FORWARD,31,MINNESOTA TIMBERWOLVES,70,3,1276,203,446,0,0,119,142,53,162,61,20,47,60,88,525
bardost01,Steve Bardo,SHOOTING GUARD,24,DALLAS MAVERICKS,23,0,175,19,62,1,6,12,17,10,27,29,8,3,17,28,51
barklch01,Charles Barkley,POWER FORWARD,29,PHOENIX SUNS,76,76,2859,716,1376,67,220,445,582,237,691,385,119,74,233,196,1944
barroda01,Dana Barros,POINT GUARD,25,SEATTLE SUPERSONICS,69,2,1243,214,474,64,169,49,59,18,89,151,63,3,58,78,541
barryjo01,Jon Barry,SHOOTING GUARD,23,MILWAUKEE BUCKS,47,0,552,76,206,21,63,33,49,10,33,68,35,3,42,57,206
battljo01,John Battle,SHOOTING GUARD,30,CLEVELAND CAVALIERS,41,0,497,83,200,1,6,56,72,4,25,54,9,5,22,39,223
battlke01,Kenny Battle,SHOOTING GUARD,28,BOSTON CELTICS,3,1,29,6,13,0,1,2,2,7,4,2,1,0,2,2,14
bedfowi01,William Bedford,CENTER,29,SAN ANTONIO SPURS,16,0,66,9,27,1,1,6,12,1,9,0,0,1,1,15,25
benjabe01,Benoit Benjamin,CENTER,28,SEATTLE SUPERSONICS,31,6,448,81,163,0,0,47,67,27,86,12,17,35,42,73,209
benjabe01,Benoit Benjamin,CENTER,28,LOS ANGELES LAKERS,28,0,306,52,108,0,0,22,37,24,72,10,14,13,36,61,126
benneto01,Tony Bennett,POINT GUARD,23,CHARLOTTE HORNETS,75,2,857,110,260,26,80,30,41,12,51,136,30,0,50,110,276
benoida01,David Benoit,SMALL FORWARD,24,UTAH JAZZ,82,27,1712,258,592,34,98,114,152,116,276,43,45,43,90,201,664
blackro01,Rolando Blackman,SHOOTING GUARD,33,NEW YORK KNICKS,60,33,1434,239,539,31,73,71,90,23,79,157,22,10,65,129,580
blackal01,Alex Blackwell,SMALL FORWARD,22,LOS ANGELES LAKERS,27,0,109,14,42,0,3,6,8,10,13,7,4,2,5,14,34
blankla01,Lance Blanks,SHOOTING GUARD,26,MINNESOTA TIMBERWOLVES,61,2,642,65,150,11,43,20,32,18,50,72,16,5,31,61,161
blantri01,Ricky Blanton,SMALL FORWARD,26,CHICAGO BULLS,2,0,13,3,7,0,0,0,0,2,1,1,2,0,1,1,6
blaylmo01,Mookie Blaylock,POINT GUARD,25,ATLANTA HAWKS,80,78,2820,414,964,118,315,123,169,89,191,671,203,23,187,156,1069
boguemu01,Muggsy Bogues,POINT GUARD,28,CHARLOTTE HORNETS,81,80,2833,331,730,6,26,140,168,51,247,711,161,5,154,179,808
bolma01,Manute Bol,CENTER,30,PHILADELPHIA 76ERS,58,23,855,52,127,10,32,12,19,44,149,18,14,119,50,87,126
bondwa01,Walter Bond,SHOOTING GUARD,23,DALLAS MAVERICKS,74,38,1578,227,565,7,42,129,167,52,144,122,75,18,112,223,590
bonnean01,Anthony Bonner,POWER FORWARD,24,SACRAMENTO KINGS,70,35,1764,229,497,0,7,143,241,188,267,96,86,17,105,183,601
bowiean01,Anthony Bowie,SHOOTING GUARD,29,ORLANDO MAGIC,77,45,1761,268,569,15,48,67,84,36,158,175,54,14,84,131,618
bowiesa01,Sam Bowie,CENTER,31,NEW JERSEY NETS,79,65,2092,287,638,2,6,141,181,158,398,127,32,128,120,226,717
brandte01,Terrell Brandon,POINT GUARD,22,CLEVELAND CAVALIERS,82,8,1622,297,621,13,42,118,143,37,142,302,79,27,107,122,725
breuera01,Randy Breuer,CENTER,32,ATLANTA HAWKS,12,0,107,15,31,0,0,2,5,10,18,6,2,3,5,12,32
brickfr01,Frank Brickowski,CENTER,33,MILWAUKEE BUCKS,66,64,2075,456,836,8,26,195,268,120,285,196,80,44,202,235,1115
brookke01,Kevin Brooks,SMALL FORWARD,23,DENVER NUGGETS,55,2,571,93,233,6,26,35,40,22,59,34,10,2,39,46,227
brooksc01,Scott Brooks,POINT GUARD,27,HOUSTON ROCKETS,82,0,1516,183,385,41,99,112,135,22,77,243,79,3,72,136,519
brownch01,Chucky Brown,SMALL FORWARD,24,NEW JERSEY NETS,77,20,1186,160,331,0,5,71,98,88,144,51,20,24,56,112,391
brownde01,Dee Brown,POINT GUARD,24,BOSTON CELTICS,80,48,2254,328,701,26,82,192,242,45,201,461,138,32,136,203,874
brownmi01,Mike Brown,CENTER,29,UTAH JAZZ,82,21,1551,176,409,0,1,113,164,147,244,64,32,23,95,190,465
brownra02,Randy Brown,POINT GUARD,24,SACRAMENTO KINGS,75,34,1726,225,486,2,6,115,157,75,137,196,108,34,120,206,567
bryanma01,Mark Bryant,CENTER,27,PORTLAND TRAIL BLAZERS,80,24,1396,186,370,0,1,104,148,132,192,41,37,23,65,226,476
buechju01,Jud Buechler,SMALL FORWARD,24,GOLDEN STATE WARRIORS,70,9,1287,176,403,20,59,65,87,81,114,94,47,19,55,98,437
bullama01,Matt Bullard,POWER FORWARD,25,HOUSTON ROCKETS,79,4,1356,213,494,91,243,58,74,66,156,110,30,11,57,129,575
burtowi01,Willie Burton,SMALL FORWARD,24,MIAMI HEAT,26,8,451,54,141,5,15,91,127,22,48,16,13,16,50,58,204
burttst01,Steve Burtt,SHOOTING GUARD,30,WASHINGTON BULLETS,4,0,35,10,26,1,3,8,10,2,1,6,2,0,4,5,29
cagemi01,Michael Cage,CENTER,31,SEATTLE SUPERSONICS,82,66,2156,219,416,0,1,61,130,268,391,69,76,46,59,183,499
cambrde01,Dexter Cambridge,SMALL FORWARD,23,DALLAS MAVERICKS,53,13,885,151,312,0,4,68,99,88,79,58,24,6,63,128,370
campbel01,Elden Campbell,POWER FORWARD,24,LOS ANGELES LAKERS,79,13,1551,238,520,0,3,130,204,127,205,48,59,100,69,165,606
campbto01,Tony Campbell,SMALL FORWARD,30,NEW YORK KNICKS,58,13,1062,194,396,2,5,59,87,59,96,62,34,5,51,150,449
carran01,Antoine Carr,POWER FORWARD,31,SAN ANTONIO SPURS,71,46,1947,379,705,0,5,174,224,107,281,97,35,87,96,264,932
cartwbi01,Bill Cartwright,CENTER,35,CHICAGO BULLS,63,63,1253,141,343,0,0,72,98,83,150,83,20,10,62,154,354
catlete01,Terry Catledge,POWER FORWARD,29,ORLANDO MAGIC,21,1,262,36,73,0,0,27,34,18,28,5,4,1,25,31,99
causwdu01,Duane Causwell,CENTER,24,SACRAMENTO KINGS,55,45,1211,175,321,0,1,103,165,112,191,35,32,87,58,192,453
cebalce01,Cedric Ceballos,SMALL FORWARD,23,PHOENIX SUNS,74,46,1607,381,662,0,2,187,258,172,236,77,54,28,106,103,949
chambto01,Tom Chambers,POWER FORWARD,33,PHOENIX SUNS,73,0,1723,320,716,11,28,241,288,96,249,101,43,23,92,212,892
chapmre01,Rex Chapman,SHOOTING GUARD,25,WASHINGTON BULLETS,60,23,1300,287,602,43,116,132,163,19,69,116,38,10,79,119,749
cheekma01,Maurice Cheeks,POINT GUARD,36,NEW JERSEY NETS,35,0,510,51,93,0,2,24,27,5,37,107,33,2,33,35,126
chilcpe01,Pete Chilcutt,POWER FORWARD,24,SACRAMENTO KINGS,59,9,834,165,340,0,0,32,46,80,114,64,22,21,54,102,362
chrisdo01,Doug Christie,SHOOTING GUARD,22,LOS ANGELES LAKERS,23,0,332,45,106,2,12,50,66,24,27,53,22,5,50,53,142
colemde01,Derrick Coleman,POWER FORWARD,25,NEW JERSEY NETS,76,73,2759,564,1226,23,99,421,521,247,605,276,92,126,243,210,1572
colesbi01,Bimbo Coles,POINT GUARD,24,MIAMI HEAT,81,37,2232,318,686,42,137,177,220,58,108,373,80,11,108,199,855
conloma01,Marty Conlon,CENTER,25,SACRAMENTO KINGS,46,0,467,81,171,0,4,57,81,48,75,37,13,5,28,43,219
connele01,Lester Conner,POINT GUARD,33,LOS ANGELES CLIPPERS,31,0,422,28,62,0,0,18,19,16,33,65,34,4,21,39,74
coopedu01,Duane Cooper,POINT GUARD,23,LOS ANGELES LAKERS,65,0,645,62,158,7,30,25,35,13,37,150,18,2,69,66,156
corbity01,Tyrone Corbin,SMALL FORWARD,30,UTAH JAZZ,82,58,2555,385,766,0,5,180,218,194,325,173,108,32,108,252,950
corchch01,Chris Corchiani,POINT GUARD,24,ORLANDO MAGIC,9,0,102,13,23,0,3,16,21,1,6,16,6,0,8,17,42
corchch01,Chris Corchiani,POINT GUARD,24,WASHINGTON BULLETS,1,0,3,1,1,0,0,0,0,0,0,0,0,0,0,1,2
courtjo01,Joe Courtney,POWER FORWARD,23,CHICAGO BULLS,5,0,34,4,9,0,0,3,4,2,0,1,2,1,3,9,11
courtjo01,Joe Courtney,POWER FORWARD,23,GOLDEN STATE WARRIORS,7,0,70,9,23,0,0,4,5,2,15,2,3,4,3,8,22
crottjo01,John Crotty,POINT GUARD,23,UTAH JAZZ,40,0,243,37,72,2,14,26,38,4,13,55,11,0,30,29,102
cummite01,Terry Cummings,POWER FORWARD,31,SAN ANTONIO SPURS,8,0,76,11,29,0,0,5,10,6,13,4,1,1,2,17,27
curcira01,Radisav Ćurčić,CENTER,27,DALLAS MAVERICKS,20,0,166,16,41,0,0,26,36,17,32,12,7,2,8,30,58
curryde01,Dell Curry,SHOOTING GUARD,28,CHARLOTTE HORNETS,80,0,2094,498,1102,95,237,136,157,51,235,180,87,23,129,150,1227
daniell01,Lloyd Daniels,SHOOTING GUARD,25,SAN ANTONIO SPURS,77,10,1573,285,644,59,177,72,99,86,130,148,38,30,102,144,701
daughbr01,Brad Daugherty,CENTER,27,CLEVELAND CAVALIERS,71,71,2691,520,911,1,2,391,492,164,562,312,53,56,150,174,1432
davisda01,Dale Davis,POWER FORWARD,23,INDIANA PACERS,82,82,2264,304,535,0,0,119,225,291,432,69,63,148,79,274,727
davishu01,Hubert Davis,SHOOTING GUARD,22,NEW YORK KNICKS,50,2,815,110,251,6,19,43,54,13,43,83,22,4,45,71,269
daviste01,Terry Davis,POWER FORWARD,25,DALLAS MAVERICKS,75,74,2462,393,863,2,8,167,281,259,442,68,36,28,160,199,955
dawkijo01,Johnny Dawkins,POINT GUARD,29,PHILADELPHIA 76ERS,74,10,1598,258,590,26,84,113,142,33,103,339,80,4,121,91,655
dayto01,Todd Day,SHOOTING GUARD,23,MILWAUKEE BUCKS,71,37,1931,358,828,54,184,213,297,144,147,117,75,48,118,222,983
delnevi01,Vinny Del Negro,POINT GUARD,26,SAN ANTONIO SPURS,73,31,1526,218,430,6,24,101,117,19,144,291,44,1,92,146,543
delebi01,Bison Dele,POWER FORWARD,23,ORLANDO MAGIC,21,0,240,40,78,0,1,16,20,24,32,5,14,17,25,48,96
divacvl01,Vlade Divac,CENTER,24,LOS ANGELES LAKERS,82,69,2525,397,819,21,75,235,341,220,509,232,128,140,214,311,1050
donalja01,James Donaldson,CENTER,35,UTAH JAZZ,6,1,94,8,14,0,0,5,9,6,23,1,1,7,4,13,21
douglsh01,Sherman Douglas,POINT GUARD,26,BOSTON CELTICS,79,36,1932,264,530,6,29,84,150,65,97,508,49,10,161,166,618
dreilgr01,Greg Dreiling,CENTER,30,INDIANA PACERS,43,0,239,19,58,0,4,8,15,26,40,8,5,8,9,60,46
drexlcl01,Clyde Drexler,SHOOTING GUARD,30,PORTLAND TRAIL BLAZERS,49,49,1671,350,816,31,133,245,292,126,183,278,95,37,115,159,976
duckwke01,Kevin Duckworth,CENTER,28,PORTLAND TRAIL BLAZERS,74,55,1762,301,688,0,2,127,174,118,269,70,45,39,87,222,729
dudlech02,Chris Dudley,CENTER,27,NEW JERSEY NETS,71,16,1398,94,266,0,0,57,110,215,298,16,17,103,54,195,245
dumarjo01,Joe Dumars,SHOOTING GUARD,29,DETROIT PISTONS,77,77,3094,677,1454,112,299,343,397,63,85,308,78,7,138,141,1809
dumasri02,Richard Dumas,SMALL FORWARD,23,PHOENIX SUNS,48,32,1320,302,576,1,3,152,215,100,123,60,85,39,92,127,757
durhapa01,Pat Durham,SMALL FORWARD,25,GOLDEN STATE WARRIORS,5,1,78,6,25,0,0,9,12,5,9,4,1,1,7,6,21
eatonma01,Mark Eaton,CENTER,36,UTAH JAZZ,64,57,1104,71,130,0,0,35,50,73,191,17,18,79,43,143,177
edwarbl01,Blue Edwards,SMALL FORWARD,27,MILWAUKEE BUCKS,82,81,2729,554,1083,37,106,237,300,123,259,214,129,45,175,242,1382
edwarja01,James Edwards,CENTER,37,LOS ANGELES LAKERS,52,0,617,122,270,0,0,84,118,30,70,41,10,7,51,122,328
edwarke01,Kevin Edwards,SHOOTING GUARD,27,MIAMI HEAT,40,30,1134,216,462,5,17,119,141,48,73,120,68,12,75,69,556
ehlocr01,Craig Ehlo,SHOOTING GUARD,31,CLEVELAND CAVALIERS,82,73,2559,385,785,93,244,86,120,113,290,254,104,22,124,170,949
eliema01,Mario Elie,SMALL FORWARD,29,PORTLAND TRAIL BLAZERS,82,7,1757,240,524,45,129,183,214,59,157,177,74,20,89,145,708
elliose01,Sean Elliott,SMALL FORWARD,24,SAN ANTONIO SPURS,70,70,2604,451,918,37,104,268,337,85,237,265,68,28,152,132,1207
ellisda01,Dale Ellis,SHOOTING GUARD,32,SAN ANTONIO SPURS,82,76,2731,545,1092,119,297,157,197,81,231,107,78,18,111,179,1366
ellisla01,LaPhonso Ellis,POWER FORWARD,22,DENVER NUGGETS,82,82,2749,483,958,2,13,237,317,274,470,151,72,111,153,293,1205
ellispe01,Pervis Ellison,CENTER,25,WASHINGTON BULLETS,49,48,1701,341,655,0,4,170,242,138,295,117,45,108,110,154,852
englijo01,Jo Jo English,SHOOTING GUARD,22,CHICAGO BULLS,6,0,31,3,10,0,3,0,2,2,4,1,3,2,4,5,6
ewingpa01,Patrick Ewing,CENTER,30,NEW YORK KNICKS,81,81,3003,779,1550,1,7,400,556,191,789,151,74,161,265,286,1959
ferredu01,Duane Ferrell,SMALL FORWARD,27,ATLANTA HAWKS,82,15,1736,327,696,9,36,176,226,97,94,132,59,17,103,160,839
ferryda01,Danny Ferry,POWER FORWARD,26,CLEVELAND CAVALIERS,76,1,1461,220,459,34,82,99,113,81,198,137,29,49,83,171,573
flemive01,Vern Fleming,POINT GUARD,30,INDIANA PACERS,75,8,1503,280,554,7,36,143,197,63,106,224,63,9,121,126,710
floydsl01,Sleepy Floyd,POINT GUARD,32,HOUSTON ROCKETS,52,10,867,124,305,16,56,81,102,14,72,132,32,6,68,59,345
fostegr01,Greg Foster,POWER FORWARD,24,WASHINGTON BULLETS,10,0,93,11,25,0,0,2,3,8,19,11,0,5,9,17,24
fostegr01,Greg Foster,POWER FORWARD,24,ATLANTA HAWKS,33,0,205,44,95,0,4,13,18,24,32,10,3,9,16,41,101
foxri01,Rick Fox,SMALL FORWARD,23,BOSTON CELTICS,71,14,1082,184,380,4,23,81,101,55,104,113,61,21,77,133,453
gamblke01,Kevin Gamble,SMALL FORWARD,27,BOSTON CELTICS,82,58,2541,459,906,52,139,123,149,46,200,226,86,37,81,185,1093
garlawi01,Winston Garland,POINT GUARD,28,HOUSTON ROCKETS,66,4,1004,152,343,6,13,81,89,32,76,138,39,4,67,116,391
gatlich01,Chris Gatling,POWER FORWARD,25,GOLDEN STATE WARRIORS,70,11,1248,249,462,0,6,150,207,129,191,40,44,53,102,197,648
gattike01,Kenny Gattison,POWER FORWARD,28,CHARLOTTE HORNETS,75,5,1475,203,384,0,3,102,169,108,245,68,48,55,64,237,508
geigema01,Matt Geiger,CENTER,23,MIAMI HEAT,48,2,554,76,145,0,4,62,92,46,74,14,15,18,36,123,214
georgta01,Tate George,POINT GUARD,24,NEW JERSEY NETS,48,1,380,51,135,0,5,20,24,9,18,59,10,3,31,25,122
gillke01,Kendall Gill,SHOOTING GUARD,24,CHARLOTTE HORNETS,69,67,2430,463,1032,17,62,224,290,120,220,268,98,36,174,191,1167
gilliar01,Armen Gilliam,POWER FORWARD,28,PHILADELPHIA 76ERS,80,26,1742,359,774,0,1,274,325,136,336,116,37,54,157,123,992
glassge01,Gerald Glass,SMALL FORWARD,25,MINNESOTA TIMBERWOLVES,4,0,71,8,27,0,2,4,6,1,2,9,3,0,5,6,20
glassge01,Gerald Glass,SMALL FORWARD,25,DETROIT PISTONS,56,5,777,134,312,7,31,21,33,60,79,68,30,18,30,98,296
gminsmi01,Mike Gminski,CENTER,33,CHARLOTTE HORNETS,34,0,251,42,83,0,0,9,10,34,51,7,1,9,11,28,93
grahapa01,Paul Graham,SHOOTING GUARD,25,ATLANTA HAWKS,80,11,1508,256,560,42,141,96,131,61,129,164,86,6,120,185,650
grantga01,Gary Grant,POINT GUARD,27,LOS ANGELES CLIPPERS,74,8,1624,210,476,11,42,55,74,27,112,353,106,9,129,168,486
grantgr01,Greg Grant,POINT GUARD,26,PHILADELPHIA 76ERS,72,0,996,77,220,20,68,20,31,24,43,206,43,1,54,73,194
grantha01,Harvey Grant,SMALL FORWARD,27,WASHINGTON BULLETS,72,72,2667,560,1149,1,10,218,300,133,279,205,72,44,90,168,1339
grantho01,Horace Grant,POWER FORWARD,27,CHICAGO BULLS,77,77,2745,421,829,1,5,174,281,341,388,201,89,96,110,218,1017
grayeje01,Jeff Grayer,SHOOTING GUARD,27,GOLDEN STATE WARRIORS,48,12,1025,165,353,2,14,91,136,71,86,70,31,8,54,120,423
greenac01,A.C. Green,POWER FORWARD,29,LOS ANGELES LAKERS,82,55,2819,379,706,16,46,277,375,287,424,116,88,39,116,149,1051
greenli01,Litterial Green,POINT GUARD,22,ORLANDO MAGIC,52,4,626,87,198,1,10,60,96,11,23,116,23,4,42,70,235
greense01,Sean Green,SHOOTING GUARD,22,INDIANA PACERS,13,0,81,28,55,3,10,3,4,4,5,7,2,1,9,11,62
greensi02,Sidney Green,POWER FORWARD,32,SAN ANTONIO SPURS,15,0,202,20,49,0,0,13,15,18,53,19,5,3,12,21,53
greensi02,Sidney Green,POWER FORWARD,32,CHARLOTTE HORNETS,24,0,127,14,40,0,2,12,16,14,33,5,1,2,8,16,40
guglito01,Tom Gugliotta,POWER FORWARD,23,WASHINGTON BULLETS,81,81,2795,484,1135,38,135,181,281,219,562,306,134,35,230,195,1187
guidija01,Jay Guidinger,CENTER,23,CLEVELAND CAVALIERS,32,5,215,19,55,0,0,13,25,26,38,17,9,10,10,48,51
hammoto01,Tom Hammonds,POWER FORWARD,25,CHARLOTTE HORNETS,19,5,142,19,45,0,0,5,8,5,26,8,0,4,3,20,43
hammoto01,Tom Hammonds,POWER FORWARD,25,DENVER NUGGETS,35,0,571,86,176,0,1,33,54,33,63,16,18,8,31,57,205
hardati01,Tim Hardaway,POINT GUARD,26,GOLDEN STATE WARRIORS,66,66,2609,522,1168,102,309,273,367,60,203,699,116,12,220,152,1419
harpede01,Derek Harper,SHOOTING GUARD,31,DALLAS MAVERICKS,62,60,2108,393,939,101,257,239,316,42,81,334,80,16,136,145,1126
harpero01,Ron Harper,SHOOTING GUARD,29,LOS ANGELES CLIPPERS,80,77,2970,542,1203,52,186,307,399,117,308,360,177,73,222,212,1443
hastisc01,Scott Hastings,CENTER,32,DENVER NUGGETS,76,0,670,57,112,2,8,40,55,44,93,34,12,8,29,115,156
hawkihe01,Hersey Hawkins,SHOOTING GUARD,26,PHILADELPHIA 76ERS,81,81,2977,551,1172,122,307,419,487,91,255,317,137,30,180,189,1643
hensost01,Steve Henson,POINT GUARD,24,ATLANTA HAWKS,53,2,719,71,182,37,80,34,40,12,43,155,30,1,52,85,213
herreca01,Carl Herrera,POWER FORWARD,26,HOUSTON ROCKETS,81,12,1800,240,444,0,2,125,176,148,306,61,47,35,92,190,605
higgiro01,Rod Higgins,SMALL FORWARD,33,SACRAMENTO KINGS,69,4,1425,199,483,43,133,130,151,66,127,119,51,29,63,141,571
higgise01,Sean Higgins,SMALL FORWARD,24,GOLDEN STATE WARRIORS,29,4,591,96,215,13,37,35,47,23,45,66,13,5,64,54,240
hillty01,Tyrone Hill,CENTER,24,GOLDEN STATE WARRIORS,74,66,2070,251,494,0,4,138,221,255,499,68,41,40,92,320,640
hodgedo01,Donald Hodge,CENTER,23,DALLAS MAVERICKS,79,8,1267,161,400,0,0,71,104,93,201,75,33,37,90,204,393
hoppeda01,Dave Hoppen,CENTER,28,NEW JERSEY NETS,2,0,10,1,1,0,0,0,2,1,3,0,0,0,0,2,2
hornaje01,Jeff Hornacek,POINT GUARD,29,PHILADELPHIA 76ERS,79,78,2860,582,1239,97,249,250,289,84,258,548,131,21,222,203,1511
horryro01,Robert Horry,SMALL FORWARD,22,HOUSTON ROCKETS,79,79,2330,323,682,12,47,143,200,113,279,191,80,83,156,210,801
houstby01,Byron Houston,POWER FORWARD,23,GOLDEN STATE WARRIORS,79,8,1274,145,325,2,7,129,194,119,196,69,44,43,87,253,421
howarbr01,Brian Howard,SMALL FORWARD,25,DALLAS MAVERICKS,68,22,1295,183,414,1,7,72,94,66,146,67,55,34,68,217,439
howarst01,Stephen Howard,SMALL FORWARD,22,UTAH JAZZ,49,0,260,35,93,0,0,34,53,26,34,10,15,12,23,58,104
humphja01,Jay Humphries,SHOOTING GUARD,30,UTAH JAZZ,78,20,2034,287,659,15,75,101,130,40,103,317,101,11,132,236,690
irvinby01,Byron Irvin,SHOOTING GUARD,26,WASHINGTON BULLETS,4,2,45,9,18,1,1,3,6,2,2,2,1,0,4,5,22
iuzzomi01,Mike Iuzzolino,POINT GUARD,25,DALLAS MAVERICKS,70,23,1769,221,478,54,144,114,149,31,109,328,49,6,129,101,610
jacksja01,Jaren Jackson,SHOOTING GUARD,25,LOS ANGELES CLIPPERS,34,0,350,53,128,2,5,23,27,19,20,35,19,5,17,45,131
jacksji01,Jim Jackson,SMALL FORWARD,22,DALLAS MAVERICKS,28,28,938,184,466,21,73,68,92,42,80,131,40,11,115,80,457
jacksma01,Mark Jackson,POINT GUARD,27,LOS ANGELES CLIPPERS,82,81,3117,459,945,22,82,241,300,129,259,724,136,12,220,158,1181
jameshe01,Henry James,POWER FORWARD,27,SACRAMENTO KINGS,8,0,79,20,45,3,10,17,20,6,4,1,3,0,7,9,60
jameshe01,Henry James,POWER FORWARD,27,UTAH JAZZ,2,0,9,1,6,0,3,5,6,1,0,0,0,0,0,0,7
jennike01,Keith Jennings,POINT GUARD,24,GOLDEN STATE WARRIORS,8,0,136,25,42,5,9,14,18,2,9,23,4,0,7,18,69
johnsav01,Avery Johnson,POINT GUARD,27,SAN ANTONIO SPURS,75,49,2030,256,510,0,8,144,182,20,126,561,85,16,145,141,656
johnsbu01,Buck Johnson,SMALL FORWARD,29,WASHINGTON BULLETS,73,19,1287,193,403,0,3,92,126,78,117,89,36,18,70,187,478
johnsda01,Dave Johnson,SHOOTING GUARD,22,PORTLAND TRAIL BLAZERS,42,0,356,57,149,3,14,40,59,18,30,13,8,1,28,23,157
johnsed03,Eddie Johnson,SMALL FORWARD,33,SEATTLE SUPERSONICS,82,0,1869,463,991,17,56,234,257,124,148,135,36,4,134,173,1177
johnsfr01,Frank Johnson,POINT GUARD,34,PHOENIX SUNS,77,0,1122,136,312,1,12,59,76,41,72,186,60,8,80,112,332
johnske02,Kevin Johnson,POINT GUARD,26,PHOENIX SUNS,49,47,1643,282,565,1,8,226,276,30,74,384,85,19,151,100,791
johnsla02,Larry Johnson,POWER FORWARD,23,CHARLOTTE HORNETS,82,82,3323,728,1385,18,71,336,438,281,583,353,53,27,227,187,1810
jonesch01,Charles Jones,CENTER,35,WASHINGTON BULLETS,67,21,1206,33,63,0,1,22,38,87,190,42,38,77,38,144,88
jordami01,Michael Jordan,SHOOTING GUARD,29,CHICAGO BULLS,78,78,3067,992,2003,81,230,476,569,135,387,428,221,61,207,188,2541
jordath01,Thomas Jordan,POWER FORWARD,24,PHILADELPHIA 76ERS,4,0,106,18,41,0,0,8,17,5,14,3,3,5,12,14,44
keefead01,Adam Keefe,POWER FORWARD,22,ATLANTA HAWKS,82,6,1549,188,376,0,1,166,237,171,261,80,57,16,100,195,542
kempsh01,Shawn Kemp,POWER FORWARD,23,SEATTLE SUPERSONICS,78,68,2582,515,1047,0,4,358,503,287,546,155,119,146,217,327,1388
kemptti01,Tim Kempton,POWER FORWARD,29,PHOENIX SUNS,30,0,167,19,48,0,0,18,31,12,27,19,4,4,16,30,56
kerrst01,Steve Kerr,POINT GUARD,27,CLEVELAND CAVALIERS,5,0,41,5,10,0,2,2,2,0,7,11,2,0,2,2,12
kerrst01,Steve Kerr,SHOOTING GUARD,27,ORLANDO MAGIC,47,0,440,48,112,6,24,20,22,5,33,59,8,1,25,34,122
kerseje01,Jerome Kersey,SMALL FORWARD,30,PORTLAND TRAIL BLAZERS,65,50,1719,281,642,8,28,116,183,126,280,121,80,41,84,181,686
kesslal01,Alec Kessler,POWER FORWARD,26,MIAMI HEAT,40,2,415,57,122,5,11,36,47,25,66,14,4,12,21,63,155
kimblbo01,Bo Kimble,SHOOTING GUARD,26,NEW YORK KNICKS,9,0,55,14,33,2,8,3,8,3,8,5,1,0,6,10,33
kimbrst01,Stan Kimbrough,POINT GUARD,26,SACRAMENTO KINGS,3,0,15,2,6,1,2,0,0,0,0,1,1,0,0,1,5
kingbe01,Bernard King,SMALL FORWARD,36,NEW JERSEY NETS,32,2,430,91,177,2,7,39,57,35,41,18,11,3,21,53,223
kingri01,Rich King,CENTER,23,SEATTLE SUPERSONICS,3,0,12,2,5,0,0,2,2,1,4,1,0,0,3,1,6
kingst01,Stacey King,CENTER,26,CHICAGO BULLS,76,3,1059,160,340,2,6,86,122,105,102,71,26,20,70,128,408
kitegr01,Greg Kite,CENTER,31,ORLANDO MAGIC,64,1,640,38,84,0,1,13,24,66,127,10,13,12,35,133,89
kleinjo01,Joe Kleine,CENTER,31,BOSTON CELTICS,78,3,1129,108,267,0,6,41,58,113,233,39,17,17,37,123,257
knighne01,Negele Knight,POINT GUARD,25,PHOENIX SUNS,52,35,888,124,317,0,7,67,86,28,36,145,23,4,73,66,315
kofoeba01,Bart Kofoed,SHOOTING GUARD,28,BOSTON CELTICS,7,0,41,3,13,0,1,11,14,0,1,10,2,1,3,1,17
koncajo01,Jon Koncak,CENTER,29,ATLANTA HAWKS,78,65,1975,124,267,3,8,24,50,100,327,140,75,100,52,264,275
krystla01,Larry Krystkowiak,POWER FORWARD,28,UTAH JAZZ,71,0,1362,198,425,0,1,117,147,74,205,68,42,13,62,181,513
laettch01,Christian Laettner,POWER FORWARD,23,MINNESOTA TIMBERWOLVES,81,81,2823,503,1061,4,40,462,553,171,537,223,105,83,275,290,1472
laimbbi01,Bill Laimbeer,CENTER,35,DETROIT PISTONS,79,41,1933,292,574,10,27,93,104,110,309,127,46,40,59,212,687
laneje01,Jerome Lane,POWER FORWARD,26,CLEVELAND CAVALIERS,21,2,149,27,54,0,0,5,20,24,29,17,12,3,7,32,59
langan01,Andrew Lang,CENTER,26,PHILADELPHIA 76ERS,73,59,1861,149,351,1,5,87,114,136,300,79,46,141,89,261,386
leedo01,Doug Lee,SHOOTING GUARD,28,NEW JERSEY NETS,5,0,33,2,7,1,3,0,0,0,2,5,0,1,3,7,5
legleti01,Tim Legler,SHOOTING GUARD,26,UTAH JAZZ,3,0,5,1,3,0,0,0,0,0,1,0,0,0,0,0,2
legleti01,Tim Legler,SHOOTING GUARD,26,DALLAS MAVERICKS,30,0,630,104,238,22,65,57,71,25,33,46,24,6,28,63,287
lesji01,Jim Les,POINT GUARD,29,SACRAMENTO KINGS,73,0,881,110,259,66,154,42,50,20,69,169,40,7,48,81,328
lewisre01,Reggie Lewis,SHOOTING GUARD,27,BOSTON CELTICS,80,80,3144,663,1410,14,60,326,376,88,259,298,118,77,133,248,1666
liberma01,Marcus Liberty,SMALL FORWARD,24,DENVER NUGGETS,78,32,1585,252,620,22,59,102,156,131,204,105,64,21,79,143,628
lichtto01,Todd Lichti,SHOOTING GUARD,26,DENVER NUGGETS,48,12,752,124,276,2,6,81,102,35,67,52,28,11,49,60,331
listeal01,Alton Lister,CENTER,34,GOLDEN STATE WARRIORS,20,9,174,19,42,0,0,7,13,15,29,5,0,9,18,40,45
lohaubr01,Brad Lohaus,POWER FORWARD,28,MILWAUKEE BUCKS,80,24,1766,283,614,85,230,73,101,59,217,127,47,74,93,178,724
longgr01,Grant Long,POWER FORWARD,26,MIAMI HEAT,76,62,2728,397,847,6,26,261,341,197,371,182,104,31,133,264,1061
longllu01,Luc Longley,CENTER,24,MINNESOTA TIMBERWOLVES,55,25,1045,133,292,0,0,53,74,71,169,51,47,77,88,169,319
lynchke01,Kevin Lynch,SHOOTING GUARD,24,CHARLOTTE HORNETS,40,8,324,30,59,0,1,26,38,12,23,25,11,6,24,44,86
macksa01,Sam Mack,SMALL FORWARD,22,SAN ANTONIO SPURS,40,0,267,47,118,3,22,45,58,18,30,15,14,5,22,44,142
macledo01,Don MacLean,POWER FORWARD,23,WASHINGTON BULLETS,62,4,674,157,361,3,6,90,111,33,89,39,11,4,42,82,407
maconma01,Mark Macon,POINT GUARD,23,DENVER NUGGETS,48,27,1141,158,381,0,6,42,60,33,70,126,69,3,72,135,358
mahorri01,Rick Mahorn,POWER FORWARD,34,NEW JERSEY NETS,74,9,1077,101,214,1,3,88,110,93,186,33,19,31,58,156,291
majerda01,Dan Majerle,SHOOTING GUARD,27,PHOENIX SUNS,82,82,3199,509,1096,167,438,203,261,120,263,311,138,33,133,180,1388
malonje01,Jeff Malone,SHOOTING GUARD,31,UTAH JAZZ,79,59,2558,595,1205,3,9,236,277,31,142,128,42,4,125,117,1429
malonka01,Karl Malone,POWER FORWARD,29,UTAH JAZZ,82,82,3099,797,1443,4,20,619,836,227,692,308,124,85,240,261,2217
malonmo01,Moses Malone,CENTER,37,MILWAUKEE BUCKS,11,0,104,13,42,0,0,24,31,22,24,7,1,8,10,6,50
mannida01,Danny Manning,POWER FORWARD,26,LOS ANGELES CLIPPERS,79,77,2761,702,1379,8,30,388,484,198,322,207,108,101,230,323,1800
marcisa01,Šarūnas Marčiulionis,SMALL FORWARD,28,GOLDEN STATE WARRIORS,30,8,836,178,328,3,15,162,213,40,57,105,51,2,76,92,521
masonan01,Anthony Mason,POWER FORWARD,26,NEW YORK KNICKS,81,0,2482,316,629,0,0,199,292,231,409,170,43,19,137,240,831
maxeyma01,Marlon Maxey,POWER FORWARD,23,MINNESOTA TIMBERWOLVES,43,3,520,93,169,0,1,45,70,66,98,12,11,18,38,75,231
maxweve01,Vernon Maxwell,SHOOTING GUARD,27,HOUSTON ROCKETS,71,68,2251,349,858,120,361,164,228,29,192,297,86,8,140,124,982
maybele01,Lee Mayberry,POINT GUARD,22,MILWAUKEE BUCKS,82,4,1503,171,375,43,110,39,68,26,92,273,59,7,85,148,424
maystr01,Travis Mays,POINT GUARD,24,ATLANTA HAWKS,49,9,787,129,309,29,84,54,82,20,33,72,21,3,51,59,341
mccanbo01,Bob McCann,SMALL FORWARD,28,MINNESOTA TIMBERWOLVES,79,7,1536,200,410,0,2,95,152,92,190,68,51,58,79,202,495
mccloge01,George McCloud,SMALL FORWARD,25,INDIANA PACERS,78,21,1500,216,525,58,181,75,102,60,145,192,53,11,107,165,565
mccraro01,Rodney McCray,SMALL FORWARD,31,CHICAGO BULLS,64,5,1019,92,204,2,5,36,52,53,105,81,12,15,53,99,222
mcdanxa01,Xavier McDaniel,POWER FORWARD,29,BOSTON CELTICS,82,27,2215,457,924,6,22,191,241,168,321,163,72,51,171,249,1111
mchalke01,Kevin McHale,POWER FORWARD,35,BOSTON CELTICS,71,0,1656,298,649,2,18,164,195,95,263,73,16,59,92,126,762
mckeyde01,Derrick McKey,SMALL FORWARD,26,SEATTLE SUPERSONICS,77,68,2439,387,780,40,112,220,297,121,206,197,105,58,152,208,1034
mcmilna01,Nate McMillan,POINT GUARD,28,SEATTLE SUPERSONICS,73,25,1977,213,459,25,65,95,134,84,222,384,173,33,139,240,546
milleol01,Oliver Miller,CENTER,22,PHOENIX SUNS,56,1,1069,121,255,0,3,71,100,70,205,118,38,100,108,145,313
millere01,Reggie Miller,SHOOTING GUARD,27,INDIANA PACERS,82,82,2954,571,1193,167,419,427,485,67,191,262,120,26,145,182,1736
millste01,Terry Mills,POWER FORWARD,25,DETROIT PISTONS,81,46,2183,494,1072,10,36,201,254,176,296,111,44,50,142,282,1199
minerha01,Harold Miner,SHOOTING GUARD,21,MIAMI HEAT,73,0,1383,292,615,3,9,163,214,74,73,73,34,8,92,130,750
mitchsa01,Sam Mitchell,SMALL FORWARD,29,INDIANA PACERS,81,1,1402,215,483,4,23,150,185,93,155,76,23,10,51,207,584
mooretr01,Tracy Moore,SHOOTING GUARD,27,DALLAS MAVERICKS,39,1,510,103,249,23,67,53,61,23,29,47,21,4,32,54,282
morrich01,Chris Morris,SMALL FORWARD,27,NEW JERSEY NETS,77,57,2302,436,907,17,76,197,248,227,227,106,144,52,119,171,1086
morriis01,Isaiah Morris,SMALL FORWARD,23,DETROIT PISTONS,25,0,102,26,57,0,0,3,4,6,6,4,3,1,8,14,55
mournal01,Alonzo Mourning,CENTER,22,CHARLOTTE HORNETS,78,78,2644,572,1119,0,3,495,634,263,542,76,27,271,236,286,1639
mullich01,Chris Mullin,SMALL FORWARD,29,GOLDEN STATE WARRIORS,46,46,1902,474,930,60,133,183,226,42,190,166,68,41,139,76,1191
murdoer01,Eric Murdock,POINT GUARD,24,MILWAUKEE BUCKS,79,78,2437,438,936,31,119,231,296,95,189,603,174,7,207,177,1138
murratr01,Tracy Murray,SMALL FORWARD,21,PORTLAND TRAIL BLAZERS,48,14,495,108,260,21,70,35,40,40,43,11,8,5,31,59,272
mustaje01,Jerrod Mustaf,POWER FORWARD,23,PHOENIX SUNS,32,9,336,57,130,0,1,33,53,29,54,10,14,11,22,40,147
mutomdi01,Dikembe Mutombo,CENTER,26,DENVER NUGGETS,82,82,3029,398,781,0,0,335,492,344,726,147,43,287,216,284,1131
nancela01,Larry Nance,POWER FORWARD,33,CLEVELAND CAVALIERS,77,77,2753,533,971,0,4,202,247,184,484,223,54,198,107,223,1268
nealyed01,Ed Nealy,POWER FORWARD,32,GOLDEN STATE WARRIORS,30,4,229,16,46,7,22,7,10,8,40,13,9,1,5,35,46
nealyed01,Ed Nealy,POWER FORWARD,32,CHICAGO BULLS,11,0,79,10,23,1,5,2,2,4,12,2,3,1,2,6,23
newbeme01,Melvin Newbern,SHOOTING GUARD,25,DETROIT PISTONS,33,1,311,42,113,1,8,34,60,19,18,57,23,1,32,42,119
newmajo01,Johnny Newman,SMALL FORWARD,29,CHARLOTTE HORNETS,64,27,1471,279,534,12,45,194,240,72,71,117,45,19,90,154,764
normake01,Ken Norman,SMALL FORWARD,28,LOS ANGELES CLIPPERS,76,71,2477,498,975,10,38,131,220,209,362,165,59,58,125,156,1137
onealsh01,Shaquille O'Neal,CENTER,20,ORLANDO MAGIC,81,81,3071,733,1304,0,2,427,721,342,780,152,60,286,307,321,1893
osullda01,Dan O'Sullivan,CENTER,24,NEW JERSEY NETS,3,0,10,2,3,0,0,0,0,2,2,0,0,0,0,1,4
osullda01,Dan O'Sullivan,CENTER,24,MILWAUKEE BUCKS,3,0,7,1,2,0,0,3,4,0,2,1,1,0,0,3,5
oaklech01,Charles Oakley,POWER FORWARD,29,NEW YORK KNICKS,82,82,2230,219,431,0,1,127,176,288,420,126,85,15,124,289,565
oggal01,Alan Ogg,CENTER,25,MILWAUKEE BUCKS,3,0,26,3,9,0,0,2,2,1,5,4,1,3,3,6,8
oggal01,Alan Ogg,CENTER,25,WASHINGTON BULLETS,3,0,3,2,4,0,0,1,2,2,2,0,0,0,0,0,5
olajuha01,Hakeem Olajuwon,CENTER,30,HOUSTON ROCKETS,82,82,3242,848,1603,0,8,444,570,283,785,291,150,342,262,305,2140
othicma01,Matt Othick,POINT GUARD,23,SAN ANTONIO SPURS,4,0,39,3,5,2,4,0,2,1,1,7,1,0,4,7,8
overtdo01,Doug Overton,POINT GUARD,23,WASHINGTON BULLETS,45,13,990,152,323,3,13,59,81,25,81,157,31,6,72,81,366
owensbi01,Billy Owens,POWER FORWARD,23,GOLDEN STATE WARRIORS,37,37,1201,247,493,1,11,117,183,108,156,144,35,28,106,105,612
packro01,Robert Pack,POINT GUARD,23,DENVER NUGGETS,77,1,1579,285,606,1,8,239,311,52,108,335,81,10,185,182,810
paddige01,Gerald Paddio,SMALL FORWARD,27,SEATTLE SUPERSONICS,41,3,307,71,159,2,8,14,21,17,33,33,14,6,16,24,158
palmewa01,Walter Palmer,CENTER,24,DALLAS MAVERICKS,20,0,124,27,57,0,0,6,9,12,32,5,1,5,10,29,60
parisro01,Robert Parish,CENTER,39,BOSTON CELTICS,79,79,2146,416,777,0,0,162,235,246,494,61,57,107,120,201,994
paxsojo01,John Paxson,POINT GUARD,32,CHICAGO BULLS,59,8,1030,105,233,19,41,17,20,9,39,136,38,2,31,99,246
payneke01,Kenny Payne,SMALL FORWARD,26,PHILADELPHIA 76ERS,13,0,154,38,90,4,18,4,4,4,20,18,5,2,7,15,84
paytoga01,Gary Payton,POINT GUARD,24,SEATTLE SUPERSONICS,82,78,2548,476,963,7,34,151,196,95,186,399,177,21,148,250,1110
peelean01,Anthony Peeler,SHOOTING GUARD,23,LOS ANGELES LAKERS,77,11,1656,297,634,46,118,162,206,64,115,166,60,14,123,193,802
perduwi01,Will Perdue,CENTER,27,CHICAGO BULLS,72,16,998,137,246,0,1,67,111,103,184,74,22,47,74,139,341
perkisa01,Sam Perkins,POWER FORWARD,31,LOS ANGELES LAKERS,49,49,1589,242,527,5,29,184,222,111,268,128,40,51,76,139,673
perkisa01,Sam Perkins,POWER FORWARD,31,SEATTLE SUPERSONICS,30,13,762,139,272,19,42,66,83,52,93,28,20,31,32,86,363
perryti01,Tim Perry,POWER FORWARD,27,PHILADELPHIA 76ERS,81,51,2104,287,613,10,49,147,207,154,255,126,40,91,123,159,731
persoch01,Chuck Person,SMALL FORWARD,28,MINNESOTA TIMBERWOLVES,78,75,2985,541,1248,118,332,109,168,98,335,343,67,30,219,198,1309
petrodr01,Dražen Petrović,SHOOTING GUARD,28,NEW JERSEY NETS,70,67,2660,587,1134,75,167,315,362,42,148,247,94,13,204,237,1564
phillbo01,Bobby Phills,SHOOTING GUARD,23,CLEVELAND CAVALIERS,31,0,139,38,82,2,5,15,25,6,11,10,10,2,18,19,93
piercri01,Ricky Pierce,SHOOTING GUARD,33,SEATTLE SUPERSONICS,77,72,2218,524,1071,42,113,313,352,58,134,220,100,7,160,167,1403
pincked01,Ed Pinckney,POWER FORWARD,29,BOSTON CELTICS,7,5,151,10,24,0,0,12,13,14,29,1,4,7,8,13,32
pippesc01,Scottie Pippen,SMALL FORWARD,27,CHICAGO BULLS,81,81,3123,628,1327,22,93,232,350,203,418,507,173,73,246,219,1510
plummga01,Gary Plummer,POWER FORWARD,30,DENVER NUGGETS,60,0,737,106,228,0,3,69,95,53,120,40,14,11,78,141,281
polynol01,Olden Polynice,CENTER,28,DETROIT PISTONS,67,18,1299,210,429,0,1,66,142,181,237,29,31,21,54,126,486
portete01,Terry Porter,POINT GUARD,29,PORTLAND TRAIL BLAZERS,81,81,2883,503,1108,143,345,327,388,58,258,419,101,10,199,122,1476
presspa01,Paul Pressey,SHOOTING GUARD,34,GOLDEN STATE WARRIORS,18,0,268,29,66,0,4,21,27,8,23,30,11,5,23,36,79
pricebr01,Brent Price,POINT GUARD,24,WASHINGTON BULLETS,68,9,859,100,279,8,48,54,68,28,75,154,56,3,85,90,262
pricema01,Mark Price,POINT GUARD,28,CLEVELAND CAVALIERS,75,74,2380,477,986,122,293,289,305,37,164,602,89,11,196,105,1365
pullaan01,Anthony Pullard,POWER FORWARD,26,MILWAUKEE BUCKS,8,0,37,8,18,0,0,1,3,2,6,2,2,2,5,5,17
rambiku01,Kurt Rambis,POWER FORWARD,34,PHOENIX SUNS,5,0,41,4,7,0,0,1,2,2,4,1,3,0,6,3,9
rambiku01,Kurt Rambis,POWER FORWARD,34,SACRAMENTO KINGS,67,1,781,63,122,0,2,42,63,75,146,52,40,18,36,119,168
randama01,Mark Randall,POWER FORWARD,25,MINNESOTA TIMBERWOLVES,2,0,8,0,1,0,1,0,0,0,0,1,0,0,1,1,0
randama01,Mark Randall,POWER FORWARD,25,DETROIT PISTONS,35,0,240,40,79,1,7,16,26,27,28,10,4,2,16,32,97
rasmubl01,Blair Rasmussen,CENTER,30,ATLANTA HAWKS,22,6,283,30,80,2,6,9,13,20,35,5,5,10,12,61,71
reidjr01,J.R. Reid,POWER FORWARD,24,CHARLOTTE HORNETS,17,1,295,42,98,0,1,43,58,20,50,24,11,5,24,49,127
reidjr01,J.R. Reid,POWER FORWARD,24,SAN ANTONIO SPURS,66,24,1592,241,497,0,4,171,222,100,286,56,36,26,101,217,653
ricegl01,Glen Rice,SMALL FORWARD,25,MIAMI HEAT,82,82,3082,582,1324,148,386,242,295,92,332,180,92,25,157,201,1554
richapo01,Pooh Richardson,POINT GUARD,26,INDIANA PACERS,74,73,2396,337,703,3,29,92,124,63,204,573,94,12,167,132,769
richmmi01,Mitch Richmond,SHOOTING GUARD,27,SACRAMENTO KINGS,45,45,1728,371,782,48,130,197,233,18,136,221,53,9,130,137,987
riverdo01,Doc Rivers,POINT GUARD,31,NEW YORK KNICKS,77,45,1886,216,494,39,123,133,162,26,166,405,123,9,114,215,604
roberfr01,Fred Roberts,CENTER,32,MILWAUKEE BUCKS,79,5,1488,226,428,12,29,135,169,91,146,118,57,27,67,138,599
roberst01,Stanley Roberts,CENTER,22,LOS ANGELES CLIPPERS,77,76,1816,375,711,0,0,120,246,181,297,59,34,141,121,332,870
roberal01,Alvin Robertson,SHOOTING GUARD,30,MILWAUKEE BUCKS,39,32,1065,139,290,17,55,44,70,47,90,156,90,9,77,120,339
roberal01,Alvin Robertson,SHOOTING GUARD,30,DETROIT PISTONS,30,22,941,108,249,23,67,40,58,60,72,107,65,9,56,98,279
robincl02,Clifford Robinson,POWER FORWARD,26,PORTLAND TRAIL BLAZERS,82,12,2575,632,1336,19,77,287,416,165,377,182,98,163,173,287,1570
robinda01,David Robinson,CENTER,27,SAN ANTONIO SPURS,82,82,3211,676,1348,3,17,561,766,229,727,301,127,264,241,239,1916
robinla01,Larry Robinson,SHOOTING GUARD,25,WASHINGTON BULLETS,4,0,33,6,16,0,1,3,5,1,2,3,1,1,1,0,15
robinru01,Rumeal Robinson,POINT GUARD,26,NEW JERSEY NETS,80,28,1585,270,638,20,56,112,195,49,110,323,96,12,140,169,672
rodmade01,Dennis Rodman,POWER FORWARD,31,DETROIT PISTONS,62,55,2410,183,429,15,73,87,163,367,765,102,48,45,103,201,468
rollitr01,Tree Rollins,CENTER,37,HOUSTON ROCKETS,42,0,247,11,41,0,2,9,12,12,48,10,6,15,9,43,31
rooksse01,Sean Rooks,CENTER,23,DALLAS MAVERICKS,72,68,2087,368,747,0,2,234,389,196,340,95,38,81,160,204,970
royaldo01,Donald Royal,SMALL FORWARD,26,ORLANDO MAGIC,77,0,1636,194,391,0,3,318,390,116,179,80,36,25,113,179,706
ruddde01,Delaney Rudd,POINT GUARD,30,PORTLAND TRAIL BLAZERS,15,1,95,7,36,1,11,11,14,4,5,17,1,0,11,7,26
rulanje01,Jeff Ruland,CENTER,34,DETROIT PISTONS,11,0,55,5,11,0,0,2,4,9,9,2,2,0,6,16,12
sallejo01,John Salley,POWER FORWARD,28,MIAMI HEAT,51,34,1422,154,307,0,0,115,144,113,200,83,32,70,101,192,423
sandeje01,Jeff Sanders,POWER FORWARD,27,ATLANTA HAWKS,9,0,120,10,25,0,0,4,8,12,17,6,8,1,11,16,24
sandemi01,Mike Sanders,SMALL FORWARD,32,CLEVELAND CAVALIERS,53,51,1189,197,396,1,4,59,78,52,118,75,39,30,57,150,454
schayda01,Danny Schayes,CENTER,33,MILWAUKEE BUCKS,70,7,1124,105,263,0,3,112,137,72,177,78,36,36,65,148,322
schefst01,Steve Scheffler,CENTER,25,SEATTLE SUPERSONICS,29,5,166,25,48,0,0,16,24,15,21,5,6,1,5,37,66
schindw01,Dwayne Schintzius,CENTER,24,NEW JERSEY NETS,5,0,35,2,7,0,0,3,3,2,6,2,2,2,0,4,7
schrede01,Detlef Schrempf,POWER FORWARD,30,INDIANA PACERS,82,60,3098,517,1085,8,52,525,653,210,570,493,79,27,243,305,1567
scottby01,Byron Scott,SHOOTING GUARD,31,LOS ANGELES LAKERS,58,53,1677,296,659,44,135,156,184,27,107,157,55,13,70,98,792
scottde01,Dennis Scott,SMALL FORWARD,24,ORLANDO MAGIC,54,43,1759,329,763,108,268,92,117,38,148,136,57,18,104,131,858
sealyma01,Malik Sealy,SMALL FORWARD,22,INDIANA PACERS,58,2,672,136,319,7,31,51,74,60,52,47,36,7,58,74,330
seikaro01,Rony Seikaly,CENTER,27,MIAMI HEAT,72,64,2456,417,868,1,8,397,540,259,587,100,38,83,203,260,1232
sellebr01,Brad Sellers,POWER FORWARD,30,MINNESOTA TIMBERWOLVES,54,4,533,49,130,0,1,37,39,27,56,46,6,11,27,40,135
shackch01,Charles Shackleford,CENTER,26,PHILADELPHIA 76ERS,48,0,568,80,164,0,2,31,49,65,140,26,13,25,36,92,191
shawbr01,Brian Shaw,POINT GUARD,26,MIAMI HEAT,68,45,1603,197,501,43,130,61,78,70,187,235,48,19,96,163,498
simmoli01,Lionel Simmons,SMALL FORWARD,24,SACRAMENTO KINGS,69,68,2502,468,1055,1,11,298,364,156,339,312,95,38,196,197,1235
skilesc01,Scott Skiles,POINT GUARD,28,ORLANDO MAGIC,78,78,3086,416,891,80,235,289,324,52,238,735,86,2,267,244,1201
smithch01,Charles Smith,SMALL FORWARD,27,NEW YORK KNICKS,81,68,2172,358,764,0,2,287,367,170,262,142,48,96,155,254,1003
smithch03,Chris Smith,SHOOTING GUARD,22,MINNESOTA TIMBERWOLVES,80,6,1266,125,289,2,14,95,120,32,64,196,48,16,68,96,347
smithdo03,Doug Smith,POWER FORWARD,23,DALLAS MAVERICKS,61,42,1524,289,666,0,4,56,74,96,232,104,48,52,115,280,634
smithke01,Kenny Smith,POINT GUARD,27,HOUSTON ROCKETS,82,82,2422,387,744,96,219,195,222,28,132,446,80,7,163,110,1065
smithla02,LaBradford Smith,SHOOTING GUARD,23,WASHINGTON BULLETS,69,33,1546,261,570,8,23,109,127,26,80,186,58,9,103,178,639
smithla01,Larry Smith,POWER FORWARD,35,SAN ANTONIO SPURS,66,13,833,38,87,0,0,9,22,103,165,28,23,16,39,133,85
smithre01,Reggie Smith,CENTER,22,PORTLAND TRAIL BLAZERS,23,0,68,10,27,0,1,3,14,15,6,1,4,1,4,16,23
smithst01,Steve Smith,SHOOTING GUARD,23,MIAMI HEAT,48,43,1610,279,619,53,132,155,197,56,141,267,50,16,129,148,766
smithto02,Tony Smith,SHOOTING GUARD,24,LOS ANGELES LAKERS,55,9,752,133,275,2,11,62,82,46,41,63,50,7,40,72,330
smitsri01,Rik Smits,CENTER,26,INDIANA PACERS,81,81,2072,494,1017,0,0,167,228,126,306,121,27,75,147,285,1155
spencan01,Andre Spencer,SMALL FORWARD,28,ATLANTA HAWKS,3,0,15,0,3,0,0,0,0,0,1,0,2,0,2,3,0
spencan01,Andre Spencer,SMALL FORWARD,28,GOLDEN STATE WARRIORS,17,1,407,73,160,0,2,41,54,38,42,24,15,7,24,61,187
spencel01,Elmore Spencer,CENTER,23,LOS ANGELES CLIPPERS,44,4,280,44,82,0,0,16,32,17,45,8,8,18,26,54,104
spencfe01,Felton Spencer,CENTER,25,MINNESOTA TIMBERWOLVES,71,48,1296,105,226,0,0,83,127,134,190,17,23,66,70,243,293
sprewla01,Latrell Sprewell,SHOOTING GUARD,22,GOLDEN STATE WARRIORS,77,69,2741,449,968,73,198,211,283,79,192,295,126,52,203,166,1182
starkjo01,John Starks,SHOOTING GUARD,27,NEW YORK KNICKS,80,51,2477,513,1199,108,336,263,331,54,150,404,91,12,173,234,1397
steveba01,Barry Stevens,SMALL FORWARD,30,GOLDEN STATE WARRIORS,2,0,6,1,2,0,0,0,0,2,0,0,0,0,0,1,2
stewala01,Larry Stewart,SMALL FORWARD,24,WASHINGTON BULLETS,81,8,1823,306,564,0,2,184,253,154,229,146,47,29,153,191,796
stithbr01,Bryant Stith,SHOOTING GUARD,22,DENVER NUGGETS,39,12,865,124,278,0,4,99,119,39,85,49,24,5,44,82,347
stivral01,Alex Stivrins,POWER FORWARD,30,PHOENIX SUNS,10,0,35,11,18,0,1,0,0,2,6,1,1,1,5,7,22
stivral01,Alex Stivrins,SMALL FORWARD,30,LOS ANGELES CLIPPERS,1,0,1,0,1,0,0,0,0,0,0,0,0,0,0,0,0
stivral01,Alex Stivrins,SMALL FORWARD,30,MILWAUKEE BUCKS,3,0,25,4,11,0,0,3,4,3,3,2,1,0,2,4,11
stivral01,Alex Stivrins,POWER FORWARD,30,ATLANTA HAWKS,5,0,15,4,9,0,1,0,0,2,3,0,0,1,0,0,8
stockjo01,John Stockton,POINT GUARD,30,UTAH JAZZ,82,82,2863,437,899,72,187,293,367,64,173,987,199,21,266,224,1239
stricro02,Rod Strickland,SHOOTING GUARD,26,PORTLAND TRAIL BLAZERS,78,35,2474,396,816,4,30,273,381,120,217,559,131,24,199,153,1069
stronde01,Derek Strong,POWER FORWARD,24,MILWAUKEE BUCKS,23,0,339,42,92,4,8,68,85,40,75,14,11,1,13,20,156
strotla01,Lamont Strothers,SHOOTING GUARD,24,DALLAS MAVERICKS,9,0,138,20,61,2,13,8,10,8,6,13,8,0,15,13,50
teaglte01,Terry Teagle,SHOOTING GUARD,32,HOUSTON ROCKETS,2,0,25,2,7,0,0,1,2,0,3,2,0,0,1,1,5
thomais01,Isiah Thomas,POINT GUARD,31,DETROIT PISTONS,79,79,2922,526,1258,61,198,278,377,71,161,671,123,18,284,222,1391
thompla01,LaSalle Thompson,CENTER,31,INDIANA PACERS,63,0,730,104,213,0,1,29,39,55,123,34,29,24,47,137,237
thorpot01,Otis Thorpe,POWER FORWARD,30,HOUSTON ROCKETS,72,69,2357,385,690,0,2,153,256,219,370,181,43,19,151,234,923
threase01,Sedale Threatt,POINT GUARD,31,LOS ANGELES LAKERS,82,82,2893,522,1028,14,53,177,215,47,226,564,142,11,173,248,1235
tisdawa01,Wayman Tisdale,POWER FORWARD,28,SACRAMENTO KINGS,76,75,2283,544,1068,0,2,175,231,127,373,108,52,47,117,277,1263
tolbeto01,Tom Tolbert,POWER FORWARD,27,ORLANDO MAGIC,72,61,1838,226,454,9,28,122,168,133,279,91,33,21,124,192,583
tucketr01,Trent Tucker,SHOOTING GUARD,33,CHICAGO BULLS,69,0,909,143,295,52,131,18,22,16,55,82,24,6,18,65,356
turneje01,Jeff Turner,POWER FORWARD,30,ORLANDO MAGIC,75,20,1479,231,437,10,17,56,70,74,178,107,19,9,66,192,528
vandeki01,Kiki Vandeweghe,SMALL FORWARD,34,LOS ANGELES CLIPPERS,41,3,494,92,203,12,37,58,66,12,36,25,13,7,20,45,254
vaughlo01,Loy Vaught,POWER FORWARD,24,LOS ANGELES CLIPPERS,79,4,1653,313,616,1,4,116,155,164,328,54,55,39,83,172,743
vetragu01,Gundars Vētra,SMALL FORWARD,25,MINNESOTA TIMBERWOLVES,13,0,89,19,40,3,3,4,6,4,4,6,2,0,2,12,45
walkeda01,Darrell Walker,SHOOTING GUARD,31,DETROIT PISTONS,9,2,144,3,19,0,1,2,6,4,15,9,10,0,13,12,8
walkeda01,Darrell Walker,POINT GUARD,31,CHICAGO BULLS,28,0,367,31,77,0,0,10,20,18,21,44,23,2,12,51,72
washidu01,Duane Washington,SHOOTING GUARD,28,LOS ANGELES CLIPPERS,4,0,28,0,5,0,0,0,0,0,2,5,1,0,2,2,0
weathcl01,Clarence Weatherspoon,SMALL FORWARD,22,PHILADELPHIA 76ERS,82,82,2654,494,1053,1,4,291,408,179,410,147,85,67,176,188,1280
webbma01,Marcus Webb,POWER FORWARD,22,BOSTON CELTICS,9,0,51,13,25,0,1,13,21,5,5,2,1,2,5,11,39
webbsp01,Spud Webb,POINT GUARD,29,SACRAMENTO KINGS,69,68,2335,342,789,37,135,279,328,44,149,481,104,6,194,177,1000
werdaro01,Robert Werdann,CENTER,22,DENVER NUGGETS,28,0,149,18,59,0,1,17,31,23,29,7,6,4,12,38,53
westdo01,Doug West,SHOOTING GUARD,25,MINNESOTA TIMBERWOLVES,80,80,3104,646,1249,2,23,249,296,89,158,235,85,21,165,279,1543
westma01,Mark West,CENTER,32,PHOENIX SUNS,82,82,1558,175,285,0,0,86,166,153,305,29,16,103,93,243,436
whitera01,Randy White,POWER FORWARD,25,DALLAS MAVERICKS,64,20,1433,235,540,10,42,138,184,154,216,49,63,45,108,226,618
wileymo01,Morlon Wiley,POINT GUARD,26,ATLANTA HAWKS,25,2,354,26,81,15,51,5,8,9,26,81,26,2,29,49,72
wileymo01,Morlon Wiley,POINT GUARD,26,DALLAS MAVERICKS,33,13,641,70,173,39,103,12,18,20,36,100,39,1,51,78,191
wilkido01,Dominique Wilkins,SMALL FORWARD,33,ATLANTA HAWKS,71,70,2647,741,1584,120,316,519,627,187,295,227,70,27,184,116,2121
wilkied01,Eddie Lee Wilkins,POWER FORWARD,30,PHILADELPHIA 76ERS,26,0,192,55,97,0,2,48,78,14,26,2,7,1,17,34,158
wilkige01,Gerald Wilkins,SMALL FORWARD,29,CLEVELAND CAVALIERS,80,35,2079,361,797,16,58,152,181,74,140,183,78,18,94,154,890
willibu01,Buck Williams,POWER FORWARD,32,PORTLAND TRAIL BLAZERS,82,82,2498,270,528,0,1,138,214,232,458,75,81,61,101,270,678
willico01,Corey Williams,POINT GUARD,22,CHICAGO BULLS,35,0,242,31,85,1,3,18,22,19,12,23,4,2,11,24,81
willihe01,Herb Williams,CENTER,34,NEW YORK KNICKS,55,0,571,72,175,0,0,14,21,44,102,19,21,28,22,78,158
williho01,Hot Rod Williams,CENTER,30,CLEVELAND CAVALIERS,67,13,2055,263,560,0,0,212,296,127,288,152,48,105,116,171,738
willija01,Jayson Williams,POWER FORWARD,24,NEW JERSEY NETS,12,2,139,21,46,0,0,7,18,22,19,0,4,4,8,24,49
willijo02,John Williams,SMALL FORWARD,26,LOS ANGELES CLIPPERS,74,8,1638,205,477,12,53,70,129,88,228,142,83,23,79,188,492
willike03,Kenny Williams,SMALL FORWARD,23,INDIANA PACERS,57,0,844,150,282,0,3,48,68,102,126,38,21,45,28,87,348
willilo01,Lorenzo Williams,CENTER,23,CHARLOTTE HORNETS,2,0,18,1,3,0,0,0,0,3,6,0,0,2,2,4,2
willilo01,Lorenzo Williams,POWER FORWARD,23,ORLANDO MAGIC,3,0,10,0,2,0,0,0,0,1,1,0,1,1,0,2,0
willilo01,Lorenzo Williams,POWER FORWARD,23,BOSTON CELTICS,22,7,151,16,31,0,0,2,7,13,31,5,4,14,6,23,34
willimi02,Micheal Williams,POINT GUARD,26,MINNESOTA TIMBERWOLVES,76,76,2661,353,791,26,107,419,462,84,189,661,165,23,227,268,1151
willire01,Reggie Williams,SMALL FORWARD,28,DENVER NUGGETS,79,79,2722,535,1167,33,122,238,296,132,296,295,126,76,194,284,1341
willisc01,Scott Williams,POWER FORWARD,24,CHICAGO BULLS,71,5,1369,166,356,0,7,90,126,168,283,68,55,66,73,230,422
williwa02,Walt Williams,SMALL FORWARD,22,SACRAMENTO KINGS,59,26,1673,358,823,61,191,224,302,115,150,178,66,29,179,209,1001
willike02,Kevin Willis,POWER FORWARD,30,ATLANTA HAWKS,80,80,2878,616,1218,7,29,196,300,335,693,165,68,41,213,264,1435
winchke01,Kennard Winchester,SHOOTING GUARD,26,HOUSTON ROCKETS,39,0,340,61,139,4,19,17,22,17,32,13,10,10,15,40,143
wingada01,David Wingate,SMALL FORWARD,29,CHARLOTTE HORNETS,72,55,1471,180,336,1,6,79,107,49,125,183,66,9,89,135,440
wolfjo01,Joe Wolf,CENTER,28,BOSTON CELTICS,2,0,9,0,1,0,0,1,2,1,2,0,0,1,2,2,1
wolfjo01,Joe Wolf,CENTER,28,PORTLAND TRAIL BLAZERS,21,0,156,20,43,0,1,12,14,13,32,5,7,0,5,22,52
woodda01,David Wood,POWER FORWARD,28,SAN ANTONIO SPURS,64,2,598,52,117,5,21,46,55,38,59,34,13,12,29,93,155
woodsra01,Randy Woods,POINT GUARD,22,LOS ANGELES CLIPPERS,41,1,174,23,66,3,14,19,26,6,8,40,14,1,16,26,68
woolror01,Orlando Woolridge,SMALL FORWARD,33,DETROIT PISTONS,50,47,1477,271,566,0,9,113,168,84,92,112,26,25,73,114,655
woolror01,Orlando Woolridge,SMALL FORWARD,33,MILWAUKEE BUCKS,8,0,78,18,33,0,0,7,9,3,6,3,1,2,6,8,43
worthja01,James Worthy,SMALL FORWARD,31,LOS ANGELES LAKERS,82,69,2359,510,1142,30,111,171,211,73,174,278,92,27,137,87,1221
wrighho02,Howard Wright,POWER FORWARD,25,ORLANDO MAGIC,4,0,10,4,5,0,0,0,2,1,1,0,0,0,0,0,8
youngda01,Danny Young,POINT GUARD,30,DETROIT PISTONS,65,2,836,69,167,22,68,28,32,13,34,119,31,5,30,36,188
