slug,name,positions,age,team,games_played,games_started,minutes_played,made_field_goals,attempted_field_goals,made_three_point_field_goals,attempted_three_point_field_goals,made_free_throws,attempted_free_throws,offensive_rebounds,defensive_rebounds,assists,steals,blocks,turnovers,personal_fouls,points
abdelal01,Alaa Abdelnaby,POWER FORWARD,26,SACRAMENTO KINGS,51,0,476,117,220,0,2,20,35,34,72,13,15,12,40,102,254
abdelal01,Alaa Abdelnaby,POWER FORWARD,26,PHILADELPHIA 76ERS,3,0,30,1,11,0,0,0,0,3,5,0,0,0,5,2,2
abdulma02,Mahmoud Abdul-Rauf,POINT GUARD,25,DENVER NUGGETS,73,43,2082,472,1005,83,215,138,156,32,105,263,77,9,119,126,1165
adamsmi01,Michael Adams,POINT GUARD,32,CHARLOTTE HORNETS,29,0,443,67,148,29,81,25,30,6,23,95,23,1,26,41,188
addisra01,Rafael Addison,SMALL FORWARD,30,DETROIT PISTONS,79,16,1776,279,586,24,83,74,99,67,175,109,53,25,76,236,656
aingeda01,Danny Ainge,SHOOTING GUARD,35,PHOENIX SUNS,74,1,1374,194,422,78,214,105,130,25,84,210,46,7,79,155,571
alexavi01,Victor Alexander,CENTER,25,GOLDEN STATE WARRIORS,50,29,1237,230,447,6,25,36,60,87,204,60,28,29,76,145,502
alstode01,Derrick Alston,CENTER,22,PHILADELPHIA 76ERS,64,1,1032,120,258,0,4,59,120,98,121,33,39,35,53,107,299
andergr01,Greg Anderson,POWER FORWARD,30,ATLANTA HAWKS,51,0,622,57,104,0,0,34,71,62,126,17,23,32,32,103,148
anderke01,Kenny Anderson,POINT GUARD,24,NEW JERSEY NETS,72,70,2689,411,1031,97,294,348,414,73,177,680,103,14,225,184,1267
anderni01,Nick Anderson,SHOOTING GUARD,27,ORLANDO MAGIC,76,76,2588,439,923,179,431,143,203,85,250,314,125,22,141,124,1200
anderwi01,Willie Anderson,SHOOTING GUARD,28,SAN ANTONIO SPURS,38,11,556,76,162,3,19,30,41,15,40,52,26,10,38,71,185
anthogr01,Greg Anthony,POINT GUARD,27,NEW YORK KNICKS,61,2,943,128,293,56,155,60,76,7,57,160,50,7,57,99,372
armstbj01,B.J. Armstrong,POINT GUARD,27,CHICAGO BULLS,82,82,2577,418,894,108,253,206,233,25,161,244,84,8,103,159,1150
armstda01,Darrell Armstrong,POINT GUARD,26,ORLANDO MAGIC,3,0,8,3,8,2,6,2,2,1,0,3,1,0,1,3,10
askewvi01,Vincent Askew,SHOOTING GUARD,28,SEATTLE SUPERSONICS,71,1,1721,248,504,31,94,176,238,65,116,176,49,13,85,191,703
askinke01,Keith Askins,SMALL FORWARD,27,MIAMI HEAT,50,5,854,81,207,21,78,46,57,86,112,39,35,17,25,109,229
augmost01,Stacey Augmon,SHOOTING GUARD,26,ATLANTA HAWKS,76,76,2362,397,876,7,26,252,346,157,211,197,100,47,152,163,1053
aventan01,Anthony Avent,POWER FORWARD,25,ORLANDO MAGIC,71,3,1066,105,244,0,0,48,75,97,196,41,28,50,53,170,258
bakervi01,Vin Baker,POWER FORWARD,23,MILWAUKEE BUCKS,82,82,3361,594,1229,7,24,256,432,289,557,296,86,116,221,277,1451
barklch01,Charles Barkley,POWER FORWARD,31,PHOENIX SUNS,68,66,2382,554,1141,74,219,379,507,203,553,276,110,45,150,201,1561
barroda01,Dana Barros,POINT GUARD,27,PHILADELPHIA 76ERS,82,82,3318,571,1165,197,425,347,386,27,247,619,149,4,242,159,1686
barryjo01,Jon Barry,SHOOTING GUARD,25,MILWAUKEE BUCKS,52,0,602,57,134,16,48,61,80,15,34,85,30,4,41,54,191
battljo01,John Battle,SHOOTING GUARD,32,CLEVELAND CAVALIERS,28,0,280,43,114,11,31,19,26,3,8,37,8,1,17,28,116
bazarse01,Sergei Bazarevich,POINT GUARD,29,ATLANTA HAWKS,10,0,74,11,22,1,6,7,9,1,6,14,1,1,7,10,30
benjabe01,Benoit Benjamin,CENTER,30,NEW JERSEY NETS,61,57,1598,271,531,0,0,133,175,94,346,38,23,64,125,151,675
benneel01,Elmer Bennett,POINT GUARD,24,CLEVELAND CAVALIERS,4,0,18,6,11,0,2,3,4,0,1,3,4,0,3,3,15
benneto01,Tony Bennett,POINT GUARD,25,CHARLOTTE HORNETS,3,0,46,6,13,2,9,0,0,0,2,4,0,0,3,6,14
benoida01,David Benoit,SMALL FORWARD,26,UTAH JAZZ,71,67,1841,285,587,38,115,132,157,96,272,58,45,47,75,183,740
blackja01,James Blackwell,POINT GUARD,26,CHARLOTTE HORNETS,4,0,19,2,3,0,0,0,0,0,3,5,1,0,2,1,4
blackja01,James Blackwell,POINT GUARD,26,BOSTON CELTICS,9,0,61,6,10,0,0,2,3,2,6,6,3,0,3,7,14
blaylmo01,Mookie Blaylock,POINT GUARD,27,ATLANTA HAWKS,80,80,3069,509,1198,199,555,156,214,117,276,616,200,26,242,164,1373
blounco01,Corie Blount,POWER FORWARD,26,CHICAGO BULLS,68,9,889,100,210,0,2,38,67,107,133,60,26,33,59,146,238
boguemu01,Muggsy Bogues,POINT GUARD,30,CHARLOTTE HORNETS,78,78,2629,348,730,6,30,160,180,51,206,675,103,0,132,151,862
bolma01,Manute Bol,CENTER,32,GOLDEN STATE WARRIORS,5,2,81,6,10,3,5,0,0,1,11,0,0,9,1,10,15
bondwa01,Walter Bond,SHOOTING GUARD,25,DETROIT PISTONS,5,0,51,3,12,1,4,3,4,1,4,7,1,0,3,10,10
bondwa01,Walter Bond,SHOOTING GUARD,25,UTAH JAZZ,18,0,239,36,72,14,37,11,16,7,20,17,5,4,14,37,97
bonnean01,Anthony Bonner,POWER FORWARD,26,NEW YORK KNICKS,58,23,1126,88,193,1,5,44,67,113,149,80,48,23,79,159,221
bowiean01,Anthony Bowie,SHOOTING GUARD,31,ORLANDO MAGIC,77,4,1261,177,369,12,40,61,73,54,85,159,47,21,86,138,427
bowiesa01,Sam Bowie,CENTER,33,LOS ANGELES LAKERS,67,10,1225,118,267,2,11,68,89,72,216,118,21,80,91,182,306
bradlsh01,Shawn Bradley,CENTER,22,PHILADELPHIA 76ERS,82,59,2365,315,693,0,3,148,232,243,416,53,54,274,142,338,778
brandte01,Terrell Brandon,POINT GUARD,24,CLEVELAND CAVALIERS,67,41,1961,341,762,48,121,159,186,35,151,363,107,14,144,118,889
breauti01,Tim Breaux,SMALL FORWARD,24,HOUSTON ROCKETS,42,2,340,45,121,6,25,32,49,16,18,15,11,4,16,25,128
brooksc01,Scott Brooks,POINT GUARD,29,HOUSTON ROCKETS,28,0,186,35,65,8,17,18,21,1,12,22,8,1,14,14,96
brooksc01,Scott Brooks,POINT GUARD,29,DALLAS MAVERICKS,31,0,622,91,210,17,52,46,58,13,40,94,26,3,33,42,245
brownch01,Chucky Brown,SMALL FORWARD,26,HOUSTON ROCKETS,41,14,814,105,174,1,3,38,62,64,125,30,11,14,29,105,249
brownde01,Dee Brown,SHOOTING GUARD,26,BOSTON CELTICS,79,69,2792,437,977,126,327,236,277,63,186,301,110,49,146,181,1236
brownmi01,Mike Brown,CENTER,31,MINNESOTA TIMBERWOLVES,27,0,213,10,40,0,1,15,27,9,36,10,7,0,16,35,35
brownpj01,P.J. Brown,CENTER,25,NEW JERSEY NETS,80,63,2466,254,570,4,24,139,207,178,309,135,69,135,80,262,651
brownra02,Randy Brown,POINT GUARD,26,SACRAMENTO KINGS,67,2,1086,124,287,14,47,55,82,24,84,133,99,19,78,153,317
bryanma01,Mark Bryant,POWER FORWARD,29,PORTLAND TRAIL BLAZERS,49,0,658,101,192,1,2,41,63,55,106,28,19,16,39,109,244
buechju01,Jud Buechler,SMALL FORWARD,26,CHICAGO BULLS,57,0,605,90,183,15,48,22,39,36,62,50,24,12,30,64,217
burresc01,Scott Burrell,SMALL FORWARD,24,CHARLOTTE HORNETS,65,62,2014,277,593,96,235,100,144,96,272,161,75,40,85,187,750
burtowi01,Willie Burton,SMALL FORWARD,26,PHILADELPHIA 76ERS,53,31,1564,243,606,106,275,220,267,49,115,96,32,19,122,167,812
butlemi02,Mitchell Butler,SHOOTING GUARD,24,WASHINGTON BULLETS,76,5,1554,214,508,46,141,123,185,43,127,91,61,10,106,155,597
cagemi01,Michael Cage,CENTER,33,CLEVELAND CAVALIERS,82,21,2040,177,340,0,2,53,88,203,361,56,61,67,56,149,407
caldwad01,Adrian Caldwell,POWER FORWARD,28,HOUSTON ROCKETS,7,0,30,1,4,0,0,3,6,1,9,0,1,0,1,6,5
campbel01,Elden Campbell,POWER FORWARD,26,LOS ANGELES LAKERS,73,59,2076,360,785,0,1,193,290,168,277,92,69,132,98,246,913
campbto01,Tony Campbell,SMALL FORWARD,32,CLEVELAND CAVALIERS,78,0,1128,161,392,15,42,132,159,60,93,69,32,8,65,122,469
carran01,Antoine Carr,CENTER,33,UTAH JAZZ,78,4,1677,290,546,1,4,165,201,81,184,67,24,68,87,253,746
cartwbi01,Bill Cartwright,CENTER,37,SEATTLE SUPERSONICS,29,19,430,27,69,0,0,15,24,25,62,10,6,3,18,70,69
cassesa01,Sam Cassell,POINT GUARD,25,HOUSTON ROCKETS,82,1,1882,253,593,63,191,214,254,38,173,405,94,14,167,209,783
causwdu01,Duane Causwell,CENTER,26,SACRAMENTO KINGS,58,24,820,76,147,0,1,57,98,57,117,15,14,80,33,146,209
cebalce01,Cedric Ceballos,SMALL FORWARD,25,LOS ANGELES LAKERS,58,54,2029,497,977,58,146,209,292,169,295,105,60,19,143,131,1261
chambto01,Tom Chambers,POWER FORWARD,35,UTAH JAZZ,81,4,1240,195,427,4,24,109,135,66,147,73,25,30,52,173,503
chapmre01,Rex Chapman,SHOOTING GUARD,27,WASHINGTON BULLETS,45,29,1468,254,639,86,274,137,159,23,90,128,67,15,62,85,731
cheanca01,Calbert Cheaney,SHOOTING GUARD,23,WASHINGTON BULLETS,78,71,2651,512,1129,96,283,173,213,105,216,177,80,21,151,215,1293
chilcpe01,Pete Chilcutt,POWER FORWARD,26,HOUSTON ROCKETS,68,17,1347,146,328,35,86,31,42,106,211,66,25,43,61,117,358
childch01,Chris Childs,POINT GUARD,27,NEW JERSEY NETS,53,11,1021,106,279,41,125,55,73,14,55,219,42,3,76,116,308
chrisdo01,Doug Christie,SHOOTING GUARD,24,NEW YORK KNICKS,12,0,79,5,22,1,7,4,5,3,10,8,2,1,13,18,15
colemde01,Derrick Coleman,POWER FORWARD,27,NEW JERSEY NETS,56,54,2103,371,875,28,120,376,490,167,424,187,35,94,172,162,1146
colesbi01,Bimbo Coles,POINT GUARD,26,MIAMI HEAT,68,65,2207,261,607,16,76,141,174,46,145,416,99,13,156,185,679
coltest01,Steve Colter,POINT GUARD,32,CLEVELAND CAVALIERS,57,7,752,67,169,8,35,54,71,13,46,101,30,6,36,53,196
conloma01,Marty Conlon,CENTER,27,MILWAUKEE BUCKS,82,3,2064,344,647,8,29,119,194,160,266,110,42,18,123,218,815
connele01,Lester Conner,SHOOTING GUARD,35,LOS ANGELES LAKERS,2,0,5,0,0,0,0,2,2,0,0,0,1,0,0,3,2
corbity01,Tyrone Corbin,SMALL FORWARD,32,ATLANTA HAWKS,81,4,1389,205,464,14,56,78,114,98,164,67,55,16,74,161,502
crottjo01,John Crotty,POINT GUARD,25,UTAH JAZZ,80,0,1019,93,231,11,36,98,121,27,70,205,39,6,70,105,295
crowdco01,Corey Crowder,SMALL FORWARD,25,SAN ANTONIO SPURS,7,0,29,2,10,0,4,2,6,1,2,1,1,0,2,1,6
cummite01,Terry Cummings,POWER FORWARD,33,SAN ANTONIO SPURS,76,20,1273,224,464,0,0,72,123,138,240,59,36,19,95,188,520
curlebi01,Bill Curley,POWER FORWARD,22,DETROIT PISTONS,53,1,595,58,134,0,0,27,36,54,70,25,21,21,25,128,143
curryde01,Dell Curry,SHOOTING GUARD,30,CHARLOTTE HORNETS,69,0,1718,343,778,154,361,95,111,41,127,113,55,18,98,144,935
daniell01,Lloyd Daniels,SHOOTING GUARD,27,PHILADELPHIA 76ERS,5,0,63,9,27,3,14,2,2,2,5,4,2,0,8,8,23
daniell01,Lloyd Daniels,SHOOTING GUARD,27,LOS ANGELES LAKERS,25,14,541,71,182,23,86,20,25,27,29,36,20,10,23,40,185
dareyi01,Yinka Dare,CENTER,22,NEW JERSEY NETS,1,0,3,0,1,0,0,0,0,0,1,0,0,0,1,2,0
davisan01,Antonio Davis,POWER FORWARD,26,INDIANA PACERS,44,1,1030,109,245,0,0,117,174,105,175,25,19,29,64,134,335
davisda01,Dale Davis,POWER FORWARD,25,INDIANA PACERS,74,70,2346,324,576,0,1,138,259,259,437,58,72,116,124,222,786
davishu01,Hubert Davis,SHOOTING GUARD,24,NEW YORK KNICKS,82,4,1697,296,617,131,288,97,120,30,80,150,35,11,87,146,820
daviste01,Terry Davis,POWER FORWARD,27,DALLAS MAVERICKS,46,2,580,49,113,0,2,42,66,63,93,10,6,3,30,76,140
dawkijo01,Johnny Dawkins,POINT GUARD,31,DETROIT PISTONS,50,9,1170,125,270,25,73,50,55,28,85,205,52,1,86,74,325
dawsoto01,Tony Dawson,SMALL FORWARD,27,BOSTON CELTICS,2,0,13,3,8,1,3,1,1,0,3,1,0,0,2,4,8
dayto01,Todd Day,SHOOTING GUARD,25,MILWAUKEE BUCKS,82,81,2717,445,1049,163,418,257,341,95,227,134,104,63,157,283,1310
deherte01,Terry Dehere,POINT GUARD,23,LOS ANGELES CLIPPERS,80,28,1774,279,685,48,163,229,292,35,117,225,45,7,157,200,835
delnevi01,Vinny Del Negro,SHOOTING GUARD,28,SAN ANTONIO SPURS,75,71,2360,372,766,66,162,128,162,28,164,226,61,14,56,179,938
delebi01,Bison Dele,CENTER,25,DENVER NUGGETS,63,10,1261,196,333,0,0,106,162,98,200,53,38,43,114,210,498
divacvl01,Vlade Divac,CENTER,26,LOS ANGELES LAKERS,80,80,2807,485,957,10,53,297,382,261,568,329,109,174,205,305,1277
donalja01,James Donaldson,CENTER,37,UTAH JAZZ,43,40,613,44,74,0,0,22,31,19,88,14,6,28,22,66,110
douglsh01,Sherman Douglas,POINT GUARD,28,BOSTON CELTICS,65,43,2048,365,769,20,82,204,296,48,122,446,80,2,162,152,954
dreilgr01,Greg Dreiling,CENTER,32,CLEVELAND CAVALIERS,58,3,483,42,102,0,0,26,41,32,84,22,6,22,25,108,110
drexlcl01,Clyde Drexler,SHOOTING GUARD,32,PORTLAND TRAIL BLAZERS,41,41,1428,305,712,87,240,207,248,84,150,208,74,22,97,117,904
drexlcl01,Clyde Drexler,SHOOTING GUARD,32,HOUSTON ROCKETS,35,34,1300,266,526,60,168,157,194,68,178,154,62,23,89,89,749
duckwke01,Kevin Duckworth,CENTER,30,WASHINGTON BULLETS,40,22,818,118,267,2,10,45,70,65,130,20,21,24,59,110,283
dudlech02,Chris Dudley,CENTER,29,PORTLAND TRAIL BLAZERS,82,82,2245,181,446,0,1,85,183,325,439,34,43,126,81,286,447
dumarjo01,Joe Dumars,SHOOTING GUARD,31,DETROIT PISTONS,67,67,2544,417,970,103,338,277,344,47,111,368,72,7,219,153,1214
dumasri02,Richard Dumas,SMALL FORWARD,25,PHOENIX SUNS,15,1,167,37,73,0,1,8,16,18,11,7,10,2,9,22,82
dumasto01,Tony Dumas,SHOOTING GUARD,22,DALLAS MAVERICKS,58,0,613,96,250,22,73,50,77,32,30,57,13,4,50,78,264
durhapa01,Pat Durham,SMALL FORWARD,27,MINNESOTA TIMBERWOLVES,59,2,852,117,237,5,26,63,96,37,57,53,36,32,45,114,302
eacklle01,Ledell Eackles,SHOOTING GUARD,28,MIAMI HEAT,54,6,898,143,326,18,41,91,126,33,62,72,19,2,53,88,395
earlac01,Acie Earl,CENTER,24,BOSTON CELTICS,30,3,208,26,68,0,0,14,29,19,26,2,6,8,14,39,66
edwarbl01,Blue Edwards,SMALL FORWARD,29,BOSTON CELTICS,31,7,507,83,195,11,43,43,48,25,40,47,19,10,39,64,220
edwarbl01,Blue Edwards,SMALL FORWARD,29,UTAH JAZZ,36,0,605,98,198,11,32,32,42,25,40,30,24,6,42,79,239
edwardo01,Doug Edwards,POWER FORWARD,24,ATLANTA HAWKS,38,0,212,22,48,0,1,23,32,19,29,13,5,4,22,30,67
edwarja01,James Edwards,CENTER,39,PORTLAND TRAIL BLAZERS,28,0,266,32,83,0,0,11,17,10,33,8,5,8,14,44,75
edwarke01,Kevin Edwards,SHOOTING GUARD,29,NEW JERSEY NETS,14,14,466,69,154,18,45,40,42,10,27,27,19,5,35,42,196
ehlocr01,Craig Ehlo,SHOOTING GUARD,33,ATLANTA HAWKS,49,0,1166,191,422,51,134,44,71,55,92,113,46,6,73,86,477
eisleho01,Howard Eisley,POINT GUARD,22,MINNESOTA TIMBERWOLVES,34,4,496,37,105,8,32,31,40,10,32,77,18,5,42,78,113
eisleho01,Howard Eisley,POINT GUARD,22,SAN ANTONIO SPURS,15,0,56,3,17,1,5,0,0,2,4,18,0,1,8,3,7
eliema01,Mario Elie,SMALL FORWARD,31,HOUSTON ROCKETS,81,13,1896,243,487,80,201,144,171,50,146,189,65,12,104,158,710
elliose01,Sean Elliott,SMALL FORWARD,26,SAN ANTONIO SPURS,81,81,2858,502,1072,136,333,326,404,63,224,206,78,38,151,216,1466
ellisda01,Dale Ellis,SMALL FORWARD,34,DENVER NUGGETS,81,3,1996,351,774,106,263,110,127,56,166,57,37,9,81,142,918
ellisha01,Harold Ellis,SMALL FORWARD,24,LOS ANGELES CLIPPERS,69,7,656,91,189,1,13,69,117,56,32,40,67,12,49,102,252
ellisla01,LaPhonso Ellis,POWER FORWARD,24,DENVER NUGGETS,6,0,58,9,25,0,0,6,6,7,10,4,1,5,5,12,24
ellispe01,Pervis Ellison,CENTER,27,BOSTON CELTICS,55,11,1083,152,300,0,2,71,99,124,185,34,22,54,76,179,375
englijo01,Jo Jo English,SHOOTING GUARD,24,CHICAGO BULLS,8,0,127,15,39,3,12,10,13,1,2,7,7,1,6,19,43
ewingpa01,Patrick Ewing,CENTER,32,NEW YORK KNICKS,79,79,2920,730,1452,6,21,420,560,157,710,212,68,159,256,272,1886
ferredu01,Duane Ferrell,SMALL FORWARD,29,INDIANA PACERS,56,1,607,83,173,1,6,64,85,50,38,31,26,6,43,79,231
ferryda01,Danny Ferry,POWER FORWARD,28,CLEVELAND CAVALIERS,82,6,1290,223,500,94,233,74,84,30,113,96,27,22,59,131,614
fishma01,Matt Fish,CENTER,25,LOS ANGELES CLIPPERS,26,8,370,49,103,0,1,25,37,32,52,17,16,7,28,70,123
flemive01,Vern Fleming,POINT GUARD,32,INDIANA PACERS,55,1,686,93,188,0,7,65,90,20,68,109,27,1,43,80,251
floydsl01,Sleepy Floyd,SHOOTING GUARD,34,NEW JERSEY NETS,48,1,831,71,212,25,88,30,43,8,46,126,13,6,51,73,197
fordal01,Alphonso Ford,SHOOTING GUARD,23,PHILADELPHIA 76ERS,5,0,98,9,39,0,9,1,2,8,12,9,1,0,8,5,19
fostegr01,Greg Foster,POWER FORWARD,26,CHICAGO BULLS,17,3,299,41,86,0,0,22,31,18,36,16,2,8,17,54,104
fostegr01,Greg Foster,POWER FORWARD,26,MINNESOTA TIMBERWOLVES,61,0,845,109,232,7,23,56,80,67,138,23,13,20,54,129,281
foxri01,Rick Fox,SMALL FORWARD,25,BOSTON CELTICS,53,7,1039,169,351,31,75,95,123,61,94,139,52,19,78,154,464
gaineco01,Corey Gaines,SHOOTING GUARD,29,PHILADELPHIA 76ERS,11,8,280,24,51,2,15,5,11,1,17,33,8,1,14,23,55
gamblke01,Kevin Gamble,SMALL FORWARD,29,MIAMI HEAT,77,0,1223,220,450,39,98,87,111,29,93,119,52,10,49,130,566
garlawi01,Winston Garland,POINT GUARD,30,MINNESOTA TIMBERWOLVES,73,58,1931,170,410,19,75,89,112,48,120,318,71,13,105,184,448
gatlich01,Chris Gatling,POWER FORWARD,27,GOLDEN STATE WARRIORS,58,22,1470,324,512,0,1,148,250,144,299,51,39,52,117,184,796
gattike01,Kenny Gattison,POWER FORWARD,30,CHARLOTTE HORNETS,21,0,409,47,100,0,1,31,51,21,54,17,7,15,22,64,125
geigema01,Matt Geiger,CENTER,25,MIAMI HEAT,74,43,1712,260,485,4,10,93,143,146,267,55,41,51,113,245,617
georgta01,Tate George,SHOOTING GUARD,26,MILWAUKEE BUCKS,3,0,8,1,3,0,1,2,2,1,0,0,0,0,2,1,4
gillke01,Kendall Gill,SHOOTING GUARD,26,SEATTLE SUPERSONICS,73,58,2125,392,858,63,171,155,209,99,191,192,117,28,138,186,1002
gilliar01,Armen Gilliam,POWER FORWARD,30,NEW JERSEY NETS,82,30,2472,455,905,0,2,302,392,192,421,99,67,89,152,171,1212
grahagr01,Greg Graham,SHOOTING GUARD,24,PHILADELPHIA 76ERS,50,7,775,95,223,6,28,55,73,19,43,66,29,6,48,76,251
grandro01,Ron Grandison,POWER FORWARD,30,NEW YORK KNICKS,2,0,8,1,4,0,0,0,0,3,2,2,0,0,0,2,2
grantbr01,Brian Grant,POWER FORWARD,22,SACRAMENTO KINGS,80,59,2289,413,809,1,4,231,363,207,391,99,49,116,163,276,1058
grantga01,Gary Grant,POINT GUARD,29,LOS ANGELES CLIPPERS,33,2,470,78,166,4,16,45,55,8,27,93,29,3,44,66,205
grantgr01,Greg Grant,POINT GUARD,28,DENVER NUGGETS,14,0,151,10,33,2,7,9,12,2,7,43,6,2,14,20,31
grantha01,Harvey Grant,POWER FORWARD,29,PORTLAND TRAIL BLAZERS,75,14,1771,286,621,8,26,103,146,103,181,82,56,53,62,163,683
grantho01,Horace Grant,POWER FORWARD,29,ORLANDO MAGIC,74,74,2693,401,707,0,8,146,211,223,492,173,76,88,85,203,948
grayeje01,Jeff Grayer,SHOOTING GUARD,29,PHILADELPHIA 76ERS,47,25,1098,163,381,5,15,58,83,58,91,74,27,4,56,80,389
greenac01,A.C. Green,SMALL FORWARD,31,PHOENIX SUNS,82,52,2687,311,617,43,127,251,343,194,475,127,55,31,114,146,916
guglito01,Tom Gugliotta,POWER FORWARD,25,WASHINGTON BULLETS,6,6,226,33,83,4,8,26,33,16,37,18,21,11,15,19,96
guglito01,Tom Gugliotta,POWER FORWARD,25,GOLDEN STATE WARRIORS,40,40,1324,176,397,28,90,55,97,100,197,122,50,23,93,98,435
guglito01,Tom Gugliotta,SMALL FORWARD,25,MINNESOTA TIMBERWOLVES,31,17,1018,162,357,28,88,93,122,49,173,139,61,28,81,86,445
guibean01,Andrés Guibert,POWER FORWARD,26,MINNESOTA TIMBERWOLVES,17,0,167,16,47,0,4,13,19,16,29,10,8,1,12,29,45
haleyja01,Jack Haley,POWER FORWARD,31,SAN ANTONIO SPURS,31,0,117,26,61,0,1,21,32,8,19,2,3,5,13,31,73
hammige01,Geert Hammink,CENTER,25,ORLANDO MAGIC,1,0,7,1,3,0,0,2,2,0,2,1,0,0,0,1,4
hammoto01,Tom Hammonds,POWER FORWARD,27,DENVER NUGGETS,70,5,956,139,260,0,1,132,177,55,167,36,11,14,56,132,410
hancoda01,Darrin Hancock,SMALL FORWARD,23,CHARLOTTE HORNETS,46,7,424,68,121,1,3,16,39,14,39,30,19,4,30,48,153
hardaan01,Anfernee Hardaway,POINT GUARD,23,ORLANDO MAGIC,77,77,2901,585,1142,87,249,356,463,139,197,551,130,26,258,158,1613
hardati01,Tim Hardaway,POINT GUARD,28,GOLDEN STATE WARRIORS,62,62,2321,430,1007,168,444,219,288,46,144,578,88,12,214,155,1247
harmoje01,Jerome Harmon,SHOOTING GUARD,25,PHILADELPHIA 76ERS,10,0,158,21,53,1,1,3,6,9,14,12,9,0,7,12,46
harpede01,Derek Harper,POINT GUARD,33,NEW YORK KNICKS,80,80,2716,337,756,106,292,139,192,31,163,458,79,10,151,219,919
harpero01,Ron Harper,SHOOTING GUARD,31,CHICAGO BULLS,77,53,1536,209,491,31,110,81,131,51,129,157,97,27,100,132,530
harrilu01,Lucious Harris,SHOOTING GUARD,24,DALLAS MAVERICKS,79,31,1695,280,610,55,142,136,170,85,135,132,58,14,77,105,751
harrito01,Tony Harris,SHOOTING GUARD,27,BOSTON CELTICS,3,0,18,3,8,0,1,8,9,0,0,0,0,0,1,2,14
harvean01,Antonio Harvey,POWER FORWARD,24,LOS ANGELES LAKERS,59,8,572,77,176,1,1,24,45,39,63,23,15,41,25,87,179
hawkihe01,Hersey Hawkins,SHOOTING GUARD,28,CHARLOTTE HORNETS,82,82,2731,390,809,131,298,261,301,60,254,262,122,18,150,178,1172
hensost01,Steve Henson,POINT GUARD,26,PORTLAND TRAIL BLAZERS,37,0,380,37,86,23,52,22,25,3,23,85,9,0,30,52,119
herreca01,Carl Herrera,POWER FORWARD,28,HOUSTON ROCKETS,61,26,1331,171,327,0,2,73,117,98,180,44,40,38,71,136,415
higgiro01,Rod Higgins,SMALL FORWARD,35,GOLDEN STATE WARRIORS,5,2,46,3,12,1,6,3,4,4,3,3,1,1,1,7,10
higgise01,Sean Higgins,SMALL FORWARD,26,NEW JERSEY NETS,57,7,735,105,273,23,78,35,40,25,52,29,10,9,35,93,268
hillgr01,Grant Hill,SMALL FORWARD,22,DETROIT PISTONS,70,69,2678,508,1064,4,27,374,511,125,320,353,124,62,202,203,1394
hillty01,Tyrone Hill,CENTER,26,CLEVELAND CAVALIERS,70,67,2397,350,694,0,1,263,397,269,496,55,55,41,151,245,963
hodgedo01,Donald Hodge,CENTER,25,DALLAS MAVERICKS,54,0,633,83,204,4,14,39,51,40,82,41,10,14,39,107,209
hornaje01,Jeff Hornacek,SHOOTING GUARD,31,UTAH JAZZ,81,81,2696,482,937,89,219,284,322,53,157,347,129,17,145,181,1337
horryro01,Robert Horry,POWER FORWARD,24,HOUSTON ROCKETS,64,61,2074,240,537,86,227,86,113,81,243,216,94,76,122,161,652
houstal01,Allan Houston,SHOOTING GUARD,23,DETROIT PISTONS,76,39,1996,398,859,158,373,147,171,29,138,164,61,14,113,182,1101
houstby01,Byron Houston,POWER FORWARD,25,SEATTLE SUPERSONICS,39,0,258,49,107,6,22,28,38,20,35,6,13,5,20,50,132
hovasto01,Tom Hovasse,SMALL FORWARD,28,ATLANTA HAWKS,2,0,4,0,1,0,1,0,0,0,0,0,1,0,0,1,0
howarju01,Juwan Howard,POWER FORWARD,21,WASHINGTON BULLETS,65,52,2348,455,931,0,7,194,292,184,361,165,52,15,166,236,1104
humphja01,Jay Humphries,SHOOTING GUARD,32,UTAH JAZZ,12,0,149,4,25,2,3,0,0,2,8,9,7,0,12,25,10
humphja01,Jay Humphries,POINT GUARD,32,BOSTON CELTICS,6,0,52,4,9,0,1,2,4,2,1,10,2,0,5,10,10
hunteli01,Lindsey Hunter,POINT GUARD,24,DETROIT PISTONS,42,26,944,119,318,36,108,40,55,24,51,159,51,7,79,94,314
hurlebo01,Bobby Hurley,POINT GUARD,23,SACRAMENTO KINGS,68,6,1105,103,284,21,76,58,76,14,56,226,29,0,110,79,285
jacksja01,Jaren Jackson,SHOOTING GUARD,27,PHILADELPHIA 76ERS,21,1,257,25,68,4,15,16,24,18,24,19,9,5,17,33,70
jacksji01,Jim Jackson,SHOOTING GUARD,24,DALLAS MAVERICKS,51,51,1982,484,1026,35,110,306,380,120,140,191,28,12,160,92,1309
jacksma01,Mark Jackson,POINT GUARD,29,INDIANA PACERS,82,67,2402,239,566,27,87,119,153,73,233,616,105,16,210,148,624
jennike01,Keith Jennings,POINT GUARD,26,GOLDEN STATE WARRIORS,80,24,1722,190,425,75,204,134,153,26,122,373,95,2,120,133,589
johnsav01,Avery Johnson,POINT GUARD,29,SAN ANTONIO SPURS,82,82,3011,448,863,3,22,202,295,49,159,670,114,13,207,154,1101
johnser02,Ervin Johnson,CENTER,27,SEATTLE SUPERSONICS,64,30,907,85,192,0,1,29,46,101,188,16,17,67,54,163,199
johnske02,Kevin Johnson,POINT GUARD,28,PHOENIX SUNS,47,35,1352,246,523,4,26,234,289,32,83,360,47,18,105,88,730
johnsla02,Larry Johnson,POWER FORWARD,25,CHARLOTTE HORNETS,81,81,3234,585,1219,81,210,274,354,190,395,369,78,28,207,174,1525
jonesas01,Askia Jones,SHOOTING GUARD,23,MINNESOTA TIMBERWOLVES,11,0,139,15,44,2,12,13,16,6,5,16,6,0,9,19,45
jonesch01,Charles Jones,POWER FORWARD,37,HOUSTON ROCKETS,3,0,36,1,3,0,0,1,2,2,5,0,0,1,0,8,3
jonesed02,Eddie Jones,SHOOTING GUARD,23,LOS ANGELES LAKERS,64,58,1981,342,744,91,246,122,169,79,170,128,131,41,75,175,897
jonespo01,Popeye Jones,POWER FORWARD,24,DALLAS MAVERICKS,80,80,2385,372,839,1,12,80,124,329,515,163,35,27,124,267,825
jordami01,Michael Jordan,SHOOTING GUARD,31,CHICAGO BULLS,17,17,668,166,404,16,32,109,136,25,92,90,30,13,35,47,457
keefead01,Adam Keefe,SMALL FORWARD,24,UTAH JAZZ,75,0,1270,172,298,0,0,117,173,135,192,30,36,25,62,141,461
kempsh01,Shawn Kemp,POWER FORWARD,25,SEATTLE SUPERSONICS,82,79,2679,545,997,2,7,438,585,318,575,149,102,122,259,337,1530
kerrst01,Steve Kerr,POINT GUARD,29,CHICAGO BULLS,82,0,1839,261,495,89,170,63,81,20,99,151,44,3,48,114,674
kerseje01,Jerome Kersey,SMALL FORWARD,32,PORTLAND TRAIL BLAZERS,63,0,1143,203,489,7,27,95,124,93,163,82,52,35,64,173,508
keysra01,Randolph Keys,SMALL FORWARD,28,LOS ANGELES LAKERS,6,0,83,9,26,0,9,2,2,6,11,2,1,2,2,16,20
kiddja01,Jason Kidd,POINT GUARD,21,DALLAS MAVERICKS,79,79,2668,330,857,70,257,192,275,152,278,607,151,24,250,146,922
kingri01,Rich King,CENTER,25,SEATTLE SUPERSONICS,2,0,6,0,2,0,0,0,2,0,0,0,0,0,0,1,0
kingst01,Stacey King,POWER FORWARD,28,MINNESOTA TIMBERWOLVES,50,10,792,99,212,0,1,68,102,54,111,26,24,20,64,126,266
kitegr01,Greg Kite,CENTER,33,NEW YORK KNICKS,2,0,16,0,3,0,0,0,0,2,2,0,0,0,1,2,0
kitegr01,Greg Kite,CENTER,33,INDIANA PACERS,9,0,61,3,14,0,0,2,10,10,8,1,0,0,5,13,8
kleinjo01,Joe Kleine,CENTER,33,PHOENIX SUNS,75,42,968,119,265,0,2,42,49,82,177,39,14,18,35,174,280
knighne01,Negele Knight,POINT GUARD,27,PORTLAND TRAIL BLAZERS,3,0,43,7,15,0,0,4,4,1,2,11,1,0,4,5,18
knighne01,Negele Knight,POINT GUARD,27,DETROIT PISTONS,44,17,665,78,199,11,28,14,21,20,38,116,20,5,45,65,181
koncajo01,Jon Koncak,CENTER,31,ATLANTA HAWKS,62,20,943,77,187,12,36,13,24,23,161,52,36,46,20,137,179
krystla01,Larry Krystkowiak,POWER FORWARD,30,CHICAGO BULLS,19,14,287,28,72,0,0,27,30,19,40,26,9,2,25,34,83
kukocto01,Toni Kukoč,SMALL FORWARD,26,CHICAGO BULLS,81,55,2584,487,967,62,198,235,314,155,285,372,102,16,165,163,1271
laettch01,Christian Laettner,CENTER,25,MINNESOTA TIMBERWOLVES,81,80,2770,450,920,13,40,409,500,164,449,234,101,87,225,302,1322
langan01,Andrew Lang,CENTER,28,ATLANTA HAWKS,82,63,2340,320,677,2,3,152,188,154,302,72,45,144,108,271,794
langan02,Antonio Lang,SMALL FORWARD,22,PHOENIX SUNS,12,0,53,4,10,0,0,3,4,3,1,1,0,2,5,11,11
leckner01,Eric Leckner,CENTER,28,DETROIT PISTONS,57,11,623,87,165,0,2,51,72,47,127,14,15,15,39,122,225
leedo01,Doug Lee,SHOOTING GUARD,30,SACRAMENTO KINGS,22,0,75,9,25,7,18,18,21,0,5,5,6,3,5,18,43
legleti01,Tim Legler,SHOOTING GUARD,28,GOLDEN STATE WARRIORS,24,0,371,60,115,26,50,30,34,12,28,27,12,1,20,33,176
lesji01,Jim Les,POINT GUARD,31,ATLANTA HAWKS,24,0,188,11,38,5,23,23,27,6,20,44,4,0,21,28,50
levincl01,Cliff Levingston,POWER FORWARD,34,DENVER NUGGETS,57,0,469,55,130,0,1,19,45,49,75,27,13,20,21,91,129
listeal01,Alton Lister,CENTER,36,MILWAUKEE BUCKS,60,32,776,66,134,0,1,35,70,67,169,12,16,57,38,146,167
lohaubr01,Brad Lohaus,POWER FORWARD,30,MIAMI HEAT,61,1,730,97,231,63,155,10,15,28,74,43,20,25,29,85,267
longgr01,Grant Long,POWER FORWARD,28,MIAMI HEAT,2,2,62,5,12,0,0,6,10,1,10,4,2,0,4,11,16
longgr01,Grant Long,POWER FORWARD,28,ATLANTA HAWKS,79,77,2579,337,704,11,31,238,315,190,405,127,107,34,151,232,923
longllu01,Luc Longley,CENTER,26,CHICAGO BULLS,55,0,1001,135,302,0,2,88,107,82,181,73,24,45,86,177,358
lorthry01,Ryan Lorthridge,SHOOTING GUARD,22,GOLDEN STATE WARRIORS,37,2,672,106,223,3,14,57,88,24,47,101,28,1,57,42,272
lynchge01,George Lynch,SMALL FORWARD,24,LOS ANGELES LAKERS,56,15,953,138,295,3,21,62,86,75,109,62,51,10,73,86,341
macledo01,Don MacLean,POWER FORWARD,25,WASHINGTON BULLETS,39,20,1052,158,361,10,40,104,136,46,119,51,15,3,44,97,430
maconma01,Mark Macon,SHOOTING GUARD,25,DETROIT PISTONS,55,6,721,101,265,20,62,54,68,29,47,63,67,1,41,97,276
madkige01,Gerald Madkins,SHOOTING GUARD,25,CLEVELAND CAVALIERS,7,0,28,2,6,1,2,3,4,0,0,1,2,0,3,2,8
mahorri01,Rick Mahorn,POWER FORWARD,36,NEW JERSEY NETS,58,7,630,79,151,1,3,39,49,45,117,26,11,12,34,93,198
majerda01,Dan Majerle,SMALL FORWARD,29,PHOENIX SUNS,82,46,3091,438,1031,199,548,206,282,104,271,340,96,38,105,155,1281
malonje01,Jeff Malone,SHOOTING GUARD,33,PHILADELPHIA 76ERS,19,19,660,144,284,11,28,51,59,11,44,29,15,0,29,35,350
malonka01,Karl Malone,POWER FORWARD,31,UTAH JAZZ,82,82,3126,830,1548,11,41,516,695,156,715,285,129,85,236,269,2187
malonmo01,Moses Malone,CENTER,39,SAN ANTONIO SPURS,17,0,149,13,35,1,2,22,32,20,26,6,2,3,11,15,49
mannida01,Danny Manning,POWER FORWARD,28,PHOENIX SUNS,46,19,1510,340,622,6,21,136,202,97,179,154,41,57,121,176,822
marcisa01,Šarūnas Marčiulionis,SHOOTING GUARD,30,SEATTLE SUPERSONICS,66,4,1194,216,457,35,87,145,198,17,51,110,72,3,98,126,612
marshdo01,Donyell Marshall,SMALL FORWARD,21,MINNESOTA TIMBERWOLVES,40,8,1036,158,423,32,106,83,122,64,132,57,25,50,58,63,431
marshdo01,Donyell Marshall,SMALL FORWARD,21,GOLDEN STATE WARRIORS,32,23,1050,187,453,37,137,64,100,73,136,48,20,38,57,94,475
martibo01,Bob Martin,CENTER,25,LOS ANGELES CLIPPERS,1,0,14,1,5,0,0,0,0,2,0,1,0,1,0,2,2
martida01,Darrick Martin,POINT GUARD,23,MINNESOTA TIMBERWOLVES,34,9,803,95,233,7,38,57,65,14,50,133,34,0,62,88,254
mashbja01,Jamal Mashburn,SMALL FORWARD,22,DALLAS MAVERICKS,80,80,2980,683,1566,113,344,447,605,116,215,298,82,8,235,190,1926
masonan01,Anthony Mason,POWER FORWARD,28,NEW YORK KNICKS,77,11,2496,287,507,0,1,191,298,182,468,240,69,21,123,253,765
masseto01,Tony Massenburg,CENTER,27,LOS ANGELES CLIPPERS,80,50,2127,282,601,0,3,177,235,160,295,67,48,58,118,253,741
maxweve01,Vernon Maxwell,SHOOTING GUARD,29,HOUSTON ROCKETS,64,54,2038,306,777,143,441,99,144,18,146,274,75,13,137,157,854
maybele01,Lee Mayberry,POINT GUARD,24,MILWAUKEE BUCKS,82,50,1744,172,408,72,177,58,83,21,61,276,51,4,106,123,474
mccloge01,George McCloud,SMALL FORWARD,27,DALLAS MAVERICKS,42,3,802,144,328,34,89,80,96,82,65,53,23,9,40,71,402
mcdanxa01,Xavier McDaniel,SMALL FORWARD,31,BOSTON CELTICS,68,15,1430,246,546,6,21,89,125,94,206,108,30,20,89,146,587
mcilvji01,Jim McIlvaine,CENTER,22,WASHINGTON BULLETS,55,0,534,34,71,0,0,28,41,40,65,10,10,60,19,95,96
mckeyde01,Derrick McKey,SMALL FORWARD,28,INDIANA PACERS,81,81,2805,411,833,32,89,221,297,125,269,276,125,49,168,260,1075
mckieaa01,Aaron McKie,SHOOTING GUARD,22,PORTLAND TRAIL BLAZERS,45,20,827,116,261,11,28,50,73,35,94,89,36,16,39,97,293
mcmilna01,Nate McMillan,POINT GUARD,30,SEATTLE SUPERSONICS,80,18,2070,166,397,53,155,34,58,65,237,421,165,53,126,275,419
meeda01,Darnell Mee,SHOOTING GUARD,23,DENVER NUGGETS,2,0,8,1,5,1,3,0,0,0,1,2,1,0,0,0,3
millean01,Anthony Miller,POWER FORWARD,23,LOS ANGELES LAKERS,46,1,527,70,132,2,5,47,76,67,85,35,20,7,38,77,189
milleol01,Oliver Miller,POWER FORWARD,24,DETROIT PISTONS,64,22,1558,232,418,3,13,78,124,162,313,93,60,116,115,217,545
millere01,Reggie Miller,SHOOTING GUARD,29,INDIANA PACERS,81,81,2665,505,1092,195,470,383,427,30,180,242,98,16,151,157,1588
millsch01,Chris Mills,SMALL FORWARD,25,CLEVELAND CAVALIERS,80,79,2814,359,855,94,240,174,213,99,267,154,59,35,120,242,986
millste01,Terry Mills,POWER FORWARD,27,DETROIT PISTONS,72,69,2514,417,933,109,285,175,219,124,434,160,68,33,144,253,1118
minerha01,Harold Miner,SHOOTING GUARD,23,MIAMI HEAT,45,16,871,123,305,14,49,69,95,38,79,69,15,6,77,85,329
minorgr01,Greg Minor,SHOOTING GUARD,23,BOSTON CELTICS,63,8,945,155,301,2,12,65,78,49,88,66,32,16,44,89,377
mitchsa01,Sam Mitchell,SMALL FORWARD,31,INDIANA PACERS,81,12,1377,201,413,1,10,126,174,95,148,61,43,20,54,206,529
mobleer01,Eric Mobley,CENTER,24,MILWAUKEE BUCKS,46,26,587,78,132,2,2,22,45,55,98,21,8,27,24,63,180
montrer01,Eric Montross,CENTER,23,BOSTON CELTICS,78,75,2315,307,575,0,1,167,263,196,370,36,29,61,112,299,781
morrich01,Chris Morris,SMALL FORWARD,29,NEW JERSEY NETS,71,49,2131,351,856,106,317,142,195,181,221,147,86,51,117,155,950
mortodw01,Dwayne Morton,POINT GUARD,23,GOLDEN STATE WARRIORS,41,6,395,50,129,9,25,58,85,21,37,18,11,15,27,45,167
mournal01,Alonzo Mourning,CENTER,24,CHARLOTTE HORNETS,77,77,2941,571,1101,11,34,490,644,200,561,111,49,225,241,275,1643
mullich01,Chris Mullin,SMALL FORWARD,31,GOLDEN STATE WARRIORS,25,23,890,170,348,42,93,94,107,25,90,125,38,19,93,53,476
murdoer01,Eric Murdock,POINT GUARD,26,MILWAUKEE BUCKS,75,32,2158,338,814,90,240,211,267,48,166,482,113,12,194,139,977
muresgh01,Gheorghe Mureșan,CENTER,23,WASHINGTON BULLETS,73,58,1720,303,541,0,0,124,175,179,309,38,48,127,115,259,730
murrala01,Lamond Murray,SMALL FORWARD,21,LOS ANGELES CLIPPERS,81,61,2556,439,1093,65,218,199,264,132,222,133,72,55,163,180,1142
murratr01,Tracy Murray,SMALL FORWARD,23,PORTLAND TRAIL BLAZERS,29,3,313,63,153,16,41,28,34,18,19,14,7,1,20,42,170
murratr01,Tracy Murray,SMALL FORWARD,23,HOUSTON ROCKETS,25,0,203,32,80,19,45,5,8,2,20,5,7,3,15,31,88
mutomdi01,Dikembe Mutombo,CENTER,28,DENVER NUGGETS,82,82,3100,349,628,0,0,248,379,319,710,113,40,321,192,284,946
myerspe01,Pete Myers,SHOOTING GUARD,31,CHICAGO BULLS,71,14,1270,119,287,10,39,70,114,57,82,148,58,15,88,125,318
newbiiv01,Ivano Newbill,SMALL FORWARD,24,DETROIT PISTONS,34,0,331,16,45,0,0,8,22,40,41,17,12,11,12,60,40
newmajo01,Johnny Newman,SMALL FORWARD,31,MILWAUKEE BUCKS,82,11,1896,226,488,45,128,137,171,72,101,91,69,13,86,234,634
normake01,Ken Norman,SMALL FORWARD,30,ATLANTA HAWKS,74,27,1879,388,856,98,285,64,140,103,259,94,34,20,96,154,938
nwosuju01,Julius Nwosu,CENTER,23,SAN ANTONIO SPURS,23,0,84,9,28,0,0,13,17,11,13,3,0,3,9,20,31
onealsh01,Shaquille O'Neal,CENTER,22,ORLANDO MAGIC,79,79,2923,930,1594,0,5,455,854,328,573,214,73,192,204,258,2315
oaklech01,Charles Oakley,POWER FORWARD,31,NEW YORK KNICKS,50,49,1567,192,393,3,12,119,150,155,290,126,60,7,103,179,506
olajuha01,Hakeem Olajuwon,CENTER,32,HOUSTON ROCKETS,72,72,2853,798,1545,3,16,406,537,172,603,255,133,242,237,250,2005
olivebr01,Brian Oliver,SHOOTING GUARD,26,WASHINGTON BULLETS,6,0,42,4,9,0,0,6,8,0,4,4,0,0,3,8,14
outlabo01,Bo Outlaw,POWER FORWARD,23,LOS ANGELES CLIPPERS,81,31,1655,170,325,0,5,82,186,121,192,84,90,151,78,227,422
overtdo01,Doug Overton,POINT GUARD,25,WASHINGTON BULLETS,82,20,1704,207,498,53,125,109,125,26,117,246,53,2,104,126,576
owensbi01,Billy Owens,SHOOTING GUARD,25,MIAMI HEAT,70,60,2296,403,820,2,22,194,313,203,299,246,80,30,204,205,1002
packro01,Robert Pack,POINT GUARD,25,DENVER NUGGETS,42,32,1144,170,395,30,72,137,175,19,94,290,61,6,134,101,507
parisro01,Robert Parish,CENTER,41,CHARLOTTE HORNETS,81,4,1352,159,372,0,0,71,101,93,257,44,27,36,66,132,389
paytoga01,Gary Payton,POINT GUARD,26,SEATTLE SUPERSONICS,82,82,3015,685,1345,70,232,249,348,108,173,583,204,13,201,206,1689
peelean01,Anthony Peeler,SHOOTING GUARD,25,LOS ANGELES LAKERS,73,24,1559,285,659,84,216,102,128,62,106,122,52,13,82,143,756
peplomi01,Mike Peplowski,CENTER,24,DETROIT PISTONS,6,0,21,5,5,0,0,1,2,1,2,1,1,0,2,10,11
perduwi01,Will Perdue,CENTER,29,CHICAGO BULLS,78,78,1592,254,459,0,1,113,194,211,311,90,26,56,116,220,621
perkisa01,Sam Perkins,CENTER,33,SEATTLE SUPERSONICS,82,37,2356,346,742,136,343,215,269,96,302,135,72,45,77,186,1043
perryel01,Elliot Perry,POINT GUARD,25,PHOENIX SUNS,82,51,1977,306,588,25,60,158,195,51,100,394,156,4,163,142,795
perryti01,Tim Perry,POWER FORWARD,29,PHILADELPHIA 76ERS,42,1,446,27,78,0,14,22,40,38,51,12,10,15,21,51,76
persoch01,Chuck Person,SMALL FORWARD,30,SAN ANTONIO SPURS,81,1,2033,317,750,172,445,66,102,49,209,106,45,12,102,198,872
persowe01,Wesley Person,SHOOTING GUARD,23,PHOENIX SUNS,78,56,1800,309,638,116,266,80,101,67,134,105,48,24,79,149,814
phelpde01,Derrick Phelps,POINT GUARD,22,SACRAMENTO KINGS,3,0,5,0,1,0,0,0,2,0,0,1,0,0,0,3,0
phillbo01,Bobby Phills,SHOOTING GUARD,25,CLEVELAND CAVALIERS,80,79,2500,338,816,19,55,183,235,90,175,180,115,25,113,206,878
piatker01,Eric Piatkowski,SHOOTING GUARD,24,LOS ANGELES CLIPPERS,81,11,1208,201,456,74,198,90,115,63,70,77,37,15,63,150,566
piercri01,Ricky Pierce,POINT GUARD,35,GOLDEN STATE WARRIORS,27,6,673,111,254,23,70,93,106,12,52,40,22,2,24,38,338
pincked01,Ed Pinckney,POWER FORWARD,31,MILWAUKEE BUCKS,62,17,835,48,97,0,0,44,62,65,146,21,34,17,26,64,140
pippesc01,Scottie Pippen,SMALL FORWARD,29,CHICAGO BULLS,79,79,3014,634,1320,109,316,315,440,175,464,409,232,89,271,238,1692
polynol01,Olden Polynice,CENTER,30,SACRAMENTO KINGS,81,81,2534,376,691,1,1,124,194,277,448,62,48,52,113,238,877
portete01,Terry Porter,POINT GUARD,31,PORTLAND TRAIL BLAZERS,35,9,770,105,267,44,114,58,82,18,63,133,30,2,58,60,312
pricema01,Mark Price,POINT GUARD,30,CLEVELAND CAVALIERS,48,34,1375,253,612,103,253,148,162,25,87,335,35,4,142,50,757
pritcke01,Kevin Pritchard,POINT GUARD,27,PHILADELPHIA 76ERS,5,0,36,0,3,0,3,1,4,0,1,11,0,0,5,3,1
pritcke01,Kevin Pritchard,POINT GUARD,27,MIAMI HEAT,14,0,158,13,29,2,5,15,17,0,11,23,2,1,7,19,43
rambiku01,Kurt Rambis,POWER FORWARD,36,LOS ANGELES LAKERS,26,1,195,18,35,0,0,8,12,10,24,16,3,9,8,35,44
randama01,Mark Randall,POWER FORWARD,27,DENVER NUGGETS,8,0,39,3,10,0,1,0,0,4,8,1,0,0,1,5,6
radjadi01,Dino Radja,POWER FORWARD,27,BOSTON CELTICS,66,48,2147,450,919,0,1,233,307,149,424,111,60,86,159,232,1133
recasel01,Eldridge Recasner,SHOOTING GUARD,27,DENVER NUGGETS,3,0,13,1,6,0,1,4,4,0,2,1,3,0,2,0,6
reevekh01,Khalid Reeves,POINT GUARD,22,MIAMI HEAT,67,17,1462,206,465,67,171,140,196,52,134,288,77,10,132,139,619
reidjr01,J.R. Reid,POWER FORWARD,26,SAN ANTONIO SPURS,81,37,1566,201,396,1,2,160,233,120,273,55,60,32,113,230,563
ricegl01,Glen Rice,SMALL FORWARD,27,MIAMI HEAT,82,82,3014,667,1403,185,451,312,365,99,279,192,112,14,153,203,1831
richapo01,Pooh Richardson,POINT GUARD,28,LOS ANGELES CLIPPERS,80,77,2864,353,897,87,244,81,125,38,223,632,129,12,171,218,874
richmmi01,Mitch Richmond,SHOOTING GUARD,29,SACRAMENTO KINGS,82,82,3172,668,1497,156,424,375,445,69,288,311,91,29,234,227,1867
rideris01,Isaiah Rider,SHOOTING GUARD,23,MINNESOTA TIMBERWOLVES,75,67,2645,558,1249,139,396,277,339,90,159,245,69,23,232,194,1532
rileyer01,Eric Riley,CENTER,24,LOS ANGELES CLIPPERS,40,4,434,65,145,0,1,47,64,45,67,11,17,35,31,78,177
riverdo01,Doc Rivers,POINT GUARD,33,NEW YORK KNICKS,3,0,47,4,13,3,5,8,11,2,7,8,4,0,4,8,19
riverdo01,Doc Rivers,POINT GUARD,33,SAN ANTONIO SPURS,60,0,942,104,289,42,122,52,71,13,87,154,61,21,56,142,302
roberfr01,Fred Roberts,SMALL FORWARD,34,CLEVELAND CAVALIERS,21,0,223,28,72,4,11,20,26,13,21,8,6,3,7,26,80
robincl02,Clifford Robinson,SMALL FORWARD,28,PORTLAND TRAIL BLAZERS,75,73,2725,597,1320,142,383,265,382,152,271,198,79,82,158,240,1601
robinda01,David Robinson,CENTER,29,SAN ANTONIO SPURS,81,81,3074,788,1487,6,20,656,847,234,643,236,134,262,233,230,2238
robingl01,Glenn Robinson,SMALL FORWARD,22,MILWAUKEE BUCKS,80,76,2958,636,1410,86,268,397,499,169,344,197,115,22,313,234,1755
robinja02,James Robinson,POINT GUARD,24,PORTLAND TRAIL BLAZERS,71,25,1539,255,624,76,223,65,110,42,90,180,48,13,127,142,651
rodmade01,Dennis Rodman,POWER FORWARD,33,SAN ANTONIO SPURS,49,26,1568,137,240,0,2,75,111,274,549,97,31,23,98,159,349
rogerca01,Carlos Rogers,CENTER,23,GOLDEN STATE WARRIORS,49,18,1017,180,340,2,14,76,146,108,170,37,22,52,84,124,438
rogerro01,Rodney Rogers,POWER FORWARD,23,DENVER NUGGETS,80,77,2142,375,769,50,148,179,275,132,253,161,95,46,173,281,979
rollitr01,Tree Rollins,CENTER,39,ORLANDO MAGIC,51,3,478,20,42,0,0,21,31,31,64,9,7,36,23,63,61
rooksse01,Sean Rooks,CENTER,25,MINNESOTA TIMBERWOLVES,80,70,2405,289,615,0,5,290,381,165,321,97,29,71,142,208,868
roseja01,Jalen Rose,SMALL FORWARD,22,DENVER NUGGETS,81,37,1798,227,500,36,114,173,234,57,160,389,65,22,160,206,663
royaldo01,Donald Royal,SMALL FORWARD,28,ORLANDO MAGIC,70,68,1841,206,434,0,4,223,299,83,196,198,45,16,125,156,635
roziecl01,Clifford Rozier,CENTER,22,GOLDEN STATE WARRIORS,66,34,1494,189,390,2,7,68,152,200,286,45,35,39,89,196,448
ruffitr01,Trevor Ruffin,POINT GUARD,24,PHOENIX SUNS,49,1,319,84,197,38,99,27,38,8,15,48,14,2,47,52,233
russebr01,Bryon Russell,SMALL FORWARD,24,UTAH JAZZ,63,15,860,104,238,13,44,62,93,44,97,34,48,11,42,101,283
sallejo01,John Salley,CENTER,30,MIAMI HEAT,75,50,1955,197,395,0,0,153,207,110,226,123,47,85,97,279,547
schayda01,Danny Schayes,CENTER,35,PHOENIX SUNS,69,27,823,126,248,1,1,50,69,57,151,89,20,37,64,170,303
schefst01,Steve Scheffler,CENTER,27,SEATTLE SUPERSONICS,18,0,102,12,23,0,0,15,18,8,15,4,2,2,3,9,39
schindw01,Dwayne Schintzius,CENTER,26,NEW JERSEY NETS,43,11,318,41,108,0,0,6,11,29,52,15,3,17,17,45,88
schrede01,Detlef Schrempf,SMALL FORWARD,32,SEATTLE SUPERSONICS,82,82,2886,521,997,93,181,437,521,135,373,310,93,35,176,252,1572
scottby01,Byron Scott,POINT GUARD,33,INDIANA PACERS,80,1,1528,265,583,79,203,193,227,18,133,108,61,13,119,123,802
scottde01,Dennis Scott,SMALL FORWARD,26,ORLANDO MAGIC,62,10,1499,283,645,150,352,86,114,25,121,131,45,14,57,119,802
sealyma01,Malik Sealy,SHOOTING GUARD,24,LOS ANGELES CLIPPERS,60,41,1604,291,669,22,73,174,223,77,137,107,72,25,83,173,778
seikaro01,Rony Seikaly,CENTER,29,GOLDEN STATE WARRIORS,36,35,1035,162,314,0,0,111,160,77,189,45,20,37,104,122,435
shackch01,Charles Shackleford,POWER FORWARD,28,MINNESOTA TIMBERWOLVES,21,2,239,39,65,0,0,16,20,16,51,8,8,6,8,47,94
shawbr01,Brian Shaw,POINT GUARD,28,ORLANDO MAGIC,78,9,1836,192,494,48,184,70,95,52,189,406,73,18,184,184,502
simmoli01,Lionel Simmons,SMALL FORWARD,26,SACRAMENTO KINGS,58,3,1064,131,312,6,16,59,84,61,135,89,28,23,70,118,327
simpkdi01,Dickey Simpkins,POWER FORWARD,22,CHICAGO BULLS,59,5,586,78,184,0,0,50,72,60,91,37,10,7,45,72,206
skilesc01,Scott Skiles,POINT GUARD,30,WASHINGTON BULLETS,62,62,2077,265,583,96,228,179,202,26,133,452,70,6,172,135,805
slatere01,Reggie Slater,POWER FORWARD,24,DENVER NUGGETS,25,0,236,40,81,0,0,40,55,21,36,12,7,3,26,47,120
smithch01,Charles Smith,SMALL FORWARD,29,NEW YORK KNICKS,76,58,2150,352,747,7,31,255,322,144,180,120,49,95,147,286,966
smithch03,Chris Smith,SHOOTING GUARD,24,MINNESOTA TIMBERWOLVES,64,17,1073,116,264,47,108,41,63,14,59,146,32,22,50,119,320
smithdo03,Doug Smith,POWER FORWARD,25,DALLAS MAVERICKS,63,0,826,131,314,1,12,57,75,43,101,44,29,26,37,132,320
smithke01,Kenny Smith,POINT GUARD,29,HOUSTON ROCKETS,81,81,2030,287,593,142,331,126,148,27,128,323,71,10,123,109,842
smithmi01,Michael Smith,POWER FORWARD,29,LOS ANGELES CLIPPERS,29,0,319,63,134,1,8,26,30,13,43,20,6,2,18,41,153
smithmi02,Michael Smith,POWER FORWARD,22,SACRAMENTO KINGS,82,0,1736,220,406,0,2,127,262,174,312,67,61,49,106,235,567
smithst01,Steve Smith,SHOOTING GUARD,25,MIAMI HEAT,2,2,62,11,29,2,12,17,22,4,2,7,2,1,4,9,41
smithst01,Steve Smith,SHOOTING GUARD,25,ATLANTA HAWKS,78,59,2603,417,976,135,404,295,349,100,170,267,60,32,151,216,1264
smithto02,Tony Smith,SHOOTING GUARD,26,LOS ANGELES LAKERS,61,4,1024,132,309,32,91,44,63,43,64,102,46,7,50,111,340
smitsri01,Rik Smits,CENTER,28,INDIANA PACERS,78,78,2381,558,1060,0,2,284,377,192,409,111,40,79,189,278,1400
spencel01,Elmore Spencer,CENTER,25,LOS ANGELES CLIPPERS,19,8,368,52,118,0,1,28,50,11,54,25,14,23,48,62,132
spencfe01,Felton Spencer,CENTER,27,UTAH JAZZ,34,34,905,105,215,0,0,107,135,90,170,17,12,32,68,131,317
sprewla01,Latrell Sprewell,SHOOTING GUARD,24,GOLDEN STATE WARRIORS,69,69,2771,490,1171,90,326,350,448,58,198,279,112,46,230,108,1420
starkjo01,John Starks,SHOOTING GUARD,29,NEW YORK KNICKS,80,78,2725,419,1062,217,611,168,228,34,185,411,92,4,160,257,1223
stewala01,Larry Stewart,SMALL FORWARD,26,WASHINGTON BULLETS,40,0,346,41,89,0,2,20,30,28,39,18,16,9,16,52,102
stithbr01,Bryant Stith,SHOOTING GUARD,24,DENVER NUGGETS,81,51,2329,312,661,20,68,267,324,95,173,153,91,18,110,142,911
stockjo01,John Stockton,POINT GUARD,32,UTAH JAZZ,82,82,2867,429,791,102,227,246,306,57,194,1011,194,22,267,215,1206
stricma01,Mark Strickland,POWER FORWARD,24,INDIANA PACERS,4,0,9,1,3,0,0,1,2,2,2,0,0,1,1,0,3
stricro02,Rod Strickland,POINT GUARD,28,PORTLAND TRAIL BLAZERS,64,61,2267,441,946,46,123,283,380,73,244,562,123,9,209,118,1211
stronde01,Derek Strong,POWER FORWARD,26,BOSTON CELTICS,70,24,1344,149,329,2,7,141,172,136,239,44,24,13,79,143,441
suttogr01,Greg Sutton,POINT GUARD,27,CHARLOTTE HORNETS,53,4,690,94,230,43,115,32,45,8,48,91,33,2,51,114,263
swinsaa01,Aaron Swinson,SMALL FORWARD,24,PHOENIX SUNS,9,0,51,10,18,0,0,4,5,3,5,3,1,0,5,8,24
tabakza01,Žan Tabak,CENTER,24,HOUSTON ROCKETS,37,0,182,24,53,0,1,27,44,23,34,4,2,7,18,37,75
tarplro01,Roy Tarpley,CENTER,30,DALLAS MAVERICKS,55,1,1354,292,610,5,18,102,122,142,307,58,45,55,109,155,691
thompbr01,Brooks Thompson,POINT GUARD,24,ORLANDO MAGIC,38,2,246,45,114,18,58,8,12,7,16,43,10,2,27,46,116
thompla01,LaSalle Thompson,CENTER,33,INDIANA PACERS,38,3,453,49,118,0,0,14,16,28,61,18,18,10,33,76,112
thorpot01,Otis Thorpe,POWER FORWARD,32,HOUSTON ROCKETS,36,35,1188,206,366,0,3,67,127,113,209,58,22,13,76,102,479
thorpot01,Otis Thorpe,POWER FORWARD,32,PORTLAND TRAIL BLAZERS,34,0,908,179,315,0,4,100,154,89,147,54,19,15,56,122,458
threase01,Sedale Threatt,POINT GUARD,33,LOS ANGELES LAKERS,59,2,1384,217,437,36,95,88,111,21,103,248,54,12,70,139,558
tisdawa01,Wayman Tisdale,POWER FORWARD,30,PHOENIX SUNS,65,13,1276,278,574,0,0,94,122,83,164,45,29,27,64,190,650
tolbeto01,Tom Tolbert,POWER FORWARD,29,CHARLOTTE HORNETS,10,0,57,6,18,0,4,2,2,7,10,2,0,0,3,9,14
towerke01,Keith Tower,CENTER,24,ORLANDO MAGIC,3,0,7,0,2,0,0,1,2,1,2,0,0,0,1,1,1
tuckean01,Anthony Tucker,SMALL FORWARD,25,WASHINGTON BULLETS,62,13,982,96,210,0,1,51,83,44,126,68,46,11,56,129,243
turnehe02,Henry Turner,POWER FORWARD,28,SACRAMENTO KINGS,30,0,149,23,57,2,5,20,35,17,11,7,8,1,12,20,68
turneje01,Jeff Turner,POWER FORWARD,32,ORLANDO MAGIC,49,5,576,73,178,27,75,26,29,23,74,38,12,3,22,102,199
tylerbj01,B.J. Tyler,POINT GUARD,23,PHILADELPHIA 76ERS,55,8,809,72,189,16,51,35,50,13,49,174,36,2,97,58,195
vanexni01,Nick Van Exel,POINT GUARD,23,LOS ANGELES LAKERS,80,80,2944,465,1107,183,511,235,300,27,196,660,97,6,220,157,1348
vaughlo01,Loy Vaught,POWER FORWARD,26,LOS ANGELES CLIPPERS,80,79,2966,609,1185,7,33,176,248,261,511,139,104,29,166,243,1401
vinsofr01,Fred Vinson,SHOOTING GUARD,24,ATLANTA HAWKS,5,0,27,1,7,1,6,1,1,0,0,1,0,0,2,4,4
walkeke01,Kenny Walker,SMALL FORWARD,30,WASHINGTON BULLETS,24,0,266,18,42,0,0,21,28,19,28,7,5,5,15,42,57
waltere01,Rex Walters,SHOOTING GUARD,24,NEW JERSEY NETS,80,30,1435,206,469,71,196,40,52,18,75,121,37,16,71,135,523
wardch01,Charlie Ward,POINT GUARD,24,NEW YORK KNICKS,10,0,44,4,19,1,10,7,10,1,5,4,2,0,8,7,16
watsoja01,Jamie Watson,SMALL FORWARD,22,UTAH JAZZ,60,1,673,76,152,5,19,38,56,16,58,59,35,11,51,86,195
weathcl01,Clarence Weatherspoon,SMALL FORWARD,24,PHILADELPHIA 76ERS,76,76,2991,543,1238,4,21,283,377,144,382,215,115,67,191,195,1373
webbsp01,Spud Webb,POINT GUARD,31,SACRAMENTO KINGS,76,76,2458,302,689,48,145,226,242,29,145,468,75,8,185,148,878
webbech01,Chris Webber,POWER FORWARD,21,WASHINGTON BULLETS,54,52,2067,464,938,40,145,117,233,200,318,256,83,85,167,186,1085
wennibi01,Bill Wennington,CENTER,31,CHICAGO BULLS,73,1,956,156,317,0,4,51,63,64,126,40,22,17,39,198,363
wesleda01,David Wesley,POINT GUARD,24,BOSTON CELTICS,51,36,1380,128,313,51,119,71,94,31,86,266,82,9,87,144,378
westdo01,Doug West,SHOOTING GUARD,27,MINNESOTA TIMBERWOLVES,71,65,2328,351,762,11,61,206,246,60,167,185,65,24,126,250,919
westma01,Mark West,CENTER,34,DETROIT PISTONS,67,58,1543,217,390,0,0,66,138,160,248,18,27,102,85,247,500
whatlen01,Ennis Whatley,POINT GUARD,32,ATLANTA HAWKS,27,2,292,24,53,2,8,20,32,9,21,54,19,0,19,37,70
whitnch01,Chris Whitney,POINT GUARD,23,SAN ANTONIO SPURS,25,0,179,14,47,3,19,11,11,4,9,28,4,0,18,34,42
wileymo01,Morlon Wiley,POINT GUARD,28,DALLAS MAVERICKS,38,2,407,47,111,29,75,7,10,6,33,69,21,1,19,44,130
wileymo01,Morlon Wiley,POINT GUARD,28,ATLANTA HAWKS,5,0,17,3,6,1,4,0,0,0,4,6,1,1,4,0,7
wilkido01,Dominique Wilkins,SMALL FORWARD,35,BOSTON CELTICS,77,64,2423,496,1169,112,289,266,340,157,244,166,61,14,173,130,1370
williaa01,Aaron Williams,POWER FORWARD,23,MILWAUKEE BUCKS,15,0,72,8,24,0,1,8,12,5,14,0,2,6,7,14,24
willibu01,Buck Williams,POWER FORWARD,34,PORTLAND TRAIL BLAZERS,82,82,2422,309,604,1,2,138,205,251,418,78,67,69,119,254,757
willihe01,Herb Williams,CENTER,36,NEW YORK KNICKS,56,3,743,82,180,0,0,23,37,23,109,27,13,45,40,108,187
williho01,Hot Rod Williams,POWER FORWARD,32,CLEVELAND CAVALIERS,74,73,2641,366,810,1,5,196,286,173,334,192,83,101,149,211,929
willija01,Jayson Williams,POWER FORWARD,26,NEW JERSEY NETS,75,6,982,149,323,0,5,65,122,179,246,35,26,33,59,160,363
willijo02,John Williams,SMALL FORWARD,28,INDIANA PACERS,34,0,402,41,115,4,12,14,25,23,39,27,10,2,35,48,100
willilo01,Lorenzo Williams,CENTER,25,DALLAS MAVERICKS,82,81,2383,145,304,0,0,38,101,291,399,124,52,148,105,306,328
willimi02,Micheal Williams,POINT GUARD,28,MINNESOTA TIMBERWOLVES,1,1,28,1,4,0,0,4,5,0,1,3,2,0,3,3,6
willimo01,Monty Williams,SMALL FORWARD,23,NEW YORK KNICKS,41,23,503,60,133,0,8,17,38,42,56,49,20,4,41,87,137
willire01,Reggie Williams,SMALL FORWARD,30,DENVER NUGGETS,74,70,2198,388,846,85,266,132,174,94,235,231,114,67,124,264,993
willisc01,Scott Williams,POWER FORWARD,26,PHILADELPHIA 76ERS,77,43,1781,206,434,0,7,79,107,173,312,59,71,40,84,237,491
williwa02,Walt Williams,SMALL FORWARD,24,SACRAMENTO KINGS,77,77,2739,445,998,103,296,266,364,100,245,316,123,63,243,265,1259
willike02,Kevin Willis,POWER FORWARD,32,ATLANTA HAWKS,2,2,89,16,41,0,1,10,15,10,26,3,1,3,7,7,42
willike02,Kevin Willis,POWER FORWARD,32,MIAMI HEAT,65,61,2301,457,974,3,14,195,282,217,479,83,59,33,155,208,1112
wilsotr01,Trevor Wilson,POWER FORWARD,26,SACRAMENTO KINGS,15,0,147,18,40,0,0,11,14,10,16,12,4,2,6,12,47
wingada01,David Wingate,SHOOTING GUARD,31,CHARLOTTE HORNETS,52,9,515,50,122,4,22,18,24,11,49,56,19,6,27,60,122
wingfdo01,Dontonio Wingfield,SMALL FORWARD,20,SEATTLE SUPERSONICS,20,0,81,18,51,2,12,8,10,11,19,3,5,3,8,15,46
wolfjo01,Joe Wolf,POWER FORWARD,30,CHARLOTTE HORNETS,63,6,583,38,81,2,6,12,16,34,95,37,9,6,22,101,90
woodda01,David Wood,POWER FORWARD,30,GOLDEN STATE WARRIORS,78,13,1336,153,326,31,91,91,117,83,158,65,28,13,53,217,428
woodsra01,Randy Woods,POINT GUARD,24,LOS ANGELES CLIPPERS,62,3,495,37,117,22,74,28,38,10,34,134,41,0,55,87,124
workmha01,Haywoode Workman,POINT GUARD,29,INDIANA PACERS,69,14,1028,101,269,35,98,55,74,21,90,194,59,5,73,115,292
wrighsh01,Sharone Wright,CENTER,22,PHILADELPHIA 76ERS,79,49,2044,361,776,0,8,182,282,191,281,48,37,104,151,246,904
youngda01,Danny Young,POINT GUARD,32,MILWAUKEE BUCKS,7,0,77,9,17,5,12,1,1,1,4,12,4,0,4,8,24
