slug,name,positions,age,team,games_played,games_started,minutes_played,made_field_goals,attempted_field_goals,made_three_point_field_goals,attempted_three_point_field_goals,made_free_throws,attempted_free_throws,offensive_rebounds,defensive_rebounds,assists,steals,blocks,turnovers,personal_fouls,points
abdulma02,Mahmoud Abdul-Rauf,POINT GUARD,28,SACRAMENTO KINGS,31,0,530,103,273,5,31,16,16,6,31,58,16,1,19,31,227
abdulta01,Tariq Abdul-Wahad,SHOOTING GUARD,23,SACRAMENTO KINGS,59,16,959,144,357,4,19,84,125,44,72,51,35,13,65,81,376
abdursh01,Shareef Abdur-Rahim,SMALL FORWARD,21,VANCOUVER GRIZZLIES,82,82,2950,653,1347,21,51,502,640,227,354,213,89,76,257,201,1829
alexaco01,Cory Alexander,POINT GUARD,24,SAN ANTONIO SPURS,37,3,501,60,145,20,64,25,37,7,40,71,25,5,47,53,165
alexaco01,Cory Alexander,POINT GUARD,24,DENVER NUGGETS,23,19,797,111,255,46,112,55,65,10,89,138,45,6,65,45,323
allenra02,Ray Allen,SHOOTING GUARD,22,MILWAUKEE BUCKS,82,82,3287,563,1315,134,368,342,391,127,278,356,111,12,263,244,1602
anderde01,Derek Anderson,SMALL FORWARD,23,CLEVELAND CAVALIERS,66,13,1839,239,586,17,84,275,315,55,132,227,86,13,128,136,770
andergr01,Greg Anderson,CENTER,33,ATLANTA HAWKS,50,0,398,36,81,0,5,16,41,39,79,15,19,10,17,85,88
anderke01,Kenny Anderson,POINT GUARD,27,PORTLAND TRAIL BLAZERS,45,40,1472,204,527,47,133,112,145,36,98,245,61,1,114,99,567
anderke01,Kenny Anderson,POINT GUARD,27,BOSTON CELTICS,16,16,386,64,147,10,27,41,49,3,36,100,26,0,29,36,179
anderni01,Nick Anderson,SMALL FORWARD,30,ORLANDO MAGIC,58,44,1701,343,754,77,214,127,199,98,199,119,72,23,85,98,890
andersh01,Shandon Anderson,SHOOTING GUARD,24,UTAH JAZZ,82,2,1602,269,500,7,32,136,185,86,141,89,66,18,91,145,681
anstech01,Chris Anstey,CENTER,23,DALLAS MAVERICKS,41,8,680,92,231,3,16,53,74,53,104,35,31,27,41,95,240
anthogr01,Greg Anthony,POINT GUARD,30,SEATTLE SUPERSONICS,80,0,1021,150,349,66,159,53,80,18,93,205,64,3,91,97,419
armstbj01,B.J. Armstrong,POINT GUARD,30,GOLDEN STATE WARRIORS,4,0,59,6,19,0,1,5,7,4,3,6,4,0,7,6,17
armstbj01,B.J. Armstrong,POINT GUARD,30,CHARLOTTE HORNETS,62,0,772,99,194,9,34,37,43,12,57,144,25,0,35,68,244
armstda01,Darrell Armstrong,POINT GUARD,29,ORLANDO MAGIC,48,17,1236,156,380,25,68,105,123,65,94,236,58,5,112,96,442
askewvi01,Vincent Askew,SHOOTING GUARD,31,PORTLAND TRAIL BLAZERS,30,5,443,19,54,0,2,28,39,21,47,38,19,5,35,39,66
askinke01,Keith Askins,SMALL FORWARD,30,MIAMI HEAT,46,12,681,39,122,21,74,12,19,28,73,29,27,12,26,107,111
augmost01,Stacey Augmon,SHOOTING GUARD,29,PORTLAND TRAIL BLAZERS,71,23,1445,154,372,1,7,94,156,104,131,88,57,32,81,144,403
austiis01,Isaac Austin,CENTER,28,MIAMI HEAT,52,25,1371,252,532,0,3,155,228,119,211,87,43,34,117,162,659
austiis01,Isaac Austin,CENTER,28,LOS ANGELES CLIPPERS,26,25,895,154,339,0,5,88,135,80,147,88,18,22,89,69,396
bakervi01,Vin Baker,CENTER,26,SEATTLE SUPERSONICS,82,82,2944,631,1164,1,7,311,526,286,370,152,91,86,174,278,1574
barklch01,Charles Barkley,POWER FORWARD,34,HOUSTON ROCKETS,68,41,2243,361,744,18,84,296,397,241,553,217,71,28,147,187,1036
barroda01,Dana Barros,POINT GUARD,30,BOSTON CELTICS,80,15,1686,281,609,100,246,122,144,28,125,286,83,6,107,124,784
barrybr01,Brent Barry,SHOOTING GUARD,26,LOS ANGELES CLIPPERS,41,36,1341,190,444,78,195,103,122,27,116,132,50,23,95,88,561
barrybr01,Brent Barry,SHOOTING GUARD,26,MIAMI HEAT,17,0,259,23,62,12,34,12,12,2,26,21,14,4,9,30,70
barrydr01,Drew Barry,POINT GUARD,24,ATLANTA HAWKS,27,0,256,18,38,9,21,11,13,5,30,49,10,1,30,28,56
barryjo01,Jon Barry,SHOOTING GUARD,28,LOS ANGELES LAKERS,49,1,374,38,104,18,61,27,29,8,29,51,24,3,22,33,121
battito01,Tony Battie,POWER FORWARD,21,DENVER NUGGETS,65,49,1506,234,525,3,14,73,104,138,213,60,54,69,98,199,544
beckco01,Corey Beck,POINT GUARD,26,CHARLOTTE HORNETS,59,14,738,73,159,2,4,43,59,27,63,98,33,7,70,100,191
benjabe01,Benoit Benjamin,CENTER,33,PHILADELPHIA 76ERS,14,0,197,22,41,0,0,19,30,18,35,3,4,4,12,26,63
bennema01,Mario Bennett,POWER FORWARD,24,LOS ANGELES LAKERS,45,4,354,80,135,1,2,16,44,60,66,18,19,11,21,61,177
benoida01,David Benoit,SMALL FORWARD,29,NEW JERSEY NETS,53,0,799,102,269,41,119,37,44,42,99,17,26,16,39,120,282
benoida01,David Benoit,SMALL FORWARD,29,ORLANDO MAGIC,24,0,324,50,139,14,51,24,30,18,44,8,9,4,13,37,138
besttr01,Travis Best,POINT GUARD,25,INDIANA PACERS,82,0,1547,201,480,21,70,112,131,28,94,281,85,5,111,193,535
billuch01,Chauncey Billups,POINT GUARD,21,BOSTON CELTICS,51,44,1296,177,454,64,189,147,180,40,73,217,77,2,118,118,565
billuch01,Chauncey Billups,POINT GUARD,21,TORONTO RAPTORS,29,26,920,103,295,43,136,79,86,22,55,97,30,2,56,54,328
blaylmo01,Mookie Blaylock,POINT GUARD,30,ATLANTA HAWKS,70,69,2700,368,938,90,334,95,134,81,260,469,183,21,176,122,921
blounco01,Corie Blount,POWER FORWARD,29,LOS ANGELES LAKERS,70,3,1029,107,187,0,4,39,78,114,184,37,29,25,51,157,253
boguemu01,Muggsy Bogues,POINT GUARD,33,CHARLOTTE HORNETS,2,0,16,2,5,0,0,2,2,0,1,4,2,0,1,2,6
boguemu01,Muggsy Bogues,POINT GUARD,33,GOLDEN STATE WARRIORS,59,31,1554,139,318,4,16,59,66,30,101,327,65,3,104,56,341
bohanet01,Etdrick Bohannon,POWER FORWARD,24,INDIANA PACERS,5,0,11,0,4,0,0,0,0,2,4,1,0,2,3,3,0
boothke01,Keith Booth,SMALL FORWARD,23,CHICAGO BULLS,6,0,17,2,6,0,1,6,6,2,2,1,0,0,3,3,10
bowenbr01,Bruce Bowen,SMALL FORWARD,26,BOSTON CELTICS,61,9,1305,122,298,20,59,76,122,79,95,81,87,29,52,174,340
bowiean01,Anthony Bowie,SHOOTING GUARD,34,NEW YORK KNICKS,27,3,224,32,59,3,4,8,9,9,17,11,6,2,7,25,75
bradlsh01,Shawn Bradley,CENTER,25,DALLAS MAVERICKS,64,46,1822,300,711,1,3,130,180,164,354,60,51,214,96,214,731
brandte01,Terrell Brandon,POINT GUARD,27,MILWAUKEE BUCKS,50,48,1784,339,731,31,93,132,156,23,153,387,111,17,145,120,841
breauti01,Tim Breaux,SMALL FORWARD,27,MILWAUKEE BUCKS,6,0,30,4,11,1,3,1,2,0,2,2,2,1,1,1,10
brooksc01,Scott Brooks,POINT GUARD,32,CLEVELAND CAVALIERS,43,0,312,28,66,5,11,18,20,6,24,49,18,3,12,25,79
brownch01,Chucky Brown,SMALL FORWARD,29,ATLANTA HAWKS,77,8,1202,161,372,2,8,63,87,57,126,55,23,13,51,100,387
brownde01,Dee Brown,SHOOTING GUARD,29,BOSTON CELTICS,41,10,811,109,255,43,113,19,28,10,52,53,44,6,32,76,280
brownde01,Dee Brown,SHOOTING GUARD,29,TORONTO RAPTORS,31,2,908,137,307,65,158,39,43,14,76,101,38,17,41,47,378
brownpj01,P.J. Brown,POWER FORWARD,28,MIAMI HEAT,74,74,2362,278,590,0,0,151,197,235,400,103,66,98,97,264,707
brownra02,Randy Brown,POINT GUARD,29,CHICAGO BULLS,71,6,1147,116,302,0,5,56,78,34,60,151,71,12,63,118,288
brunsri01,Rick Brunson,POINT GUARD,25,PORTLAND TRAIL BLAZERS,38,10,622,49,141,22,61,42,62,14,42,100,25,3,52,55,162
bryanko01,Kobe Bryant,SMALL FORWARD,19,LOS ANGELES LAKERS,79,1,2056,391,913,75,220,363,457,79,163,199,74,40,157,180,1220
bryanma01,Mark Bryant,CENTER,32,PHOENIX SUNS,70,22,1110,109,225,0,1,73,95,92,152,46,36,15,58,180,291
buechju01,Jud Buechler,SMALL FORWARD,29,CHICAGO BULLS,74,0,608,85,176,25,65,3,6,24,53,49,22,15,21,47,198
bullama01,Matt Bullard,SMALL FORWARD,30,HOUSTON ROCKETS,67,24,1190,175,389,96,231,20,27,25,121,60,31,24,39,104,466
burresc01,Scott Burrell,SMALL FORWARD,27,CHICAGO BULLS,80,3,1096,159,375,51,144,47,64,80,118,65,64,37,50,131,416
burtowi01,Willie Burton,SMALL FORWARD,29,SAN ANTONIO SPURS,13,0,43,8,21,3,9,8,12,3,6,1,2,2,1,7,27
butlemi02,Mitchell Butler,SHOOTING GUARD,27,CLEVELAND CAVALIERS,18,0,206,15,47,1,6,6,10,6,16,18,8,0,8,26,37
caffeja01,Jason Caffey,POWER FORWARD,24,CHICAGO BULLS,51,8,710,100,199,0,1,68,103,76,97,36,13,17,48,92,268
caffeja01,Jason Caffey,POWER FORWARD,24,GOLDEN STATE WARRIORS,29,6,713,126,267,0,1,63,97,84,87,31,12,3,57,89,315
cagemi01,Michael Cage,CENTER,36,NEW JERSEY NETS,79,17,1201,43,84,0,1,20,36,115,193,32,45,44,23,105,106
caldwad01,Adrian Caldwell,POWER FORWARD,31,DALLAS MAVERICKS,1,0,3,0,0,0,0,0,0,0,0,0,0,0,0,0,0
cambyma01,Marcus Camby,CENTER,23,TORONTO RAPTORS,63,58,2002,308,747,0,2,149,244,203,263,111,68,230,134,200,765
campbel01,Elden Campbell,POWER FORWARD,29,LOS ANGELES LAKERS,81,28,1784,289,624,1,2,237,342,143,312,78,35,102,115,209,816
carran01,Antoine Carr,POWER FORWARD,36,UTAH JAZZ,66,8,1086,151,325,0,0,76,98,42,89,48,11,53,48,195,378
carrch01,Chris Carr,SHOOTING GUARD,23,MINNESOTA TIMBERWOLVES,51,40,1165,190,452,40,127,84,99,43,112,85,17,11,69,129,504
cassesa01,Sam Cassell,POINT GUARD,28,NEW JERSEY NETS,75,72,2606,510,1156,15,80,436,507,73,155,603,121,20,269,262,1471
catoke01,Kelvin Cato,CENTER,23,PORTLAND TRAIL BLAZERS,74,8,1007,98,229,0,3,86,125,91,161,23,29,94,44,164,282
causwdu01,Duane Causwell,CENTER,29,MIAMI HEAT,37,2,363,37,89,0,0,15,26,29,70,5,7,27,18,73,89
cebalce01,Cedric Ceballos,SMALL FORWARD,28,PHOENIX SUNS,35,16,626,129,258,15,50,60,84,51,98,35,22,8,39,59,333
cebalce01,Cedric Ceballos,SMALL FORWARD,28,DALLAS MAVERICKS,12,9,364,75,157,6,20,47,61,24,48,25,11,8,33,29,203
chambto01,Tom Chambers,POWER FORWARD,38,PHILADELPHIA 76ERS,1,0,10,2,2,0,0,2,2,0,2,0,2,0,1,2,6
chapmre01,Rex Chapman,SHOOTING GUARD,30,PHOENIX SUNS,68,67,2263,408,956,120,311,146,187,30,143,203,71,14,116,102,1082
cheanca01,Calbert Cheaney,SHOOTING GUARD,26,WASHINGTON WIZARDS,82,82,2841,448,981,15,53,139,215,82,242,173,96,36,104,264,1050
chilcpe01,Pete Chilcutt,POWER FORWARD,29,VANCOUVER GRIZZLIES,82,0,1420,156,359,54,130,39,59,77,229,104,53,37,62,158,405
childch01,Chris Childs,POINT GUARD,30,NEW YORK KNICKS,68,0,1599,149,354,27,87,104,126,29,133,268,56,6,103,179,429
chrisdo01,Doug Christie,SHOOTING GUARD,27,TORONTO RAPTORS,78,78,2939,458,1071,100,307,271,327,94,310,282,190,57,228,198,1287
closske01,Keith Closs,CENTER,21,LOS ANGELES CLIPPERS,58,1,740,93,207,0,0,46,77,63,105,19,12,81,38,73,232
colemde01,Derrick Coleman,POWER FORWARD,30,PHILADELPHIA 76ERS,59,58,2135,356,867,26,98,302,391,149,438,145,46,68,157,144,1040
colesbi01,Bimbo Coles,POINT GUARD,29,GOLDEN STATE WARRIORS,53,44,1471,166,438,13,57,78,88,17,106,248,51,13,89,135,423
collija01,James Collins,SHOOTING GUARD,24,LOS ANGELES CLIPPERS,23,0,103,21,55,9,20,8,14,7,7,3,6,3,8,12,59
conloma01,Marty Conlon,CENTER,30,MIAMI HEAT,18,0,209,28,62,0,0,32,44,16,30,12,9,5,11,27,88
corbity01,Tyrone Corbin,SMALL FORWARD,35,ATLANTA HAWKS,79,79,2699,328,747,49,141,101,128,78,284,173,105,7,86,197,806
cottoja02,James Cotton,SHOOTING GUARD,22,SEATTLE SUPERSONICS,9,0,33,8,21,0,4,8,9,2,4,0,1,1,6,3,24
crawfch01,Chris Crawford,POWER FORWARD,22,ATLANTA HAWKS,40,0,256,46,110,1,3,57,68,20,21,9,12,7,18,27,150
croshau01,Austin Croshere,POWER FORWARD,22,INDIANA PACERS,26,0,243,32,86,4,13,8,14,10,35,8,9,5,13,32,76
crottjo01,John Crotty,POINT GUARD,28,PORTLAND TRAIL BLAZERS,26,2,379,29,90,6,20,32,34,4,28,63,10,1,42,28,96
cummite01,Terry Cummings,POWER FORWARD,36,PHILADELPHIA 76ERS,44,2,656,97,212,0,1,39,58,55,93,21,22,5,17,102,233
cummite01,Terry Cummings,POWER FORWARD,36,NEW YORK KNICKS,30,1,529,103,216,0,0,28,40,42,93,26,16,5,34,79,234
cunniwi01,William Cunningham,CENTER,23,UTAH JAZZ,6,2,38,4,9,0,0,0,0,4,4,1,2,0,0,10,8
cunniwi01,William Cunningham,CENTER,23,PHILADELPHIA 76ERS,1,0,1,0,0,0,0,0,0,0,2,0,0,0,0,0,0
curlebi01,Bill Curley,POWER FORWARD,25,MINNESOTA TIMBERWOLVES,11,1,146,16,33,0,1,2,3,11,17,4,3,1,3,28,34
curryde01,Dell Curry,SHOOTING GUARD,33,CHARLOTTE HORNETS,52,1,971,194,434,61,145,41,52,26,75,69,31,4,54,85,490
currymi01,Michael Curry,SHOOTING GUARD,29,MILWAUKEE BUCKS,82,27,1978,196,418,4,9,147,176,26,72,137,56,14,77,218,543
dampier01,Erick Dampier,CENTER,22,GOLDEN STATE WARRIORS,82,82,2656,352,791,0,2,267,399,272,443,94,39,139,175,281,971
daniean01,Antonio Daniels,SHOOTING GUARD,22,VANCOUVER GRIZZLIES,74,50,1956,228,548,11,52,112,170,22,121,334,55,10,164,88,579
daniell01,Lloyd Daniels,SHOOTING GUARD,30,TORONTO RAPTORS,6,0,82,12,29,2,9,8,10,4,3,4,3,2,4,4,34
dareyi01,Yinka Dare,CENTER,25,NEW JERSEY NETS,10,0,60,4,18,0,0,4,8,10,7,1,0,2,2,9,12
davisan01,Antonio Davis,POWER FORWARD,29,INDIANA PACERS,82,12,2191,254,528,0,3,277,398,192,368,61,45,72,103,234,785
davisbe01,Ben Davis,POWER FORWARD,25,NEW YORK KNICKS,7,0,13,2,10,0,0,0,0,6,0,0,1,0,0,3,4
davisda01,Dale Davis,CENTER,28,INDIANA PACERS,78,78,2174,273,498,0,0,80,172,233,378,70,51,87,73,209,626
davisem01,Emanual Davis,POINT GUARD,29,HOUSTON ROCKETS,45,0,599,63,142,27,72,31,37,10,37,59,17,3,52,55,184
davishu01,Hubert Davis,SHOOTING GUARD,27,DALLAS MAVERICKS,81,30,2378,350,767,101,230,97,116,34,135,157,43,5,88,117,898
davisma02,Mark Davis,SMALL FORWARD,24,PHILADELPHIA 76ERS,71,12,906,109,244,0,6,64,101,64,94,73,49,18,91,95,282
daviste01,Terry Davis,POWER FORWARD,30,WASHINGTON WIZARDS,74,66,1705,127,256,0,1,69,119,209,271,30,41,24,56,193,323
dayto01,Todd Day,SHOOTING GUARD,28,MIAMI HEAT,5,0,69,11,31,2,12,6,9,4,2,7,7,0,3,10,30
declean01,Andrew DeClercq,CENTER,24,BOSTON CELTICS,81,49,1523,169,340,0,1,101,168,180,212,59,85,49,84,277,439
deherte01,Terry Dehere,POINT GUARD,26,SACRAMENTO KINGS,77,18,1410,180,451,50,132,79,99,21,85,196,52,4,96,150,489
delnevi01,Vinny Del Negro,SHOOTING GUARD,31,SAN ANTONIO SPURS,54,38,1721,211,479,17,39,74,93,13,139,183,39,6,53,113,513
delebi01,Bison Dele,CENTER,28,DETROIT PISTONS,78,78,2619,531,1040,1,3,198,280,223,472,94,67,55,181,252,1261
delkto01,Tony Delk,POINT GUARD,24,CHARLOTTE HORNETS,3,0,34,3,4,1,1,1,2,0,2,3,0,0,4,8,8
delkto01,Tony Delk,POINT GUARD,24,GOLDEN STATE WARRIORS,74,9,1647,311,794,41,156,110,149,38,132,169,73,12,105,88,773
divacvl01,Vlade Divac,CENTER,29,CHARLOTTE HORNETS,64,41,1805,267,536,3,14,130,188,183,335,172,83,94,114,179,667
douglsh01,Sherman Douglas,POINT GUARD,31,NEW JERSEY NETS,80,11,1699,255,515,14,46,115,172,52,83,319,55,7,110,156,639
drexlcl01,Clyde Drexler,SHOOTING GUARD,35,HOUSTON ROCKETS,70,70,2473,452,1059,106,334,277,346,105,241,382,126,42,189,193,1287
dudlech02,Chris Dudley,CENTER,32,NEW YORK KNICKS,51,22,858,58,143,0,0,41,92,108,167,21,13,51,44,139,157
dumarjo01,Joe Dumars,SHOOTING GUARD,34,DETROIT PISTONS,72,72,2326,329,791,158,426,127,154,14,90,253,44,2,84,99,943
dumasto01,Tony Dumas,SHOOTING GUARD,25,CLEVELAND CAVALIERS,7,0,47,6,12,2,4,0,3,1,4,5,0,0,5,5,14
duncati01,Tim Duncan,POWER FORWARD,21,SAN ANTONIO SPURS,82,82,3204,706,1287,0,10,319,482,274,703,224,55,206,279,254,1731
eacklle01,Ledell Eackles,SHOOTING GUARD,31,WASHINGTON WIZARDS,42,0,547,75,175,16,46,52,59,25,50,16,17,0,29,43,218
edneyty01,Tyus Edney,POINT GUARD,24,BOSTON CELTICS,52,7,623,93,216,3,10,88,111,20,35,139,51,1,66,69,277
edwarbl01,Blue Edwards,SHOOTING GUARD,32,VANCOUVER GRIZZLIES,81,20,1968,326,742,40,120,180,215,61,156,201,86,27,134,183,872
edwarke01,Kevin Edwards,SHOOTING GUARD,32,NEW JERSEY NETS,27,5,352,37,106,4,11,13,15,11,23,26,21,0,20,20,91
edwarke01,Kevin Edwards,SHOOTING GUARD,32,ORLANDO MAGIC,12,0,135,20,59,2,4,17,20,9,11,13,5,1,10,8,59
eisleho01,Howard Eisley,POINT GUARD,25,UTAH JAZZ,82,18,1726,229,519,48,118,127,149,25,141,346,54,13,160,182,633
eliema01,Mario Elie,SMALL FORWARD,34,HOUSTON ROCKETS,73,59,1988,206,456,55,189,145,174,39,117,221,81,8,100,115,612
elliose01,Sean Elliott,SMALL FORWARD,29,SAN ANTONIO SPURS,36,36,1012,122,303,34,90,56,78,16,108,62,24,14,57,92,334
ellisda01,Dale Ellis,SMALL FORWARD,37,SEATTLE SUPERSONICS,79,0,1939,348,700,127,274,111,142,51,133,89,60,5,74,128,934
ellisha01,Harold Ellis,SMALL FORWARD,27,DENVER NUGGETS,27,3,344,62,111,0,4,40,63,27,23,18,19,4,19,53,164
ellisla01,LaPhonso Ellis,SMALL FORWARD,27,DENVER NUGGETS,76,71,2575,410,1007,57,201,206,256,146,398,213,65,49,173,226,1083
ellispe01,Pervis Ellison,POWER FORWARD,30,BOSTON CELTICS,33,8,447,40,70,0,0,20,34,52,57,31,20,31,28,90,100
evansbr01,Brian Evans,SMALL FORWARD,24,ORLANDO MAGIC,44,0,561,77,206,12,45,40,48,31,54,31,22,8,24,57,206
evansbr01,Brian Evans,SMALL FORWARD,24,NEW JERSEY NETS,28,1,332,46,106,17,42,6,9,18,34,24,7,5,14,44,115
ewingpa01,Patrick Ewing,CENTER,35,NEW YORK KNICKS,26,26,848,203,403,0,2,134,186,59,206,28,16,58,77,74,540
farmeto01,Tony Farmer,CENTER,28,CHARLOTTE HORNETS,27,2,169,17,53,2,9,31,39,16,16,5,10,4,9,23,67
feickja01,Jamie Feick,POWER FORWARD,23,MILWAUKEE BUCKS,45,2,450,39,90,4,13,20,41,45,79,16,25,17,21,67,102
ferredu01,Duane Ferrell,SMALL FORWARD,32,GOLDEN STATE WARRIORS,50,5,461,41,111,0,6,12,22,25,22,26,21,6,18,50,94
ferryda01,Danny Ferry,POWER FORWARD,31,CLEVELAND CAVALIERS,69,3,1034,113,286,33,99,32,40,23,91,59,26,17,53,118,291
finlemi01,Michael Finley,SMALL FORWARD,24,DALLAS MAVERICKS,82,82,3394,675,1505,87,244,326,416,150,288,405,132,30,219,163,1763
fishede01,Derek Fisher,POINT GUARD,23,LOS ANGELES LAKERS,82,36,1760,164,378,31,81,115,152,38,155,333,75,5,119,126,474
fortsda01,Danny Fortson,POWER FORWARD,21,DENVER NUGGETS,80,23,1811,276,611,1,3,263,339,182,266,76,44,30,157,314,816
fostegr01,Greg Foster,CENTER,29,UTAH JAZZ,78,49,1446,186,418,2,9,67,87,85,188,51,15,28,68,187,441
foxri01,Rick Fox,SMALL FORWARD,28,LOS ANGELES LAKERS,82,82,2709,363,771,86,265,171,230,78,280,276,100,48,201,309,983
foylead01,Adonal Foyle,CENTER,22,GOLDEN STATE WARRIORS,55,1,656,69,170,0,1,27,62,73,111,14,13,52,50,94,165
fulleto02,Todd Fuller,CENTER,23,GOLDEN STATE WARRIORS,57,1,613,86,205,0,4,55,80,61,135,10,6,16,37,89,227
fundela01,Lawrence Funderburke,POWER FORWARD,27,SACRAMENTO KINGS,52,1,1094,191,390,1,7,110,162,80,154,63,19,15,62,56,493
garnech01,Chris Garner,POINT GUARD,22,TORONTO RAPTORS,38,0,293,23,70,4,14,3,7,7,17,45,21,4,25,50,53
garneke01,Kevin Garnett,POWER FORWARD,21,MINNESOTA TIMBERWOLVES,82,82,3222,635,1293,3,16,245,332,222,564,348,139,150,192,224,1518
garrede01,Dean Garrett,CENTER,31,DENVER NUGGETS,82,82,2632,242,565,0,0,114,176,227,417,90,57,133,84,197,598
garriki01,Kiwane Lemorris Garris,SHOOTING GUARD,23,DENVER NUGGETS,28,0,225,22,65,5,14,19,25,3,16,28,7,1,15,22,68
gatlich01,Chris Gatling,POWER FORWARD,30,NEW JERSEY NETS,57,16,1359,248,545,1,4,159,265,118,216,53,52,29,99,152,656
gearyre01,Reggie Geary,POINT GUARD,24,SAN ANTONIO SPURS,62,2,685,56,169,12,40,28,56,19,48,74,37,12,42,95,152
geigema01,Matt Geiger,CENTER,28,CHARLOTTE HORNETS,78,42,1839,358,709,1,11,168,236,196,325,78,68,87,111,191,885
gillke01,Kendall Gill,SMALL FORWARD,29,NEW JERSEY NETS,81,81,2733,418,974,26,101,225,327,112,279,200,156,64,124,268,1087
gilliar01,Armen Gilliam,POWER FORWARD,33,MILWAUKEE BUCKS,82,25,2114,327,676,0,4,267,333,146,293,104,65,37,148,177,921
goldwan01,Anthony Goldwire,POINT GUARD,26,DENVER NUGGETS,82,32,2212,269,636,63,164,150,186,40,107,277,86,7,85,149,751
grahagr01,Greg Graham,SHOOTING GUARD,27,CLEVELAND CAVALIERS,6,0,56,7,12,0,3,2,2,0,1,6,1,0,10,7,16
grantbr01,Brian Grant,SMALL FORWARD,25,PORTLAND TRAIL BLAZERS,61,49,1921,283,557,0,1,171,228,197,358,86,44,45,110,184,737
grantga01,Gary Grant,POINT GUARD,32,PORTLAND TRAIL BLAZERS,22,2,359,43,93,7,19,12,14,8,40,84,17,2,24,30,105
grantha01,Harvey Grant,SMALL FORWARD,32,WASHINGTON WIZARDS,65,8,895,75,196,1,6,19,30,60,108,39,23,15,26,94,170
grantho01,Horace Grant,CENTER,32,ORLANDO MAGIC,76,76,2803,393,857,0,7,135,199,228,390,172,81,79,88,180,921
grayed01,Ed Gray,SHOOTING GUARD,22,ATLANTA HAWKS,30,3,472,77,202,18,46,55,65,9,36,34,15,11,30,73,227
grayeje01,Jeff Grayer,SHOOTING GUARD,32,CHARLOTTE HORNETS,1,0,11,0,4,0,3,0,0,0,0,1,0,0,2,0,0
grayeje01,Jeff Grayer,SHOOTING GUARD,32,GOLDEN STATE WARRIORS,4,0,23,4,7,2,3,0,0,0,4,1,2,0,2,7,10
greenac01,A.C. Green,POWER FORWARD,34,DALLAS MAVERICKS,82,68,2649,242,534,0,4,116,162,219,449,123,78,27,68,157,600
greenli01,Litterial Green,POINT GUARD,27,MILWAUKEE BUCKS,21,0,124,5,23,0,2,15,20,1,6,16,4,0,8,11,25
grimmde01,Derek Grimm,SMALL FORWARD,23,SACRAMENTO KINGS,9,0,34,4,14,4,12,2,2,0,4,0,3,1,3,6,14
guglito01,Tom Gugliotta,SMALL FORWARD,28,MINNESOTA TIMBERWOLVES,41,41,1582,319,635,2,17,183,223,106,250,167,61,22,109,102,823
haleyja01,Jack Haley,CENTER,34,NEW JERSEY NETS,16,0,51,5,18,0,1,12,21,5,10,0,0,1,4,9,22
hamda01,Darvin Ham,SMALL FORWARD,24,WASHINGTON WIZARDS,71,3,635,55,104,0,0,35,74,72,59,16,21,25,37,118,145
hammoto01,Tom Hammonds,POWER FORWARD,30,MINNESOTA TIMBERWOLVES,57,2,1140,127,246,0,1,92,132,100,171,36,15,17,48,127,346
hansore01,Reggie Hanson,SMALL FORWARD,29,BOSTON CELTICS,8,0,26,3,6,0,0,0,0,3,3,1,2,1,3,8,6
hardaan01,Anfernee Hardaway,SHOOTING GUARD,26,ORLANDO MAGIC,19,15,625,103,273,15,50,90,118,8,68,68,28,15,46,45,311
hardati01,Tim Hardaway,POINT GUARD,31,MIAMI HEAT,81,81,3031,558,1296,155,442,257,329,48,251,672,136,16,224,200,1528
harpede01,Derek Harper,SHOOTING GUARD,36,ORLANDO MAGIC,66,45,1761,226,542,59,164,55,79,23,80,233,72,10,101,140,566
harpero01,Ron Harper,POINT GUARD,34,CHICAGO BULLS,82,82,2284,293,665,16,84,162,216,107,183,241,108,48,91,181,764
harriot01,Othella Harrington,POWER FORWARD,24,HOUSTON ROCKETS,58,3,903,129,266,0,1,92,122,73,134,24,10,27,47,112,350
harrilu01,Lucious Harris,SHOOTING GUARD,27,NEW JERSEY NETS,50,0,671,69,177,12,39,41,55,21,31,42,42,5,21,77,191
hawkihe01,Hersey Hawkins,SHOOTING GUARD,31,SEATTLE SUPERSONICS,82,82,2597,280,636,125,301,177,204,71,263,221,148,17,102,153,862
hendeal01,Alan Henderson,POWER FORWARD,25,ATLANTA HAWKS,69,33,2000,365,753,3,6,253,388,200,242,73,42,36,110,175,986
hendece02,Cedric Henderson,SMALL FORWARD,22,CLEVELAND CAVALIERS,82,71,2527,348,725,0,4,136,190,71,254,168,96,45,165,238,832
hendrma01,Mark Hendrickson,POWER FORWARD,23,SACRAMENTO KINGS,48,1,737,58,149,0,5,47,57,33,110,41,26,9,31,60,163
hensost01,Steve Henson,POINT GUARD,29,DETROIT PISTONS,23,0,65,13,26,3,8,7,7,0,2,4,1,0,6,9,36
herreca01,Carl Herrera,POWER FORWARD,31,SAN ANTONIO SPURS,58,1,516,76,175,0,1,18,44,24,67,22,19,12,38,71,170
higgise01,Sean Higgins,SMALL FORWARD,29,PORTLAND TRAIL BLAZERS,2,0,12,0,5,0,2,0,0,0,0,0,2,0,1,3,0
hillgr01,Grant Hill,SMALL FORWARD,25,DETROIT PISTONS,81,81,3294,615,1361,3,21,479,647,93,530,551,143,53,285,196,1712
hillty01,Tyrone Hill,POWER FORWARD,29,MILWAUKEE BUCKS,57,56,2064,208,418,0,1,155,255,212,396,88,67,30,106,230,571
hoibefr01,Fred Hoiberg,SHOOTING GUARD,25,INDIANA PACERS,65,1,874,85,222,32,85,59,69,14,109,45,40,3,22,101,261
honeyje01,Jerald Honeycutt,POWER FORWARD,23,MILWAUKEE BUCKS,38,0,530,90,221,29,77,36,58,27,66,33,20,6,49,83,245
hornaje01,Jeff Hornacek,SHOOTING GUARD,34,UTAH JAZZ,80,80,2460,399,828,56,127,285,322,65,205,349,109,15,132,175,1139
horryro01,Robert Horry,POWER FORWARD,27,LOS ANGELES LAKERS,72,71,2192,200,420,19,93,117,169,186,356,163,112,94,99,238,536
houstal01,Allan Houston,SHOOTING GUARD,26,NEW YORK KNICKS,82,82,2848,571,1277,82,213,285,335,43,231,212,63,24,200,207,1509
howarju01,Juwan Howard,POWER FORWARD,24,WASHINGTON WIZARDS,64,64,2559,463,991,0,2,258,358,161,288,208,82,23,185,225,1184
howarst01,Stephen Howard,SMALL FORWARD,27,SEATTLE SUPERSONICS,13,0,53,8,21,0,0,9,18,6,6,3,3,1,6,13,25
hudsotr01,Troy Hudson,POINT GUARD,21,UTAH JAZZ,8,0,23,6,14,0,3,0,0,1,1,4,2,0,1,1,12
hunteli01,Lindsey Hunter,POINT GUARD,27,DETROIT PISTONS,71,67,2505,316,826,85,265,145,196,61,186,224,123,10,110,174,862
hurlebo01,Bobby Hurley,POINT GUARD,26,SACRAMENTO KINGS,34,3,417,47,115,4,15,30,37,7,29,80,13,0,42,36,128
hurlebo01,Bobby Hurley,POINT GUARD,26,VANCOUVER GRIZZLIES,27,0,458,46,123,1,7,29,39,5,25,97,10,0,44,43,122
ilgauzy01,Zydrunas Ilgauskas,CENTER,22,CLEVELAND CAVALIERS,82,81,2379,454,876,1,4,230,302,279,444,71,52,135,146,288,1139
iversal01,Allen Iverson,POINT GUARD,22,PHILADELPHIA 76ERS,80,80,3150,649,1407,70,235,390,535,86,210,494,176,25,244,200,1758
jacksbo01,Bobby Jackson,POINT GUARD,24,DENVER NUGGETS,68,53,2042,310,791,21,81,149,183,78,224,317,105,11,184,160,790
jacksja01,Jaren Jackson,SHOOTING GUARD,30,SAN ANTONIO SPURS,82,45,2226,258,654,112,297,94,118,55,155,156,60,8,104,222,722
jacksji01,Jim Jackson,SHOOTING GUARD,27,PHILADELPHIA 76ERS,48,47,1788,246,535,39,112,126,154,69,158,223,41,6,145,112,657
jacksji01,Jim Jackson,SHOOTING GUARD,27,GOLDEN STATE WARRIORS,31,31,1258,230,572,22,79,103,128,61,112,158,38,2,118,74,585
jacksma01,Mark Jackson,POINT GUARD,32,INDIANA PACERS,82,82,2413,249,598,43,137,137,180,67,255,713,84,2,174,132,678
jameshe01,Henry James,POWER FORWARD,32,CLEVELAND CAVALIERS,28,0,166,24,59,11,25,21,22,2,13,5,1,1,12,24,80
johnsan02,Anthony Johnson,POINT GUARD,23,SACRAMENTO KINGS,77,62,2266,226,609,42,128,80,110,51,120,329,64,6,120,188,574
johnsav01,Avery Johnson,POINT GUARD,32,SAN ANTONIO SPURS,75,73,2674,321,671,2,13,122,168,30,120,591,84,18,165,140,766
johnsed03,Eddie Johnson,SMALL FORWARD,38,HOUSTON ROCKETS,75,1,1490,227,544,66,198,113,136,50,103,88,32,3,62,89,633
johnser02,Ervin Johnson,CENTER,30,MILWAUKEE BUCKS,81,81,2261,253,471,0,0,143,238,242,443,59,79,158,117,321,649
johnske02,Kevin Johnson,POINT GUARD,31,PHOENIX SUNS,50,12,1290,155,347,4,26,162,186,35,129,245,27,8,101,57,476
johnsla02,Larry Johnson,SMALL FORWARD,28,NEW YORK KNICKS,70,70,2412,429,884,15,63,214,283,175,226,150,40,13,127,193,1087
jonesch01,Charles Jones,POWER FORWARD,40,HOUSTON ROCKETS,24,0,127,7,10,0,0,1,2,12,12,5,1,6,4,22,15
jonesdo01,Dontae' Jones,SMALL FORWARD,22,BOSTON CELTICS,15,0,91,19,57,6,23,0,0,3,6,5,2,3,11,12,44
jonesed02,Eddie Jones,SHOOTING GUARD,26,LOS ANGELES LAKERS,80,80,2910,486,1005,143,368,234,306,85,217,246,160,55,146,164,1349
jonespo01,Popeye Jones,POWER FORWARD,27,TORONTO RAPTORS,14,4,352,52,127,2,3,14,19,50,52,18,10,3,16,39,120
jordami01,Michael Jordan,SHOOTING GUARD,34,CHICAGO BULLS,82,82,3181,881,1893,30,126,565,721,130,345,283,141,45,185,151,2357
jordare01,Reggie Jordan,SHOOTING GUARD,30,MINNESOTA TIMBERWOLVES,57,1,487,54,113,0,1,41,72,57,40,50,35,9,30,63,149
keefead01,Adam Keefe,CENTER,27,UTAH JAZZ,80,75,2047,229,424,0,0,162,200,179,259,89,52,24,71,172,620
kempsh01,Shawn Kemp,POWER FORWARD,28,CLEVELAND CAVALIERS,80,80,2769,518,1164,2,8,404,556,219,526,197,108,90,271,310,1442
kemptti01,Tim Kempton,POWER FORWARD,34,ORLANDO MAGIC,3,0,15,0,2,0,0,0,0,0,1,1,0,0,0,3,0
kemptti01,Tim Kempton,POWER FORWARD,34,TORONTO RAPTORS,5,0,32,2,7,0,0,0,0,4,1,2,1,2,4,7,4
kerrst01,Steve Kerr,POINT GUARD,32,CHICAGO BULLS,50,0,1119,137,302,57,130,45,49,14,63,96,26,5,27,71,376
kerseje01,Jerome Kersey,SMALL FORWARD,35,SEATTLE SUPERSONICS,37,2,717,97,233,1,10,39,65,56,79,44,52,14,36,104,234
kiddja01,Jason Kidd,POINT GUARD,24,PHOENIX SUNS,82,82,3118,357,859,73,233,167,209,108,402,745,162,26,261,142,954
kittlke01,Kerry Kittles,SHOOTING GUARD,23,NEW JERSEY NETS,77,76,2814,508,1154,110,263,202,250,132,230,176,132,37,106,152,1328
kleinjo01,Joe Kleine,CENTER,36,CHICAGO BULLS,46,1,397,39,106,0,0,15,18,27,50,30,4,5,28,63,93
knighbr01,Brevin Knight,POINT GUARD,22,CLEVELAND CAVALIERS,80,76,2483,261,592,0,7,201,251,67,186,656,196,18,194,271,723
knightr01,Travis Knight,CENTER,23,BOSTON CELTICS,74,21,1503,193,438,15,55,81,103,146,219,104,54,82,87,253,482
kukocto01,Toni Kukoč,SMALL FORWARD,29,CHICAGO BULLS,74,52,2235,383,841,63,174,155,219,121,206,314,76,37,154,149,984
laettch01,Christian Laettner,POWER FORWARD,28,ATLANTA HAWKS,74,49,2282,354,730,6,27,306,354,142,345,190,71,73,183,246,1020
langan01,Andrew Lang,CENTER,31,MILWAUKEE BUCKS,57,0,692,54,143,0,1,44,57,56,97,16,18,27,33,101,152
langan02,Antonio Lang,SMALL FORWARD,25,MIAMI HEAT,6,0,29,3,5,0,0,6,8,2,3,1,2,0,4,3,12
larueru01,Rusty LaRue,POINT GUARD,24,CHICAGO BULLS,14,0,140,20,49,4,16,5,8,1,7,5,3,1,6,12,49
laudepr01,Priest Lauderdale,CENTER,24,DENVER NUGGETS,39,0,345,53,127,0,0,38,69,27,73,21,7,17,46,63,144
lawsoja01,Jason Lawson,CENTER,23,ORLANDO MAGIC,17,0,80,9,15,0,0,8,10,8,19,5,4,4,2,14,26
legleti01,Tim Legler,SHOOTING GUARD,31,WASHINGTON WIZARDS,8,0,76,3,19,0,6,3,4,2,2,3,1,0,4,11,9
lenarvo01,Voshon Lenard,SHOOTING GUARD,24,MIAMI HEAT,81,81,2621,363,854,153,378,141,179,72,220,180,58,16,99,219,1020
listeal01,Alton Lister,CENTER,39,PORTLAND TRAIL BLAZERS,7,0,44,3,8,0,0,0,0,2,9,1,1,1,2,12,6
livinra01,Randy Livingston,POINT GUARD,22,ATLANTA HAWKS,12,0,82,3,12,0,0,4,5,1,5,5,7,2,6,6,10
llamaho01,Horacio Llamas,CENTER,24,PHOENIX SUNS,8,0,42,8,21,1,3,7,10,4,14,1,1,3,9,14,24
lohaubr01,Brad Lohaus,POWER FORWARD,33,SAN ANTONIO SPURS,9,0,102,7,21,4,14,1,3,3,9,5,1,2,3,10,19
longgr01,Grant Long,POWER FORWARD,31,DETROIT PISTONS,40,17,739,50,117,0,4,41,57,57,93,25,29,12,22,91,141
longllu01,Luc Longley,CENTER,29,CHICAGO BULLS,58,58,1703,277,609,0,0,109,148,113,228,161,34,62,130,206,663
lynchge01,George Lynch,SMALL FORWARD,27,VANCOUVER GRIZZLIES,82,0,1493,248,516,9,30,111,158,147,215,122,65,41,104,161,616
macksa01,Sam Mack,SMALL FORWARD,27,VANCOUVER GRIZZLIES,57,54,1414,222,559,110,269,62,77,30,103,101,41,11,69,117,616
macledo01,Don MacLean,SMALL FORWARD,28,NEW JERSEY NETS,9,0,42,1,10,1,2,0,0,3,2,0,0,0,2,7,3
madkige01,Gerald Madkins,SHOOTING GUARD,28,GOLDEN STATE WARRIORS,19,0,243,13,34,6,15,5,7,2,13,45,13,1,13,18,37
mahorri01,Rick Mahorn,CENTER,39,DETROIT PISTONS,59,0,707,59,129,0,0,23,34,65,130,15,14,7,37,123,141
majerda01,Dan Majerle,SHOOTING GUARD,32,MIAMI HEAT,72,22,1928,184,439,111,295,40,51,48,220,157,68,15,65,139,519
malonka01,Karl Malone,POWER FORWARD,34,UTAH JAZZ,81,81,3030,780,1472,2,6,628,825,189,645,316,96,70,247,237,2190
malonma01,Matt Maloney,POINT GUARD,26,HOUSTON ROCKETS,78,78,2217,239,586,126,346,65,78,16,126,219,62,5,107,99,669
mannida01,Danny Manning,POWER FORWARD,31,PHOENIX SUNS,70,11,1794,390,756,0,7,167,226,110,282,139,71,46,100,201,947
marbust01,Stephon Marbury,POINT GUARD,20,MINNESOTA TIMBERWOLVES,82,81,3112,513,1237,95,304,329,450,58,172,704,104,7,256,222,1450
marshdo01,Donyell Marshall,SMALL FORWARD,24,GOLDEN STATE WARRIORS,73,73,2611,451,1090,63,201,158,216,210,418,159,95,73,147,226,1123
martida01,Darrick Martin,POINT GUARD,26,LOS ANGELES CLIPPERS,82,63,2299,275,730,107,293,184,217,19,145,331,82,10,154,198,841
mashbja01,Jamal Mashburn,SMALL FORWARD,25,MIAMI HEAT,48,48,1729,251,577,37,122,184,231,72,164,132,43,14,108,137,723
masonan01,Anthony Mason,POWER FORWARD,31,CHARLOTTE HORNETS,81,80,3148,389,764,0,4,261,402,177,649,342,68,18,146,182,1039
masseto01,Tony Massenburg,CENTER,30,VANCOUVER GRIZZLIES,61,13,894,148,309,0,0,100,137,80,152,21,25,24,60,123,396
maxweve01,Vernon Maxwell,SHOOTING GUARD,32,ORLANDO MAGIC,11,0,169,26,78,6,26,23,26,5,8,12,2,1,12,20,81
maxweve01,Vernon Maxwell,SHOOTING GUARD,32,CHARLOTTE HORNETS,31,0,467,77,180,31,86,25,34,9,35,40,14,3,28,51,210
maybele01,Lee Mayberry,POINT GUARD,27,VANCOUVER GRIZZLIES,79,32,1835,131,349,63,180,38,51,19,95,349,65,10,113,164,363
mccanbo01,Bob McCann,SMALL FORWARD,33,TORONTO RAPTORS,1,0,5,0,1,0,0,0,0,0,1,0,0,0,0,1,0
mccarwa01,Walter McCarty,SMALL FORWARD,23,BOSTON CELTICS,82,64,2340,295,730,54,175,144,194,141,223,177,110,44,141,274,788
mccloge01,George McCloud,SMALL FORWARD,30,PHOENIX SUNS,63,13,1213,173,427,71,208,39,51,45,173,84,54,13,63,132,456
mcdanxa01,Xavier McDaniel,SMALL FORWARD,34,NEW JERSEY NETS,20,0,180,10,30,0,0,5,8,12,19,9,3,2,8,23,25
mcdonmi01,Michael McDonald,CENTER,28,CHARLOTTE HORNETS,1,0,4,0,0,0,0,0,0,1,0,0,0,0,2,1,0
mcdyean01,Antonio McDyess,POWER FORWARD,23,PHOENIX SUNS,81,81,2441,497,927,0,2,231,329,206,407,106,100,135,142,292,1225
mcgratr01,Tracy McGrady,SMALL FORWARD,18,TORONTO RAPTORS,64,17,1179,179,398,14,41,79,111,105,164,98,49,61,66,86,451
mcilvji01,Jim McIlvaine,CENTER,25,SEATTLE SUPERSONICS,78,72,1211,101,223,0,3,45,81,96,163,19,24,137,54,240,247
mckeyde01,Derrick McKey,SMALL FORWARD,31,INDIANA PACERS,57,4,1316,150,327,4,17,55,77,74,137,88,57,30,79,156,359
mckieaa01,Aaron McKie,SMALL FORWARD,25,DETROIT PISTONS,24,1,472,43,104,3,17,20,23,24,44,38,23,1,24,47,109
mckieaa01,Aaron McKie,SHOOTING GUARD,25,PHILADELPHIA 76ERS,57,31,1341,96,277,9,46,22,32,34,129,137,78,12,52,117,223
mcmilna01,Nate McMillan,SHOOTING GUARD,33,SEATTLE SUPERSONICS,18,1,279,23,67,15,34,1,1,13,27,55,14,4,12,41,62
mercero01,Ron Mercer,SHOOTING GUARD,21,BOSTON CELTICS,80,62,2662,515,1145,3,28,188,224,109,171,176,125,17,132,213,1221
milicma01,Marko Milič,SMALL FORWARD,20,PHOENIX SUNS,33,0,163,39,64,3,6,11,17,10,15,12,10,0,21,17,92
millean01,Anthony Miller,POWER FORWARD,26,ATLANTA HAWKS,37,0,228,29,52,0,0,21,39,30,40,3,15,3,14,41,79
milleol01,Oliver Miller,CENTER,27,TORONTO RAPTORS,64,53,1628,170,369,0,4,61,101,146,254,196,58,72,131,184,401
millere01,Reggie Miller,SHOOTING GUARD,32,INDIANA PACERS,81,81,2795,516,1081,164,382,382,440,46,186,171,78,11,128,148,1578
millsch01,Chris Mills,SMALL FORWARD,28,NEW YORK KNICKS,80,29,2183,292,675,40,137,152,189,120,288,133,45,30,107,218,776
millste01,Terry Mills,POWER FORWARD,30,MIAMI HEAT,50,0,782,81,206,25,81,25,33,34,118,39,19,9,45,129,212
minorgr01,Greg Minor,SHOOTING GUARD,26,BOSTON CELTICS,69,16,1126,140,321,6,31,59,86,55,95,88,53,11,43,100,345
mitchsa01,Sam Mitchell,SMALL FORWARD,34,MINNESOTA TIMBERWOLVES,81,33,2239,371,800,15,43,243,292,118,267,107,64,22,66,200,1000
montrer01,Eric Montross,CENTER,26,PHILADELPHIA 76ERS,20,20,337,30,76,0,0,7,19,28,64,7,7,12,15,61,67
montrer01,Eric Montross,CENTER,26,DETROIT PISTONS,28,10,354,31,68,0,0,9,21,41,66,4,6,15,14,66,71
morrich01,Chris Morris,SMALL FORWARD,32,UTAH JAZZ,54,1,538,85,207,19,62,44,61,35,79,24,25,17,33,61,233
motenla01,Lawrence Moten,SHOOTING GUARD,25,WASHINGTON WIZARDS,8,0,27,3,13,0,1,3,4,1,0,3,0,0,1,6,9
mournal01,Alonzo Mourning,CENTER,27,MIAMI HEAT,58,56,1939,403,732,0,0,309,465,193,365,52,40,130,179,208,1115
mullich01,Chris Mullin,SMALL FORWARD,34,INDIANA PACERS,82,82,2177,333,692,107,243,154,164,38,211,186,95,39,117,186,927
murdoer01,Eric Murdock,POINT GUARD,29,MIAMI HEAT,82,1,1395,177,419,28,91,125,156,39,117,219,103,13,104,173,507
murrala01,Lamond Murray,SMALL FORWARD,24,LOS ANGELES CLIPPERS,79,65,2579,473,984,54,153,220,294,172,312,142,118,54,171,193,1220
murratr01,Tracy Murray,SMALL FORWARD,26,WASHINGTON WIZARDS,82,12,2227,449,1007,158,403,182,209,75,202,84,67,25,102,167,1238
mutomdi01,Dikembe Mutombo,CENTER,31,ATLANTA HAWKS,82,82,2917,399,743,0,0,303,452,276,656,82,34,277,168,254,1101
muursma01,Martin Müürsepp,POWER FORWARD,23,DALLAS MAVERICKS,41,7,603,83,191,16,38,51,67,46,68,30,29,14,29,96,233
myerspe01,Pete Myers,SHOOTING GUARD,34,NEW YORK KNICKS,9,0,40,5,10,0,0,4,6,5,5,3,4,0,4,7,14
nashst01,Steve Nash,POINT GUARD,23,PHOENIX SUNS,76,9,1664,268,584,81,195,74,86,32,128,262,63,4,98,145,691
newbiiv01,Ivano Newbill,POWER FORWARD,27,VANCOUVER GRIZZLIES,28,2,249,20,57,1,1,17,30,24,45,9,10,3,17,38,58
newmajo01,Johnny Newman,SMALL FORWARD,34,DENVER NUGGETS,74,15,2176,344,799,36,105,365,445,50,91,138,77,24,147,208,1089
nordgje01,Jeff Nordgaard,POWER FORWARD,24,MILWAUKEE BUCKS,13,0,48,5,18,0,0,8,9,4,10,3,2,0,3,7,18
obannch01,Charles O'Bannon,SHOOTING GUARD,22,DETROIT PISTONS,30,0,234,26,69,0,3,12,15,14,19,17,9,1,9,15,64
onealje01,Jermaine O'Neal,POWER FORWARD,19,PORTLAND TRAIL BLAZERS,60,9,808,112,231,0,2,45,89,80,121,17,15,58,55,101,269
onealsh01,Shaquille O'Neal,CENTER,25,LOS ANGELES LAKERS,60,57,2175,670,1147,0,0,359,681,208,473,142,39,144,175,193,1699
oaklech01,Charles Oakley,POWER FORWARD,34,NEW YORK KNICKS,79,79,2734,307,698,0,6,97,114,218,506,201,123,22,126,280,711
olajuha01,Hakeem Olajuwon,CENTER,35,HOUSTON ROCKETS,47,45,1633,306,633,0,3,160,212,116,344,143,84,96,126,152,772
olivebr01,Brian Oliver,SHOOTING GUARD,29,ATLANTA HAWKS,5,0,61,7,19,0,0,1,4,3,6,2,1,0,1,4,15
oliveji01,Jimmy Oliver,SHOOTING GUARD,28,WASHINGTON WIZARDS,1,0,10,2,4,1,2,0,0,0,2,1,0,0,0,1,5
ollieke01,Kevin Ollie,POINT GUARD,25,DALLAS MAVERICKS,16,0,214,14,42,0,0,18,25,6,15,32,6,0,16,16,46
ollieke01,Kevin Ollie,POINT GUARD,25,ORLANDO MAGIC,19,0,216,23,56,0,1,31,45,3,15,33,7,0,28,15,77
ostergr01,Greg Ostertag,CENTER,24,UTAH JAZZ,63,23,1288,115,239,0,0,67,140,134,240,25,28,132,74,166,297
outlabo01,Bo Outlaw,POWER FORWARD,26,ORLANDO MAGIC,82,76,2953,301,543,1,4,180,313,255,382,216,107,181,175,260,783
overtdo01,Doug Overton,POINT GUARD,28,PHILADELPHIA 76ERS,23,2,277,24,63,0,3,14,16,2,12,37,8,1,23,34,62
owensbi01,Billy Owens,SMALL FORWARD,28,SACRAMENTO KINGS,78,78,2348,338,728,26,70,116,197,170,412,219,93,38,153,231,818
packro01,Robert Pack,POINT GUARD,28,DALLAS MAVERICKS,12,10,292,33,98,3,6,25,36,8,26,42,20,1,38,17,94
parkean01,Anthony Parker,SHOOTING GUARD,22,PHILADELPHIA 76ERS,37,0,196,25,63,9,28,13,20,8,18,19,11,3,11,17,72
parksch02,Cherokee Parks,CENTER,25,MINNESOTA TIMBERWOLVES,79,43,1703,224,449,0,1,110,169,140,297,53,36,86,66,237,558
paytoga01,Gary Payton,POINT GUARD,29,SEATTLE SUPERSONICS,82,82,3145,579,1278,134,397,279,375,77,299,679,185,18,229,195,1571
peelean01,Anthony Peeler,SHOOTING GUARD,28,VANCOUVER GRIZZLIES,8,8,202,35,72,5,19,4,6,6,14,23,9,0,6,16,79
peelean01,Anthony Peeler,SHOOTING GUARD,28,MINNESOTA TIMBERWOLVES,30,24,991,155,348,48,106,32,41,31,72,114,52,6,45,81,390
perduwi01,Will Perdue,CENTER,32,SAN ANTONIO SPURS,79,30,1491,162,295,0,1,70,133,177,358,57,22,50,81,137,394
perkisa01,Sam Perkins,POWER FORWARD,36,SEATTLE SUPERSONICS,81,0,1675,196,471,87,222,101,128,53,202,113,62,29,62,158,580
perryel01,Elliot Perry,POINT GUARD,28,MILWAUKEE BUCKS,81,33,1752,241,561,17,50,92,109,21,87,230,90,2,128,129,591
persoch01,Chuck Person,POWER FORWARD,33,SAN ANTONIO SPURS,61,11,1455,143,398,95,276,28,37,17,187,86,29,10,67,121,409
persowe01,Wesley Person,SHOOTING GUARD,26,CLEVELAND CAVALIERS,82,82,3198,440,957,192,447,132,170,65,298,188,129,49,110,108,1204
phillbo01,Bobby Phills,SHOOTING GUARD,28,CHARLOTTE HORNETS,62,61,1887,246,552,44,114,106,140,59,157,187,81,18,108,181,642
piatker01,Eric Piatkowski,SHOOTING GUARD,27,LOS ANGELES CLIPPERS,67,35,1740,257,568,106,259,140,170,70,166,85,51,12,80,137,760
piercri01,Ricky Pierce,SHOOTING GUARD,38,MILWAUKEE BUCKS,39,0,442,52,143,4,13,43,52,19,26,34,9,0,21,35,151
pippesc01,Scottie Pippen,SMALL FORWARD,32,CHICAGO BULLS,44,44,1652,315,704,61,192,150,193,53,174,254,79,43,109,116,841
pollasc01,Scot Pollard,CENTER,22,DETROIT PISTONS,33,0,317,35,70,0,0,19,23,34,40,9,8,10,12,48,89
polynol01,Olden Polynice,CENTER,33,SACRAMENTO KINGS,70,25,1458,249,542,0,1,52,115,173,266,107,37,45,98,158,550
popema01,Mark Pope,SMALL FORWARD,25,INDIANA PACERS,28,0,193,14,41,1,3,10,17,9,17,7,3,6,10,36,39
portete01,Terry Porter,POINT GUARD,34,MINNESOTA TIMBERWOLVES,82,8,1786,259,577,92,233,167,195,37,131,271,63,16,104,103,777
potapvi01,Vitaly Potapenko,CENTER,22,CLEVELAND CAVALIERS,80,0,1412,234,488,0,1,102,144,110,203,57,27,28,132,198,570
pricebr01,Brent Price,POINT GUARD,29,HOUSTON ROCKETS,72,2,1332,128,310,73,187,77,98,37,70,192,52,4,111,163,406
pricema01,Mark Price,POINT GUARD,33,ORLANDO MAGIC,63,33,1430,229,531,52,155,87,103,24,105,297,53,5,162,92,597
ratlith01,Theo Ratliff,CENTER,24,DETROIT PISTONS,24,12,586,57,111,0,0,43,63,46,75,15,12,55,34,83,157
ratlith01,Theo Ratliff,CENTER,24,PHILADELPHIA 76ERS,58,55,1861,249,486,0,0,154,218,175,251,42,38,203,82,209,652
recasel01,Eldridge Recasner,SHOOTING GUARD,30,ATLANTA HAWKS,59,14,1454,206,452,62,148,74,79,32,110,117,41,1,91,94,548
reevebr01,Bryant Reeves,CENTER,24,VANCOUVER GRIZZLIES,74,74,2527,492,941,0,4,223,316,196,389,155,39,80,156,278,1207
reevekh01,Khalid Reeves,POINT GUARD,25,DALLAS MAVERICKS,82,54,1950,248,593,56,152,165,213,54,131,230,80,10,130,195,717
reiddo01,Don Reid,POWER FORWARD,24,DETROIT PISTONS,68,44,994,94,176,0,0,50,71,77,98,26,25,55,28,183,238
reidjr01,J.R. Reid,POWER FORWARD,29,CHARLOTTE HORNETS,79,1,1109,146,318,3,8,89,122,72,138,51,35,19,65,172,384
respesh01,Shawn Respert,SHOOTING GUARD,25,TORONTO RAPTORS,47,4,696,94,209,25,67,44,54,30,43,44,29,1,33,58,257
respesh01,Shawn Respert,SHOOTING GUARD,25,DALLAS MAVERICKS,10,0,215,36,84,6,26,4,7,7,20,17,5,0,15,17,82
rhodero01,Rodrick Rhodes,SMALL FORWARD,24,HOUSTON ROCKETS,58,13,1070,112,305,2,8,111,180,28,42,110,62,10,97,125,337
ricegl01,Glen Rice,SMALL FORWARD,30,CHARLOTTE HORNETS,82,82,3295,634,1386,130,300,428,504,89,264,182,77,22,182,200,1826
richapo01,Pooh Richardson,POINT GUARD,31,LOS ANGELES CLIPPERS,69,17,1252,124,333,11,57,30,43,17,79,226,44,3,54,71,289
richmmi01,Mitch Richmond,SHOOTING GUARD,32,SACRAMENTO KINGS,70,70,2569,543,1220,130,334,407,471,50,179,279,88,15,181,154,1623
rideris01,Isaiah Rider,SHOOTING GUARD,26,PORTLAND TRAIL BLAZERS,74,66,2786,551,1302,135,420,221,267,99,247,231,55,19,187,188,1458
rileyer01,Eric Riley,CENTER,27,DALLAS MAVERICKS,39,14,544,56,135,0,1,27,36,43,90,22,15,46,37,80,139
roberst01,Stanley Roberts,CENTER,27,MINNESOTA TIMBERWOLVES,74,44,1328,191,386,0,0,75,156,109,254,27,24,72,70,226,457
robinch01,Chris Robinson,SHOOTING GUARD,23,VANCOUVER GRIZZLIES,16,0,143,23,63,7,24,1,2,0,13,10,7,1,15,21,54
robinch01,Chris Robinson,SHOOTING GUARD,23,SACRAMENTO KINGS,19,0,271,42,111,17,42,7,14,9,24,29,12,3,18,29,108
robincl02,Clifford Robinson,SMALL FORWARD,31,PHOENIX SUNS,80,64,2359,429,895,27,84,248,360,152,258,170,92,90,140,249,1133
robinda01,David Robinson,CENTER,32,SAN ANTONIO SPURS,73,73,2457,544,1065,1,4,485,660,239,536,199,64,192,202,204,1574
robingl01,Glenn Robinson,SMALL FORWARD,25,MILWAUKEE BUCKS,56,56,2294,534,1136,25,65,215,266,82,225,158,69,34,200,164,1308
robinja02,James Robinson,POINT GUARD,27,LOS ANGELES CLIPPERS,70,13,1231,195,501,74,225,77,107,37,74,135,37,10,97,101,541
robinla01,Larry Robinson,SMALL FORWARD,30,VANCOUVER GRIZZLIES,6,0,41,6,19,3,6,2,2,2,10,1,4,0,2,0,17
rodmade01,Dennis Rodman,POWER FORWARD,36,CHICAGO BULLS,80,66,2856,155,360,4,23,61,111,421,780,230,47,18,147,238,375
rogerca01,Carlos Rogers,POWER FORWARD,26,TORONTO RAPTORS,18,0,351,45,87,0,1,18,32,34,31,16,9,8,13,34,108
rogerca01,Carlos Rogers,POWER FORWARD,26,PORTLAND TRAIL BLAZERS,3,0,25,2,4,0,1,0,0,1,1,2,1,0,1,1,4
rogerro01,Rodney Rogers,SMALL FORWARD,26,LOS ANGELES CLIPPERS,76,70,2499,426,935,72,212,225,328,155,269,202,93,38,193,242,1149
rogerro02,Roy Rogers,POWER FORWARD,24,BOSTON CELTICS,9,0,37,3,8,0,0,1,2,0,5,1,2,4,1,6,7
rogerro02,Roy Rogers,POWER FORWARD,24,TORONTO RAPTORS,6,0,69,6,17,0,0,1,4,8,4,1,1,4,4,12,13
rooksse01,Sean Rooks,CENTER,28,LOS ANGELES LAKERS,41,1,425,46,101,0,0,47,79,46,72,24,2,23,19,68,139
roseja01,Jalen Rose,SMALL FORWARD,25,INDIANA PACERS,82,0,1706,290,607,25,73,166,228,28,167,155,56,14,132,171,771
rosema01,Malik Rose,POWER FORWARD,23,SAN ANTONIO SPURS,53,0,429,59,136,1,3,39,61,40,50,19,21,7,44,79,158
royaldo01,Donald Royal,SMALL FORWARD,31,ORLANDO MAGIC,2,0,18,1,6,0,0,3,4,2,2,1,1,0,3,5,5
royaldo01,Donald Royal,SMALL FORWARD,31,CHARLOTTE HORNETS,29,5,305,24,63,0,0,26,29,16,21,16,6,1,7,30,74
roziecl01,Clifford Rozier,CENTER,25,MINNESOTA TIMBERWOLVES,6,0,30,3,6,0,0,0,1,3,3,0,0,0,4,7,6
russebr01,Bryon Russell,SMALL FORWARD,27,UTAH JAZZ,82,7,2219,226,525,73,214,213,278,78,248,101,90,31,81,229,738
sabonar01,Arvydas Sabonis,CENTER,33,PORTLAND TRAIL BLAZERS,73,73,2333,407,826,30,115,323,405,149,580,218,65,80,190,267,1167
salvake01,Kevin Salvadori,CENTER,27,SACRAMENTO KINGS,16,0,87,1,13,0,0,3,6,5,15,3,0,11,5,12,5
schayda01,Danny Schayes,CENTER,38,ORLANDO MAGIC,74,33,1272,155,371,0,0,96,119,97,145,44,34,33,61,182,406
schrede01,Detlef Schrempf,SMALL FORWARD,35,SEATTLE SUPERSONICS,78,78,2742,437,898,61,147,297,352,135,419,341,60,19,168,205,1232
scottde01,Dennis Scott,SMALL FORWARD,29,DALLAS MAVERICKS,52,42,1797,258,666,94,273,97,118,39,158,129,43,32,92,121,707
scottde01,Dennis Scott,SMALL FORWARD,29,PHOENIX SUNS,29,3,493,71,162,31,69,8,12,8,42,24,10,7,12,31,181
scottsh01,Shawnelle Scott,CENTER,25,CLEVELAND CAVALIERS,41,0,188,16,36,0,0,12,18,20,39,8,6,8,10,45,44
sealssh01,Shea Seals,SHOOTING GUARD,22,LOS ANGELES LAKERS,4,0,9,1,8,0,3,2,4,3,1,0,1,0,0,1,4
sealyma01,Malik Sealy,SMALL FORWARD,27,DETROIT PISTONS,77,10,1641,216,505,9,41,150,182,48,171,100,65,20,79,156,591
seikaro01,Rony Seikaly,CENTER,32,ORLANDO MAGIC,47,47,1484,237,538,0,2,230,305,130,227,69,25,39,134,137,704
seikaro01,Rony Seikaly,CENTER,32,NEW JERSEY NETS,9,2,152,13,41,0,0,16,27,16,20,8,3,4,12,27,42
shammgo01,God Shammgod,POINT GUARD,21,WASHINGTON WIZARDS,20,0,146,19,58,0,2,23,30,2,5,36,7,1,21,27,61
shawbr01,Brian Shaw,POINT GUARD,31,GOLDEN STATE WARRIORS,39,32,1028,103,307,21,67,24,33,20,131,173,35,14,75,93,251
shawbr01,Brian Shaw,POINT GUARD,31,PHILADELPHIA 76ERS,20,2,502,51,139,7,28,12,19,17,47,88,14,3,24,55,121
simpkdi01,Dickey Simpkins,POWER FORWARD,25,GOLDEN STATE WARRIORS,19,0,196,22,48,0,1,10,26,19,27,16,5,2,19,19,54
simpkdi01,Dickey Simpkins,POWER FORWARD,25,CHICAGO BULLS,21,0,237,26,41,0,1,26,44,8,23,17,4,3,13,35,78
slatere01,Reggie Slater,POWER FORWARD,27,TORONTO RAPTORS,78,28,1662,211,459,0,0,203,322,134,171,74,45,30,102,201,625
smithch04,Charles Smith,SHOOTING GUARD,22,MIAMI HEAT,11,0,32,4,18,1,3,1,2,5,3,2,2,1,6,3,10
smithch04,Charles Smith,SHOOTING GUARD,22,LOS ANGELES CLIPPERS,23,0,260,45,107,14,44,5,9,8,11,19,10,5,21,21,109
smithjo02,Joe Smith,POWER FORWARD,22,GOLDEN STATE WARRIORS,49,49,1645,343,800,0,7,160,208,141,197,67,44,38,106,169,846
smithjo02,Joe Smith,POWER FORWARD,22,PHILADELPHIA 76ERS,30,6,699,121,270,0,1,67,85,58,75,27,18,13,52,94,309
smithmi02,Michael Smith,POWER FORWARD,25,SACRAMENTO KINGS,18,4,347,26,61,0,0,17,30,35,65,29,15,9,15,35,69
smithmi02,Michael Smith,POWER FORWARD,25,VANCOUVER GRIZZLIES,30,29,706,67,133,0,1,48,73,85,121,59,26,6,36,60,182
smithst01,Steve Smith,SHOOTING GUARD,28,ATLANTA HAWKS,73,73,2857,489,1101,97,276,389,455,133,176,292,75,29,176,219,1464
smithto02,Tony Smith,POINT GUARD,29,MILWAUKEE BUCKS,7,0,80,8,24,0,4,3,4,4,3,10,5,2,9,7,19
smitsri01,Rik Smits,CENTER,31,INDIANA PACERS,73,69,2085,514,1038,0,3,188,240,127,378,101,40,88,134,243,1216
snower01,Eric Snow,POINT GUARD,24,SEATTLE SUPERSONICS,17,0,74,10,23,0,1,5,10,0,4,13,0,1,12,15,25
snower01,Eric Snow,POINT GUARD,24,PHILADELPHIA 76ERS,47,0,844,69,161,2,16,44,61,19,58,164,60,4,51,99,184
spencfe01,Felton Spencer,CENTER,30,GOLDEN STATE WARRIORS,68,0,813,59,129,0,0,44,79,93,133,17,23,37,49,175,162
sprewla01,Latrell Sprewell,SHOOTING GUARD,27,GOLDEN STATE WARRIORS,14,13,547,110,277,9,48,70,94,7,44,68,19,5,44,26,299
stackje01,Jerry Stackhouse,SMALL FORWARD,23,PHILADELPHIA 76ERS,22,22,748,128,283,16,46,81,101,28,48,67,31,21,74,56,353
stackje01,Jerry Stackhouse,SHOOTING GUARD,23,DETROIT PISTONS,57,15,1797,296,692,31,149,273,349,77,113,174,58,38,150,119,896
starkjo01,John Starks,SHOOTING GUARD,32,NEW YORK KNICKS,82,10,2188,372,947,130,398,185,235,48,182,219,78,5,143,205,1059
stephjo01,Joe Stephens,SMALL FORWARD,25,HOUSTON ROCKETS,7,0,37,10,28,3,10,4,6,3,3,1,2,0,2,2,27
stewake01,Kebu Stewart,POWER FORWARD,24,PHILADELPHIA 76ERS,15,0,110,12,26,0,0,16,25,9,22,2,5,2,8,13,40
stewami01,Michael Stewart,CENTER,22,SACRAMENTO KINGS,81,37,1761,155,323,0,0,65,142,197,339,61,29,195,85,251,375
stithbr01,Bryant Stith,SHOOTING GUARD,27,DENVER NUGGETS,31,15,718,75,225,10,48,75,86,15,50,50,21,8,35,52,235
stockjo01,John Stockton,POINT GUARD,35,UTAH JAZZ,64,64,1858,270,511,39,91,191,231,35,131,543,89,10,161,138,770
stokeed01,Ed Stokes,CENTER,26,TORONTO RAPTORS,4,0,17,1,3,0,0,1,2,1,3,1,1,2,2,4,3
stoudda01,Damon Stoudamire,POINT GUARD,24,TORONTO RAPTORS,49,49,2033,354,833,65,205,179,212,63,154,399,80,5,159,112,952
stoudda01,Damon Stoudamire,POINT GUARD,24,PORTLAND TRAIL BLAZERS,22,22,806,94,258,26,99,59,75,24,57,181,33,2,64,38,273
stricer01,Erick Strickland,SHOOTING GUARD,24,DALLAS MAVERICKS,67,19,1505,199,558,48,163,65,84,35,126,167,56,8,106,140,511
stricma01,Mark Strickland,POWER FORWARD,27,MIAMI HEAT,51,8,847,145,269,0,1,59,82,80,133,26,18,34,47,87,349
stricro02,Rod Strickland,POINT GUARD,31,WASHINGTON WIZARDS,76,76,3020,490,1130,12,48,357,492,112,293,801,126,25,266,182,1349
stronde01,Derek Strong,POWER FORWARD,29,ORLANDO MAGIC,58,8,1638,259,617,0,4,218,279,152,275,51,31,24,74,122,736
surabo01,Bob Sura,SHOOTING GUARD,24,CLEVELAND CAVALIERS,46,4,942,87,231,19,60,74,131,25,69,171,44,7,93,113,267
tabakza01,Žan Tabak,CENTER,27,TORONTO RAPTORS,39,29,752,116,249,0,1,16,48,59,95,36,15,27,44,117,248
tabakza01,Žan Tabak,CENTER,27,BOSTON CELTICS,18,5,232,26,55,0,0,7,13,25,33,12,5,11,17,46,59
taylojo01,Johnny Taylor,SMALL FORWARD,23,ORLANDO MAGIC,12,0,108,13,37,1,2,11,16,4,9,1,3,2,8,22,38
tayloma01,Maurice Taylor,POWER FORWARD,21,LOS ANGELES CLIPPERS,71,3,1513,321,675,0,1,173,244,118,178,53,34,40,107,222,815
thomaca01,Carl Thomas,SHOOTING GUARD,28,GOLDEN STATE WARRIORS,10,0,139,25,65,5,21,7,10,4,6,9,5,1,6,12,62
thomaca01,Carl Thomas,SHOOTING GUARD,28,ORLANDO MAGIC,4,0,15,4,5,0,0,1,2,0,0,1,0,1,0,0,9
thomaca01,Carl Thomas,SHOOTING GUARD,28,CLEVELAND CAVALIERS,29,0,272,27,70,15,38,8,13,6,31,9,16,5,12,27,77
thomajo02,John Thomas,POWER FORWARD,22,BOSTON CELTICS,33,2,368,41,80,0,0,26,33,32,38,13,19,9,33,65,108
thomajo02,John Thomas,POWER FORWARD,22,TORONTO RAPTORS,21,0,167,14,33,0,0,15,21,16,20,4,3,3,13,32,43
thomaku01,Kurt Thomas,POWER FORWARD,25,DALLAS MAVERICKS,5,0,73,17,45,0,0,3,3,8,16,3,1,0,10,19,37
thomati01,Tim Thomas,SMALL FORWARD,20,PHILADELPHIA 76ERS,77,48,1779,306,684,62,171,171,231,107,181,90,54,17,118,185,845
thompbr01,Brooks Thompson,POINT GUARD,27,PHOENIX SUNS,13,0,46,10,27,5,16,1,3,1,4,3,4,0,5,6,26
thompbr01,Brooks Thompson,POINT GUARD,27,NEW YORK KNICKS,17,0,121,13,29,4,14,3,5,0,10,24,6,1,11,16,33
thorpot01,Otis Thorpe,POWER FORWARD,35,VANCOUVER GRIZZLIES,47,46,1574,205,430,0,4,118,170,100,271,161,30,23,115,158,528
thorpot01,Otis Thorpe,POWER FORWARD,35,SACRAMENTO KINGS,27,20,623,89,194,0,1,46,70,51,115,61,18,7,37,80,224
trentga01,Gary Trent,POWER FORWARD,23,PORTLAND TRAIL BLAZERS,41,13,1005,177,359,4,9,113,163,80,154,58,27,19,72,115,471
trentga01,Gary Trent,POWER FORWARD,23,TORONTO RAPTORS,13,7,355,64,146,0,3,31,49,43,61,14,8,8,22,46,159
vanexni01,Nick Van Exel,POINT GUARD,26,LOS ANGELES LAKERS,64,46,2053,311,743,123,316,136,172,31,163,442,64,6,104,120,881
vanhoke01,Keith Van Horn,POWER FORWARD,22,NEW JERSEY NETS,62,62,2325,446,1047,69,224,258,305,142,266,106,64,25,164,216,1219
vaughda02,David Vaughn,POWER FORWARD,24,GOLDEN STATE WARRIORS,22,0,322,46,114,0,1,22,34,34,68,18,10,6,31,48,114
vaughda02,David Vaughn,POWER FORWARD,24,CHICAGO BULLS,3,0,6,1,1,0,0,2,4,0,1,0,0,0,0,1,4
vaughda02,David Vaughn,POWER FORWARD,24,NEW JERSEY NETS,15,2,161,19,33,0,0,6,9,19,30,2,5,4,9,34,44
vaughja01,Jacque Vaughn,POINT GUARD,22,UTAH JAZZ,45,0,419,44,122,3,8,48,68,4,34,84,9,1,56,63,139
vaughlo01,Loy Vaught,POWER FORWARD,29,LOS ANGELES CLIPPERS,10,6,265,36,84,0,2,3,8,16,49,7,4,2,13,33,75
vrankst01,Stojko Vranković,CENTER,34,LOS ANGELES CLIPPERS,65,38,996,79,186,0,0,37,65,71,192,36,11,66,46,130,195
walkean02,Antoine Walker,POWER FORWARD,21,BOSTON CELTICS,82,82,3268,722,1705,91,292,305,473,270,566,273,142,60,292,262,1840
walkesa01,Samaki Walker,POWER FORWARD,21,DALLAS MAVERICKS,41,19,1027,156,321,0,1,53,97,96,206,24,30,40,61,127,365
wallabe01,Ben Wallace,CENTER,23,WASHINGTON WIZARDS,67,16,1124,85,164,0,0,35,98,112,212,18,61,72,28,116,205
wallajo01,John Wallace,SMALL FORWARD,23,TORONTO RAPTORS,82,36,2361,468,979,1,2,210,293,117,256,110,62,101,172,239,1147
wallara01,Rasheed Wallace,POWER FORWARD,23,PORTLAND TRAIL BLAZERS,77,77,2896,466,875,8,39,184,278,132,346,195,75,88,167,268,1124
waltere01,Rex Walters,SHOOTING GUARD,27,PHILADELPHIA 76ERS,19,0,127,11,29,3,14,17,17,3,6,21,5,0,17,17,42
waltere01,Rex Walters,SHOOTING GUARD,27,MIAMI HEAT,19,0,108,13,24,3,8,9,11,2,13,14,3,1,10,11,38
wardch01,Charlie Ward,POINT GUARD,27,NEW YORK KNICKS,82,82,2317,235,516,81,215,91,113,32,242,466,144,37,175,195,642
washier01,Eric Washington,SHOOTING GUARD,23,DENVER NUGGETS,66,36,1539,201,498,44,137,65,83,47,80,78,53,25,72,143,511
weathcl01,Clarence Weatherspoon,POWER FORWARD,27,PHILADELPHIA 76ERS,48,18,1290,141,331,0,0,123,174,109,227,40,43,52,69,108,405
weathcl01,Clarence Weatherspoon,POWER FORWARD,27,GOLDEN STATE WARRIORS,31,31,1035,127,277,0,0,77,103,89,169,49,42,22,50,86,331
webbsp01,Spud Webb,POINT GUARD,34,ORLANDO MAGIC,4,0,34,5,12,0,1,2,2,2,1,5,1,0,7,6,12
webbech01,Chris Webber,CENTER,24,WASHINGTON WIZARDS,71,71,2809,647,1341,65,205,196,333,176,498,273,111,124,185,269,1555
wellsbu01,Bubba Wells,SHOOTING GUARD,23,DALLAS MAVERICKS,39,2,395,48,116,1,6,31,43,22,46,34,15,4,31,40,128
wennibi01,Bill Wennington,CENTER,34,CHICAGO BULLS,48,8,467,75,172,0,0,17,21,32,48,19,4,5,16,77,167
wesleda01,David Wesley,POINT GUARD,27,CHARLOTTE HORNETS,81,81,2845,383,864,59,170,229,288,49,164,529,140,30,226,229,1054
westdo01,Doug West,SHOOTING GUARD,30,MINNESOTA TIMBERWOLVES,38,10,688,64,171,0,2,29,40,23,59,45,11,5,21,97,157
westma01,Mark West,CENTER,37,INDIANA PACERS,15,1,105,10,21,0,0,3,6,6,9,2,2,4,8,15,23
wheatde01,DeJuan Wheat,POINT GUARD,24,MINNESOTA TIMBERWOLVES,34,0,150,20,50,8,17,9,15,3,8,25,6,1,9,12,57
whitedo01,Donald Whiteside,POINT GUARD,28,ATLANTA HAWKS,3,0,16,1,2,0,1,0,2,0,1,1,0,0,1,0,2
whitnch01,Chris Whitney,POINT GUARD,26,WASHINGTON WIZARDS,82,6,1073,126,355,52,169,118,129,16,99,196,34,6,65,106,422
wilkige01,Gerald Wilkins,SHOOTING GUARD,34,ORLANDO MAGIC,72,16,1252,141,434,29,109,69,98,16,74,78,34,6,79,78,380
williaa01,Aaron Williams,POWER FORWARD,26,SEATTLE SUPERSONICS,65,9,757,115,220,0,1,66,85,48,99,14,19,38,50,119,296
willial02,Alvin Williams,SHOOTING GUARD,23,PORTLAND TRAIL BLAZERS,41,10,864,109,238,7,24,58,79,19,41,83,30,2,50,60,283
willial02,Alvin Williams,SHOOTING GUARD,23,TORONTO RAPTORS,13,3,207,16,44,2,4,7,11,5,16,20,8,1,8,19,41
willibr01,Brandon Williams,SHOOTING GUARD,22,GOLDEN STATE WARRIORS,9,2,140,16,50,3,9,2,4,4,11,3,6,3,9,18,37
willibu01,Buck Williams,POWER FORWARD,37,NEW YORK KNICKS,41,6,738,75,149,0,0,52,71,78,105,21,17,15,38,93,202
willier01,Eric Williams,SMALL FORWARD,25,DENVER NUGGETS,4,4,145,24,61,0,0,31,45,10,11,12,4,0,9,9,79
willihe01,Herb Williams,POWER FORWARD,39,NEW YORK KNICKS,27,0,178,18,43,0,0,1,8,6,23,4,6,9,5,34,37
williho01,Hot Rod Williams,CENTER,35,PHOENIX SUNS,71,30,1333,95,202,0,0,65,93,107,205,49,33,60,29,138,255
willija01,Jayson Williams,CENTER,29,NEW JERSEY NETS,65,65,2343,321,645,0,4,195,293,443,440,67,45,49,95,236,837
willije01,Jerome Williams,POWER FORWARD,24,DETROIT PISTONS,77,3,1305,151,288,0,1,108,166,170,209,48,51,10,60,144,410
willilo01,Lorenzo Williams,POWER FORWARD,28,WASHINGTON WIZARDS,14,6,111,13,17,0,0,0,2,16,10,3,2,3,2,17,26
willimi02,Micheal Williams,POINT GUARD,31,MINNESOTA TIMBERWOLVES,25,0,161,16,48,0,4,32,33,2,12,32,9,2,16,24,64
willimo01,Monty Williams,SMALL FORWARD,26,SAN ANTONIO SPURS,72,16,1314,165,368,1,2,122,182,67,112,89,34,24,82,133,453
willisc01,Scott Williams,CENTER,29,PHILADELPHIA 76ERS,58,7,801,93,213,0,5,51,63,87,124,29,17,21,30,132,237
willitr01,Travis Williams,SMALL FORWARD,28,CHARLOTTE HORNETS,39,0,365,56,119,0,1,24,46,53,39,20,18,5,30,55,136
williwa02,Walt Williams,SMALL FORWARD,27,TORONTO RAPTORS,28,16,876,125,319,49,129,49,60,27,91,69,40,23,52,100,348
williwa02,Walt Williams,SMALL FORWARD,27,PORTLAND TRAIL BLAZERS,31,1,594,85,225,31,90,59,65,23,59,53,19,12,40,61,260
willico02,Corliss Williamson,SMALL FORWARD,24,SACRAMENTO KINGS,79,75,2819,561,1134,0,9,279,443,162,284,230,76,48,199,252,1401
willike02,Kevin Willis,POWER FORWARD,35,HOUSTON ROCKETS,81,74,2528,531,1041,1,7,242,305,232,447,78,55,38,170,235,1305
wingada01,David Wingate,SHOOTING GUARD,34,SEATTLE SUPERSONICS,58,2,546,66,140,3,7,15,29,19,60,37,21,3,37,58,150
wingfdo01,Dontonio Wingfield,SMALL FORWARD,23,PORTLAND TRAIL BLAZERS,3,0,9,0,3,0,0,1,2,2,2,0,0,0,1,2,1
wolfjo01,Joe Wolf,POWER FORWARD,33,DENVER NUGGETS,57,8,621,40,121,2,10,5,10,36,90,30,20,7,22,92,87
wrighlo02,Lorenzen Wright,CENTER,22,LOS ANGELES CLIPPERS,69,38,2067,241,542,0,2,141,214,180,426,55,55,87,81,237,623
wrighsh01,Sharone Wright,CENTER,25,TORONTO RAPTORS,7,0,44,7,14,0,0,2,4,1,8,4,0,0,2,7,16
zidekge01,George Zídek,CENTER,24,DENVER NUGGETS,6,0,42,4,15,0,0,10,12,4,9,1,0,2,3,5,18
zidekge01,George Zídek,CENTER,24,SEATTLE SUPERSONICS,6,0,22,3,14,1,2,4,4,0,4,1,0,0,1,5,11
