slug,name,positions,age,team,games_played,games_started,minutes_played,made_field_goals,attempted_field_goals,made_three_point_field_goals,attempted_three_point_field_goals,made_free_throws,attempted_free_throws,offensive_rebounds,defensive_rebounds,assists,steals,blocks,turnovers,personal_fouls,points
abdulta01,Tariq Abdul-Wahad,SHOOTING GUARD,25,ORLANDO MAGIC,46,46,1205,223,515,2,21,115,151,77,162,72,53,16,87,116,563
abdulta01,Tariq Abdul-Wahad,SHOOTING GUARD,25,DENVER NUGGETS,15,10,373,51,131,1,2,31,42,24,28,26,6,12,19,31,134
abdursh01,Shareef Abdur-Rahim,SMALL FORWARD,23,VANCOUVER GRIZZLIES,82,82,3223,594,1277,29,96,446,551,218,607,271,89,87,249,244,1663
alexaco01,Cory Alexander,POINT GUARD,26,DENVER NUGGETS,29,2,329,28,98,9,35,17,22,8,34,58,24,2,28,39,82
allenra02,Ray Allen,SHOOTING GUARD,24,MILWAUKEE BUCKS,82,82,3070,642,1411,172,407,353,398,83,276,308,110,19,183,187,1809
alstora01,Rafer Alston,POINT GUARD,23,MILWAUKEE BUCKS,27,0,361,27,95,3,14,3,4,5,18,70,12,0,29,29,60
amaecjo01,John Amaechi,CENTER,29,ORLANDO MAGIC,80,53,1684,306,700,1,6,223,291,62,204,95,35,37,139,161,836
anderde01,Derek Anderson,SHOOTING GUARD,25,LOS ANGELES CLIPPERS,64,58,2201,377,860,55,178,271,309,80,178,220,90,11,167,149,1080
anderke01,Kenny Anderson,POINT GUARD,29,BOSTON CELTICS,82,82,2593,434,986,85,220,196,253,55,170,420,139,8,130,230,1149
anderni01,Nick Anderson,SHOOTING GUARD,32,SACRAMENTO KINGS,72,72,2094,306,782,132,397,37,76,83,256,123,94,16,95,118,781
andersh01,Shandon Anderson,SMALL FORWARD,26,HOUSTON ROCKETS,82,82,2700,368,778,79,225,194,253,91,293,239,96,32,194,182,1009
anstech01,Chris Anstey,CENTER,25,CHICAGO BULLS,73,11,1007,161,364,1,6,116,147,90,190,65,29,25,80,180,439
anthogr01,Greg Anthony,POINT GUARD,32,PORTLAND TRAIL BLAZERS,82,3,1548,169,416,88,233,88,114,17,116,208,59,9,85,143,514
armstbj01,B.J. Armstrong,POINT GUARD,32,CHICAGO BULLS,27,18,583,83,186,13,29,22,25,2,45,78,7,1,40,34,201
armstda01,Darrell Armstrong,POINT GUARD,31,ORLANDO MAGIC,82,82,2590,484,1119,137,403,225,247,65,205,501,169,9,248,137,1330
atkinch01,Chucky Atkins,POINT GUARD,25,ORLANDO MAGIC,82,0,1626,314,741,57,163,97,133,20,106,306,52,3,142,137,782
augmost01,Stacey Augmon,SHOOTING GUARD,31,PORTLAND TRAIL BLAZERS,59,0,692,83,175,0,2,37,55,42,74,53,27,11,38,69,203
austiis01,Isaac Austin,CENTER,30,WASHINGTON WIZARDS,59,23,1173,151,352,1,4,94,137,64,218,74,17,38,107,128,397
aventan01,Anthony Avent,POWER FORWARD,30,LOS ANGELES CLIPPERS,49,3,377,29,96,0,0,23,32,23,51,11,16,15,24,62,81
averywi01,William Avery,POINT GUARD,20,MINNESOTA TIMBERWOLVES,59,1,484,56,181,18,63,24,36,8,32,88,14,2,42,60,154
baileto01,Toby Bailey,SHOOTING GUARD,24,PHOENIX SUNS,46,2,449,58,140,2,10,45,65,26,46,30,13,4,24,55,163
bakervi01,Vin Baker,CENTER,28,SEATTLE SUPERSONICS,79,75,2849,514,1129,2,8,281,412,227,378,148,47,66,213,288,1311
barklch01,Charles Barkley,POWER FORWARD,36,HOUSTON ROCKETS,20,18,620,106,222,6,26,71,110,71,138,63,14,4,44,48,289
barroda01,Dana Barros,POINT GUARD,32,BOSTON CELTICS,72,0,1139,196,435,59,144,66,76,13,86,133,31,4,66,80,517
barrybr01,Brent Barry,SHOOTING GUARD,28,SEATTLE SUPERSONICS,80,74,2726,327,707,164,399,127,157,50,322,291,103,31,142,228,945
barrydr01,Drew Barry,POINT GUARD,26,GOLDEN STATE WARRIORS,8,0,85,9,18,3,9,1,2,0,8,17,2,0,6,14,22
barrydr01,Drew Barry,POINT GUARD,26,ATLANTA HAWKS,8,0,74,6,15,4,9,3,3,0,4,16,0,0,7,9,19
barryjo01,Jon Barry,SHOOTING GUARD,30,SACRAMENTO KINGS,62,1,1281,161,346,66,154,107,116,38,121,150,75,7,85,104,495
battito01,Tony Battie,CENTER,23,BOSTON CELTICS,82,4,1505,219,459,1,8,102,151,152,258,63,47,70,67,249,541
bendejo01,Jonathan Bender,SMALL FORWARD,19,INDIANA PACERS,24,1,130,23,70,2,12,16,24,4,17,3,1,5,7,18,64
benjabe01,Benoit Benjamin,CENTER,35,CLEVELAND CAVALIERS,3,0,8,1,3,0,0,0,0,0,1,0,0,1,0,1,2
benjaco01,Corey Benjamin,SHOOTING GUARD,21,CHICAGO BULLS,48,10,862,145,350,31,89,49,82,21,67,54,31,22,74,122,370
bennema01,Mario Bennett,POWER FORWARD,26,LOS ANGELES CLIPPERS,1,0,3,0,3,0,0,0,0,1,1,0,0,0,0,1,0
besttr01,Travis Best,POINT GUARD,27,INDIANA PACERS,82,0,1691,271,561,35,93,156,190,16,126,272,76,5,107,204,733
bibbymi01,Mike Bibby,POINT GUARD,21,VANCOUVER GRIZZLIES,82,82,3155,459,1031,77,212,195,250,73,233,665,132,15,247,171,1190
billuch01,Chauncey Billups,SHOOTING GUARD,23,DENVER NUGGETS,13,5,305,34,101,7,41,37,44,8,26,39,10,2,24,27,112
blaylmo01,Mookie Blaylock,POINT GUARD,32,GOLDEN STATE WARRIORS,73,72,2459,327,837,101,301,67,95,55,215,489,146,22,143,122,822
blounco01,Corie Blount,POWER FORWARD,31,PHOENIX SUNS,38,1,446,44,89,0,2,19,33,52,61,10,15,7,28,78,107
boguemu01,Muggsy Bogues,POINT GUARD,35,TORONTO RAPTORS,80,5,1731,157,358,17,51,79,87,25,110,299,65,4,59,119,410
bohanet01,Etdrick Bohannon,POWER FORWARD,26,NEW YORK KNICKS,2,0,5,0,0,0,0,3,4,1,0,0,0,0,2,1,3
bohanet01,Etdrick Bohannon,POWER FORWARD,26,LOS ANGELES CLIPPERS,11,0,113,7,13,0,0,12,20,12,18,5,2,6,8,24,26
boothca01,Calvin Booth,CENTER,23,WASHINGTON WIZARDS,11,0,143,16,46,0,0,10,14,15,17,7,3,14,6,23,42
borrela01,Lazaro Borrell,SMALL FORWARD,27,SEATTLE SUPERSONICS,17,6,167,28,63,0,3,6,11,14,26,10,6,3,6,9,62
bowdlca01,Cal Bowdler,SMALL FORWARD,22,ATLANTA HAWKS,46,0,423,49,115,0,1,24,38,22,63,14,14,9,21,46,122
bowenbr01,Bruce Bowen,SMALL FORWARD,28,PHILADELPHIA 76ERS,42,0,311,26,73,1,2,6,12,14,22,16,9,5,5,37,59
bowenbr01,Bruce Bowen,SMALL FORWARD,28,MIAMI HEAT,27,2,567,46,121,26,56,19,31,13,47,18,14,10,14,81,137
bowenry01,Ryan Bowen,SMALL FORWARD,24,DENVER NUGGETS,52,0,589,46,117,1,9,38,53,75,39,20,39,13,14,95,131
bowmair01,Ira Bowman,SHOOTING GUARD,26,PHILADELPHIA 76ERS,11,0,20,2,2,0,0,1,2,0,2,1,1,0,1,0,5
boykiea01,Earl Boykins,POINT GUARD,23,ORLANDO MAGIC,1,0,8,3,4,0,0,0,0,1,0,3,0,0,0,0,6
boykiea01,Earl Boykins,POINT GUARD,23,CLEVELAND CAVALIERS,25,0,253,53,112,8,20,18,23,11,14,45,12,1,17,23,132
bradlsh01,Shawn Bradley,CENTER,27,DALLAS MAVERICKS,77,54,1901,266,555,1,5,114,149,160,337,60,71,190,74,260,647
bramlaj01,A.J. Bramlett,CENTER,23,CLEVELAND CAVALIERS,8,0,61,4,21,0,0,0,0,12,10,0,1,0,3,13,8
brandel01,Elton Brand,POWER FORWARD,20,CHICAGO BULLS,81,80,2999,630,1306,0,2,367,536,348,462,155,66,132,228,259,1627
brandte01,Terrell Brandon,POINT GUARD,29,MINNESOTA TIMBERWOLVES,71,71,2587,486,1042,53,132,187,208,44,194,629,134,30,184,158,1212
brownch01,Chucky Brown,POWER FORWARD,31,SAN ANTONIO SPURS,30,27,602,82,176,1,3,25,31,11,66,41,8,10,28,53,190
brownch01,Chucky Brown,POWER FORWARD,31,CHARLOTTE HORNETS,33,2,494,66,152,1,7,11,21,24,66,25,12,8,17,61,144
brownde01,Dee Brown,POINT GUARD,31,TORONTO RAPTORS,38,12,673,93,258,67,187,11,16,9,45,86,24,5,39,62,264
brownma01,Marcus Brown,SHOOTING GUARD,25,DETROIT PISTONS,6,0,45,4,14,0,7,2,2,3,4,3,0,0,3,8,10
brownpj01,P.J. Brown,POWER FORWARD,30,MIAMI HEAT,80,80,2302,322,671,0,1,120,159,216,384,145,65,61,100,264,764
brownra02,Randy Brown,POINT GUARD,31,CHICAGO BULLS,59,55,1625,157,435,3,6,62,84,23,121,202,61,15,105,120,379
brunsri01,Rick Brunson,POINT GUARD,27,NEW YORK KNICKS,37,0,289,29,70,2,13,11,18,3,24,49,9,1,31,35,71
bryanko01,Kobe Bryant,SHOOTING GUARD,21,LOS ANGELES LAKERS,66,62,2524,554,1183,46,144,331,403,108,308,323,106,62,182,220,1485
bryanma01,Mark Bryant,POWER FORWARD,34,CLEVELAND CAVALIERS,75,50,1712,174,346,0,0,76,94,126,226,61,31,31,87,250,424
buckngr01,Greg Buckner,SHOOTING GUARD,23,DALLAS MAVERICKS,48,1,923,111,233,10,26,43,63,56,118,55,38,20,36,148,275
buechju01,Jud Buechler,SMALL FORWARD,31,DETROIT PISTONS,58,5,657,55,156,18,83,2,7,30,61,33,25,16,13,50,130
buforro01,Rodney Buford,SHOOTING GUARD,22,MIAMI HEAT,34,0,386,62,151,7,29,16,22,10,38,21,10,8,9,44,147
bullama01,Matt Bullard,POWER FORWARD,32,HOUSTON ROCKETS,56,27,1024,139,340,79,177,25,30,13,125,63,19,13,36,85,382
burresc01,Scott Burrell,SMALL FORWARD,29,NEW JERSEY NETS,74,9,1336,165,419,82,232,39,50,65,191,72,67,44,38,173,451
caffeja01,Jason Caffey,POWER FORWARD,26,GOLDEN STATE WARRIORS,71,56,2159,323,675,0,2,206,345,189,293,119,62,20,170,269,852
cagemi01,Michael Cage,CENTER,38,NEW JERSEY NETS,20,7,242,12,24,0,0,3,3,33,48,9,8,8,4,30,27
cambyma01,Marcus Camby,CENTER,25,NEW YORK KNICKS,59,11,1548,226,471,1,2,148,221,174,287,49,43,116,72,204,601
campbel01,Elden Campbell,CENTER,31,CHARLOTTE HORNETS,78,77,2538,370,829,0,6,247,358,168,422,129,56,150,127,269,987
carran01,Antoine Carr,SMALL FORWARD,38,VANCOUVER GRIZZLIES,21,0,221,28,64,0,0,11,14,8,24,7,3,6,9,42,67
carrch01,Chris Carr,SHOOTING GUARD,25,GOLDEN STATE WARRIORS,7,0,74,11,33,1,8,16,19,5,8,3,0,1,5,12,39
carrch01,Chris Carr,SMALL FORWARD,25,CHICAGO BULLS,50,2,1092,185,463,31,93,91,106,36,124,81,30,14,112,101,492
cartean01,Anthony Carter,POINT GUARD,24,MIAMI HEAT,79,30,1859,201,509,3,23,93,124,48,151,378,93,5,173,167,498
cartevi01,Vince Carter,SMALL FORWARD,23,TORONTO RAPTORS,82,82,3126,788,1696,95,236,436,551,150,326,322,110,92,178,263,2107
cassesa01,Sam Cassell,POINT GUARD,30,MILWAUKEE BUCKS,81,81,2899,545,1170,26,90,390,445,69,232,729,102,8,267,255,1506
catoke01,Kelvin Cato,CENTER,25,HOUSTON ROCKETS,65,32,1581,216,402,0,4,135,208,102,287,26,33,124,71,175,567
causwdu01,Duane Causwell,CENTER,31,MIAMI HEAT,25,2,185,20,37,0,0,26,38,11,36,2,2,16,10,42,66
cebalce01,Cedric Ceballos,SMALL FORWARD,30,DALLAS MAVERICKS,69,25,2064,447,1002,44,134,209,248,172,290,90,56,24,125,165,1147
celesjo01,John Celestand,POINT GUARD,22,LOS ANGELES LAKERS,16,0,185,15,45,2,9,5,6,1,10,20,7,0,16,22,37
chapmre01,Rex Chapman,SHOOTING GUARD,32,PHOENIX SUNS,53,19,957,124,320,41,123,59,78,10,70,62,22,1,38,70,348
cheanca01,Calbert Cheaney,SHOOTING GUARD,28,BOSTON CELTICS,67,19,1309,120,273,18,54,9,21,23,115,80,44,14,46,158,267
chilcpe01,Pete Chilcutt,POWER FORWARD,31,UTAH JAZZ,26,0,224,22,62,1,10,2,2,15,28,10,5,4,9,31,47
chilcpe01,Pete Chilcutt,POWER FORWARD,31,CLEVELAND CAVALIERS,6,0,30,0,2,0,0,0,0,4,5,1,0,0,0,3,0
chilcpe01,Pete Chilcutt,POWER FORWARD,31,LOS ANGELES CLIPPERS,24,2,347,31,63,5,16,6,6,27,52,16,10,6,11,39,73
childch01,Chris Childs,POINT GUARD,32,NEW YORK KNICKS,71,2,1675,146,357,37,104,47,59,17,130,285,36,4,105,240,376
chrisdo01,Doug Christie,SHOOTING GUARD,29,TORONTO RAPTORS,73,73,2264,311,764,99,275,182,216,63,222,321,102,43,144,167,903
clarkke01,Keon Clark,CENTER,24,DENVER NUGGETS,81,20,1850,286,528,1,8,121,176,162,343,71,45,114,125,231,694
closske01,Keith Closs,CENTER,23,LOS ANGELES CLIPPERS,57,6,820,96,197,0,3,46,78,65,114,25,13,73,34,80,238
colemde01,Derrick Coleman,POWER FORWARD,32,CHARLOTTE HORNETS,74,64,2347,446,979,51,141,296,377,124,508,175,34,130,173,195,1239
colesbi01,Bimbo Coles,POINT GUARD,31,ATLANTA HAWKS,80,54,1924,276,607,8,39,85,104,30,142,290,58,11,103,178,645
conloma01,Marty Conlon,CENTER,32,LOS ANGELES CLIPPERS,3,0,9,1,2,0,0,0,0,1,1,0,0,0,0,1,2
corbity01,Tyrone Corbin,SMALL FORWARD,37,SACRAMENTO KINGS,54,5,941,88,247,10,44,33,39,40,125,60,36,5,29,99,219
crawfch01,Chris Crawford,POWER FORWARD,24,ATLANTA HAWKS,55,11,668,91,229,7,27,63,81,51,48,33,17,16,37,83,252
croshau01,Austin Croshere,POWER FORWARD,24,INDIANA PACERS,81,14,1885,288,653,63,174,196,231,135,381,89,44,60,121,203,835
crottjo01,John Crotty,POINT GUARD,30,DETROIT PISTONS,69,0,937,106,251,33,80,80,93,17,58,128,27,5,54,104,325
cummite01,Terry Cummings,POWER FORWARD,38,GOLDEN STATE WARRIORS,22,0,398,76,177,0,0,32,39,45,62,21,13,8,27,74,184
cummivo01,Vonteego Cummings,POINT GUARD,23,GOLDEN STATE WARRIORS,75,11,1793,265,655,49,151,127,169,57,127,247,91,13,132,174,706
curlebi01,Bill Curley,POWER FORWARD,27,HOUSTON ROCKETS,4,0,50,6,11,0,0,0,0,4,4,0,2,0,4,10,12
curlebi01,Bill Curley,SMALL FORWARD,27,GOLDEN STATE WARRIORS,24,0,259,23,57,0,1,18,25,14,28,14,11,4,17,51,64
curryde01,Dell Curry,SHOOTING GUARD,35,TORONTO RAPTORS,67,9,1095,194,454,95,242,24,32,11,89,89,32,9,40,66,507
currymi01,Michael Curry,SHOOTING GUARD,31,DETROIT PISTONS,82,3,1611,182,379,1,5,141,168,21,83,87,33,5,73,209,506
dampier01,Erick Dampier,CENTER,24,GOLDEN STATE WARRIORS,21,12,495,70,173,0,0,27,51,48,86,19,8,15,29,75,167
daniean01,Antonio Daniels,SHOOTING GUARD,24,SAN ANTONIO SPURS,68,1,1195,163,344,22,66,72,101,16,70,177,55,5,58,73,420
davidko01,Kornél Dávid,SMALL FORWARD,28,CHICAGO BULLS,26,5,443,63,148,0,3,42,52,22,51,16,13,2,31,49,168
davidko01,Kornél Dávid,SMALL FORWARD,28,CLEVELAND CAVALIERS,6,0,31,4,9,0,0,3,4,4,4,1,4,1,2,7,11
davisan01,Antonio Davis,CENTER,31,TORONTO RAPTORS,79,78,2479,313,712,0,0,284,371,235,461,105,38,100,121,267,910
davisba01,Baron Davis,POINT GUARD,20,CHARLOTTE HORNETS,82,0,1523,182,433,25,111,97,153,48,117,309,97,19,140,201,486
davisbe01,Ben Davis,POWER FORWARD,27,PHOENIX SUNS,5,0,22,2,6,0,0,0,0,3,6,2,1,1,3,2,4
davisda01,Dale Davis,CENTER,30,INDIANA PACERS,74,72,2127,302,602,0,0,139,203,256,473,64,52,94,91,203,743
davisem01,Emanual Davis,POINT GUARD,31,SEATTLE SUPERSONICS,54,2,701,80,220,31,103,26,38,15,85,70,38,5,44,72,217
davishu01,Hubert Davis,POINT GUARD,29,DALLAS MAVERICKS,79,15,1817,217,464,82,167,67,77,17,117,141,24,3,70,109,583
davisma02,Mark Davis,SMALL FORWARD,26,GOLDEN STATE WARRIORS,23,7,464,56,137,0,2,31,47,31,53,38,25,4,40,52,143
davisri01,Ricky Davis,SHOOTING GUARD,20,CHARLOTTE HORNETS,48,4,570,94,187,0,4,39,51,29,54,62,30,8,46,39,227
dayto01,Todd Day,SHOOTING GUARD,30,PHOENIX SUNS,58,1,941,130,330,64,165,72,108,31,98,65,44,22,50,127,396
declean01,Andrew DeClercq,CENTER,26,CLEVELAND CAVALIERS,82,31,1831,225,443,0,0,94,160,156,283,58,63,66,108,275,544
delnevi01,Vinny Del Negro,POINT GUARD,33,MILWAUKEE BUCKS,67,0,1211,153,325,8,24,35,39,9,98,160,36,0,48,81,349
delkto01,Tony Delk,POINT GUARD,26,SACRAMENTO KINGS,46,1,682,120,279,9,40,47,59,36,52,55,35,5,32,58,296
dialde01,Derrick Dial,SHOOTING GUARD,24,SAN ANTONIO SPURS,8,0,95,17,46,3,12,3,5,14,12,5,1,1,6,10,40
dickemi01,Michael Dickerson,SHOOTING GUARD,24,VANCOUVER GRIZZLIES,82,82,3103,554,1270,119,291,269,324,78,201,208,116,45,165,226,1496
divacvl01,Vlade Divac,CENTER,31,SACRAMENTO KINGS,82,81,2374,384,764,7,26,230,333,174,482,244,103,103,190,251,1005
doleami01,Michael Doleac,CENTER,22,ORLANDO MAGIC,81,29,1335,242,535,1,2,80,95,89,245,63,29,34,65,224,565
douglsh01,Sherman Douglas,POINT GUARD,33,NEW JERSEY NETS,20,2,309,45,90,5,16,25,28,13,16,34,17,0,24,26,120
drewbr01,Bryce Drew,POINT GUARD,25,HOUSTON ROCKETS,72,5,1293,158,413,59,163,45,53,23,80,162,41,1,66,79,420
dudlech02,Chris Dudley,CENTER,34,NEW YORK KNICKS,47,3,459,23,67,0,0,9,27,63,73,5,7,21,18,95,55
duncati01,Tim Duncan,POWER FORWARD,23,SAN ANTONIO SPURS,74,74,2875,628,1281,1,11,459,603,262,656,234,66,165,242,210,1716
eisleho01,Howard Eisley,POINT GUARD,27,UTAH JAZZ,82,5,2096,282,675,60,163,84,102,23,147,347,59,9,132,223,708
ekeziob01,Obinna Ekezie,POWER FORWARD,24,VANCOUVER GRIZZLIES,39,0,351,41,88,0,0,43,64,34,58,8,9,4,26,61,125
eliema01,Mario Elie,SMALL FORWARD,36,SAN ANTONIO SPURS,79,79,2217,195,457,74,186,126,149,48,201,193,73,9,130,156,590
elliose01,Sean Elliott,SMALL FORWARD,31,SAN ANTONIO SPURS,19,19,391,38,106,13,37,25,32,6,41,28,12,2,19,34,114
ellisda01,Dale Ellis,SHOOTING GUARD,39,MILWAUKEE BUCKS,18,0,324,47,101,23,65,6,9,7,27,6,6,0,7,23,123
ellisda01,Dale Ellis,SHOOTING GUARD,39,CHARLOTTE HORNETS,24,5,240,19,58,14,35,3,4,6,16,8,7,0,13,22,55
ellisla01,LaPhonso Ellis,POWER FORWARD,29,ATLANTA HAWKS,58,8,1309,209,464,3,21,66,95,98,192,59,32,25,52,133,487
ellispe01,Pervis Ellison,CENTER,32,BOSTON CELTICS,30,5,269,19,43,0,0,15,21,29,38,13,10,8,13,67,53
eschmev01,Evan Eschmeyer,CENTER,24,NEW JERSEY NETS,31,5,373,38,72,0,0,15,30,40,68,21,8,21,21,84,91
ewingpa01,Patrick Ewing,CENTER,37,NEW YORK KNICKS,62,62,2035,361,775,0,2,207,283,140,464,58,36,84,142,196,929
farmeto01,Tony Farmer,POWER FORWARD,30,GOLDEN STATE WARRIORS,74,9,1199,127,312,8,44,203,265,118,177,74,66,16,82,167,465
feickja01,Jamie Feick,CENTER,25,NEW JERSEY NETS,81,17,2241,181,423,3,3,94,133,264,491,68,43,38,59,206,459
ferryda01,Danny Ferry,POWER FORWARD,33,CLEVELAND CAVALIERS,63,3,1326,189,380,33,75,52,57,55,183,67,22,24,55,181,463
finlemi01,Michael Finley,SMALL FORWARD,26,DALLAS MAVERICKS,82,82,3464,748,1636,99,247,260,317,122,396,438,109,32,196,171,1855
fishede01,Derek Fisher,POINT GUARD,25,LOS ANGELES LAKERS,78,22,1803,167,483,52,166,105,145,22,121,216,80,3,75,150,491
fortsda01,Danny Fortson,POWER FORWARD,23,BOSTON CELTICS,55,5,856,140,265,0,0,139,189,141,225,29,20,5,67,180,419
fostegr01,Greg Foster,POWER FORWARD,31,SEATTLE SUPERSONICS,60,5,718,91,224,3,15,18,28,16,91,41,10,18,28,105,203
fosteje01,Jeff Foster,CENTER,23,INDIANA PACERS,19,0,86,13,23,0,1,17,25,12,20,5,5,1,2,18,43
foxri01,Rick Fox,SMALL FORWARD,30,LOS ANGELES LAKERS,82,1,1473,206,498,59,181,63,78,63,135,138,52,26,87,203,534
foylead01,Adonal Foyle,CENTER,24,GOLDEN STATE WARRIORS,76,59,1654,193,380,0,0,34,90,174,250,42,26,136,71,218,420
francst01,Steve Francis,POINT GUARD,22,HOUSTON ROCKETS,77,77,2776,497,1117,107,310,287,365,152,257,507,118,29,306,231,1388
fulleto02,Todd Fuller,CENTER,25,CHARLOTTE HORNETS,41,2,399,51,122,0,0,32,53,36,74,5,9,8,27,46,134
fundela01,Lawrence Funderburke,POWER FORWARD,29,SACRAMENTO KINGS,75,1,1026,184,352,0,2,115,163,98,136,33,32,20,40,91,483
garneke01,Kevin Garnett,POWER FORWARD,23,MINNESOTA TIMBERWOLVES,81,81,3243,759,1526,30,81,309,404,223,733,401,120,126,268,205,1857
garrede01,Dean Garrett,CENTER,33,MINNESOTA TIMBERWOLVES,56,23,604,48,108,0,0,18,26,41,99,19,8,40,21,94,114
garriki01,Kiwane Lemorris Garris,SHOOTING GUARD,25,ORLANDO MAGIC,3,0,23,2,10,0,1,0,0,0,1,2,0,0,1,0,4
garripa01,Pat Garrity,SMALL FORWARD,23,ORLANDO MAGIC,82,1,1479,258,585,79,197,80,111,44,166,58,31,19,85,197,675
gatlich01,Chris Gatling,POWER FORWARD,32,ORLANDO MAGIC,45,0,1041,210,462,7,23,171,245,91,206,40,48,10,105,142,598
gatlich01,Chris Gatling,POWER FORWARD,32,DENVER NUGGETS,40,0,770,155,340,11,47,95,128,63,142,31,34,13,64,104,416
geigema01,Matt Geiger,CENTER,30,PHILADELPHIA 76ERS,65,20,1406,260,589,0,4,109,140,154,233,39,29,22,91,194,629
georgde01,Devean George,SMALL FORWARD,22,LOS ANGELES LAKERS,49,1,345,56,144,16,47,27,41,29,46,12,10,4,21,54,155
gillke01,Kendall Gill,SMALL FORWARD,31,NEW JERSEY NETS,76,75,2355,396,956,20,78,181,255,82,201,210,139,41,89,211,993
gilliar01,Armen Gilliam,POWER FORWARD,35,UTAH JAZZ,50,0,782,133,305,0,1,67,86,72,137,42,12,16,55,83,333
glovedi01,Dion Glover,SHOOTING GUARD,21,ATLANTA HAWKS,30,1,446,66,171,12,45,51,70,15,23,27,15,4,28,28,195
grantbr01,Brian Grant,POWER FORWARD,27,PORTLAND TRAIL BLAZERS,63,14,1322,173,352,1,2,112,166,121,223,64,32,28,84,166,459
grantga01,Gary Grant,POINT GUARD,34,PORTLAND TRAIL BLAZERS,3,0,24,6,14,0,0,0,0,0,3,1,1,0,2,3,12
grantho01,Horace Grant,POWER FORWARD,34,SEATTLE SUPERSONICS,76,76,2688,266,599,0,4,80,111,167,424,188,55,60,61,192,612
grayde01,Devin Gray,SMALL FORWARD,27,HOUSTON ROCKETS,21,2,124,15,37,0,0,19,29,11,14,5,5,3,4,22,49
greenac01,A.C. Green,POWER FORWARD,36,LOS ANGELES LAKERS,82,82,1929,173,387,1,4,66,95,160,326,80,53,18,53,127,413
griffad01,Adrian Griffin,SHOOTING GUARD,25,BOSTON CELTICS,72,47,1927,175,413,16,57,119,158,128,244,177,116,15,93,222,485
guglito01,Tom Gugliotta,POWER FORWARD,30,PHOENIX SUNS,54,54,1767,310,645,1,8,117,151,141,284,124,80,31,106,152,738
hamda01,Darvin Ham,SMALL FORWARD,26,MILWAUKEE BUCKS,35,21,792,71,128,0,1,35,78,85,87,42,29,29,29,102,177
hamilri01,Richard Hamilton,SHOOTING GUARD,21,WASHINGTON WIZARDS,71,12,1373,254,605,28,77,103,133,38,91,108,28,6,84,142,639
hamilth01,Thomas Hamilton,CENTER,24,HOUSTON ROCKETS,22,7,273,35,79,0,0,12,23,31,59,15,4,14,28,25,82
hammoto01,Tom Hammonds,POWER FORWARD,32,MINNESOTA TIMBERWOLVES,56,0,372,42,97,0,0,33,56,34,67,10,8,3,21,55,117
hardaan01,Anfernee Hardaway,SHOOTING GUARD,28,PHOENIX SUNS,60,60,2253,378,798,33,102,226,286,91,256,315,94,38,153,164,1015
hardati01,Tim Hardaway,POINT GUARD,33,MIAMI HEAT,52,52,1672,246,638,94,256,110,133,25,125,385,49,4,119,112,696
harpero01,Ron Harper,POINT GUARD,36,LOS ANGELES LAKERS,80,78,2042,212,531,33,106,100,147,96,241,270,85,39,132,164,557
harprma01,Matt Harpring,SMALL FORWARD,23,ORLANDO MAGIC,4,0,63,4,17,2,2,6,7,5,7,8,5,1,1,7,16
harrial01,Al Harrington,POWER FORWARD,19,INDIANA PACERS,50,0,854,121,264,8,34,78,111,47,112,38,25,9,65,130,328
harriot01,Othella Harrington,POWER FORWARD,26,VANCOUVER GRIZZLIES,82,82,2677,420,830,0,2,236,298,196,367,97,36,58,217,287,1076
harrilu01,Lucious Harris,SHOOTING GUARD,29,NEW JERSEY NETS,77,11,1510,198,463,38,115,79,99,53,134,100,65,6,42,98,513
harvean01,Antonio Harvey,POWER FORWARD,29,PORTLAND TRAIL BLAZERS,19,0,137,17,30,0,0,7,12,8,25,5,1,6,12,20,41
hawkihe01,Hersey Hawkins,SHOOTING GUARD,33,CHICAGO BULLS,61,49,1622,159,375,55,141,107,119,31,144,134,74,15,100,146,480
hawkimi01,Michael Hawkins,POINT GUARD,27,CHARLOTTE HORNETS,12,0,36,3,13,1,5,1,2,0,7,13,0,0,3,2,8
hendeal01,Alan Henderson,POWER FORWARD,27,ATLANTA HAWKS,82,82,2775,429,930,1,10,224,334,265,306,77,81,54,139,233,1083
hendece02,Cedric Henderson,SMALL FORWARD,24,CLEVELAND CAVALIERS,61,7,1107,129,326,1,15,69,104,34,106,55,39,17,68,99,328
hendrma01,Mark Hendrickson,POWER FORWARD,25,CLEVELAND CAVALIERS,10,0,47,5,7,0,0,2,2,2,9,3,2,1,3,7,12
hendrma01,Mark Hendrickson,POWER FORWARD,25,NEW JERSEY NETS,5,0,24,0,1,0,0,1,2,1,1,3,0,0,0,1,1
herrech01,Chris Herren,POINT GUARD,24,DENVER NUGGETS,45,1,597,45,124,24,67,27,40,12,40,111,15,2,42,74,141
hillgr01,Grant Hill,SMALL FORWARD,27,DETROIT PISTONS,74,74,2776,696,1422,34,98,480,604,97,393,385,103,43,240,190,1906
hillty01,Tyrone Hill,POWER FORWARD,31,PHILADELPHIA 76ERS,68,65,2155,318,656,0,1,179,259,220,405,52,64,27,124,243,815
hoibefr01,Fred Hoiberg,SHOOTING GUARD,27,CHICAGO BULLS,31,11,845,89,230,32,94,69,76,7,103,85,40,2,43,66,279
hoodde01,Derek Hood,POWER FORWARD,23,CHARLOTTE HORNETS,2,0,4,0,3,0,0,0,0,0,1,0,0,0,0,0,0
hornaje01,Jeff Hornacek,SHOOTING GUARD,36,UTAH JAZZ,77,77,2133,358,728,66,138,171,180,49,133,202,66,16,113,149,953
horryro01,Robert Horry,POWER FORWARD,29,LOS ANGELES LAKERS,76,0,1685,159,363,29,94,89,113,133,228,118,84,80,73,189,436
houstal01,Allan Houston,SHOOTING GUARD,28,NEW YORK KNICKS,82,82,3169,614,1271,106,243,280,334,38,233,224,65,14,186,219,1614
howarju01,Juwan Howard,POWER FORWARD,26,WASHINGTON WIZARDS,82,82,2909,509,1108,0,7,202,275,132,338,247,67,21,225,299,1220
hudsotr01,Troy Hudson,POINT GUARD,23,LOS ANGELES CLIPPERS,62,38,1592,204,541,60,193,77,95,28,120,242,43,0,108,65,545
hughela01,Larry Hughes,SHOOTING GUARD,21,PHILADELPHIA 76ERS,50,5,1018,192,461,11,51,106,142,52,107,75,54,12,95,94,501
hughela01,Larry Hughes,SHOOTING GUARD,21,GOLDEN STATE WARRIORS,32,32,1306,267,686,18,74,173,235,61,129,130,61,16,100,97,725
hugheri02,Rick Hughes,POWER FORWARD,26,DALLAS MAVERICKS,21,0,224,35,72,0,1,12,26,24,25,9,3,1,14,30,82
hunteli01,Lindsey Hunter,POINT GUARD,29,DETROIT PISTONS,82,82,2919,379,892,168,389,117,154,35,215,327,129,22,145,216,1043
iversal01,Allen Iverson,SHOOTING GUARD,24,PHILADELPHIA 76ERS,70,70,2853,729,1733,89,261,442,620,71,196,328,144,5,230,162,1989
jacksbo01,Bobby Jackson,POINT GUARD,26,MINNESOTA TIMBERWOLVES,73,10,1034,140,346,13,46,76,98,50,103,172,48,7,58,114,369
jacksja01,Jaren Jackson,SHOOTING GUARD,32,SAN ANTONIO SPURS,81,12,1691,186,488,108,306,33,51,34,147,118,54,7,66,157,513
jacksje01,Jermaine Jackson,SHOOTING GUARD,23,DETROIT PISTONS,7,0,73,1,11,0,1,5,8,1,10,4,3,0,7,7,7
jacksji01,Jim Jackson,SMALL FORWARD,29,ATLANTA HAWKS,79,76,2767,507,1235,117,303,186,212,101,293,230,57,10,185,167,1317
jacksma01,Mark Jackson,POINT GUARD,34,INDIANA PACERS,81,81,2190,246,570,89,221,79,98,63,233,650,76,10,174,111,660
jacksra02,Randell Jackson,POWER FORWARD,24,DALLAS MAVERICKS,1,0,1,0,0,0,0,0,0,0,0,0,0,0,0,0,0
jacobsa01,Sam Jacobson,POINT GUARD,24,LOS ANGELES LAKERS,3,0,18,5,9,0,0,0,2,0,1,2,1,0,2,1,10
jacobsa01,Sam Jacobson,POINT GUARD,24,GOLDEN STATE WARRIORS,49,5,663,103,203,9,24,30,39,25,45,30,29,3,31,112,245
jamesti01,Tim James,SMALL FORWARD,23,MIAMI HEAT,4,0,23,5,14,0,0,1,3,3,1,2,0,3,2,1,11
jamisan01,Antawn Jamison,SMALL FORWARD,23,GOLDEN STATE WARRIORS,43,41,1556,356,756,2,7,127,208,172,187,90,30,15,113,115,841
jamisha01,Harold Jamison,POWER FORWARD,23,MIAMI HEAT,12,0,74,7,20,0,0,4,18,16,5,4,2,1,4,17,18
johnsan02,Anthony Johnson,POINT GUARD,25,ATLANTA HAWKS,38,2,423,36,103,1,6,19,24,15,24,59,23,2,24,41,92
johnsan02,Anthony Johnson,POINT GUARD,25,ORLANDO MAGIC,18,4,214,26,61,1,5,9,15,6,6,13,10,2,8,17,62
johnsav01,Avery Johnson,POINT GUARD,34,SAN ANTONIO SPURS,82,82,2571,402,850,1,9,114,155,33,125,491,76,18,140,150,919
johnsde02,DeMarco Johnson,POWER FORWARD,24,NEW YORK KNICKS,5,0,37,3,9,0,0,0,0,3,4,0,1,0,3,5,6
johnser02,Ervin Johnson,CENTER,32,MILWAUKEE BUCKS,80,74,2129,144,279,0,1,95,157,233,415,44,81,127,80,298,383
johnske02,Kevin Johnson,POINT GUARD,33,PHOENIX SUNS,6,0,113,16,28,1,1,7,7,0,16,24,2,0,7,6,40
johnsla02,Larry Johnson,POWER FORWARD,30,NEW YORK KNICKS,70,68,2281,282,652,58,174,128,167,87,293,175,42,7,94,205,750
jonesch03,Charles Jones,POINT GUARD,24,LOS ANGELES CLIPPERS,56,0,662,66,201,39,118,17,23,17,45,94,30,5,28,46,188
jonesda01,Damon Jones,POINT GUARD,23,GOLDEN STATE WARRIORS,13,1,196,25,54,11,23,7,9,0,16,39,6,0,15,13,68
jonesda01,Damon Jones,POINT GUARD,23,DALLAS MAVERICKS,42,0,416,55,154,30,91,25,39,12,27,57,12,1,25,21,165
jonesed02,Eddie Jones,SHOOTING GUARD,28,CHARLOTTE HORNETS,72,72,2807,478,1119,128,341,362,419,81,262,305,192,49,160,176,1446
jonesju01,Jumaine Jones,SMALL FORWARD,20,PHILADELPHIA 76ERS,33,0,138,22,58,2,4,11,18,16,22,5,6,5,14,10,57
jonespo01,Popeye Jones,POWER FORWARD,29,DENVER NUGGETS,40,1,330,44,104,2,3,14,19,41,62,19,3,6,13,50,104
jordare01,Reggie Jordan,POINT GUARD,32,WASHINGTON WIZARDS,36,0,243,17,53,0,1,7,13,16,25,32,12,2,19,29,41
keefead01,Adam Keefe,CENTER,29,UTAH JAZZ,62,3,604,53,130,0,1,29,36,45,91,34,17,13,46,90,135
kempsh01,Shawn Kemp,CENTER,30,CLEVELAND CAVALIERS,82,82,2492,484,1160,2,6,493,635,231,494,138,100,96,291,371,1463
kerrst01,Steve Kerr,POINT GUARD,34,SAN ANTONIO SPURS,32,0,268,32,74,16,31,9,11,3,16,12,4,0,7,14,89
kerseje01,Jerome Kersey,SMALL FORWARD,37,SAN ANTONIO SPURS,72,18,1310,146,354,0,9,29,41,58,167,69,67,47,51,161,321
ketnela01,Lari Ketner,POWER FORWARD,22,CHICAGO BULLS,6,0,41,4,10,0,0,2,2,0,7,1,1,1,3,8,10
ketnela01,Lari Ketner,POWER FORWARD,22,CLEVELAND CAVALIERS,16,0,91,9,22,0,0,6,10,12,15,0,3,2,7,12,24
kiddja01,Jason Kidd,POINT GUARD,26,PHOENIX SUNS,67,67,2616,350,855,56,166,203,245,96,387,678,134,28,226,148,959
kingge02,Gerard King,SMALL FORWARD,27,WASHINGTON WIZARDS,62,28,1060,139,277,0,0,49,66,84,166,49,34,15,41,132,327
kittlke01,Kerry Kittles,SHOOTING GUARD,25,NEW JERSEY NETS,62,61,1896,305,698,96,240,101,127,46,179,142,79,19,56,120,807
kleinjo01,Joe Kleine,CENTER,38,PORTLAND TRAIL BLAZERS,7,0,31,4,11,0,0,3,3,0,6,2,1,0,2,7,11
knighbr01,Brevin Knight,POINT GUARD,24,CLEVELAND CAVALIERS,65,46,1754,230,558,2,10,140,184,38,155,458,107,21,157,185,602
knightr01,Travis Knight,CENTER,25,LOS ANGELES LAKERS,63,0,410,46,118,0,0,17,28,46,83,23,6,23,26,88,109
kukocto01,Toni Kukoč,SMALL FORWARD,31,CHICAGO BULLS,24,23,868,148,388,18,78,118,155,37,93,124,44,19,75,51,432
kukocto01,Toni Kukoč,SMALL FORWARD,31,PHILADELPHIA 76ERS,32,8,916,149,340,26,90,74,110,38,105,141,33,9,71,61,398
laettch01,Christian Laettner,CENTER,30,DETROIT PISTONS,82,82,2443,379,801,7,24,237,292,175,378,186,83,45,186,326,1002
lafrera01,Raef LaFrentz,CENTER,23,DENVER NUGGETS,81,80,2435,392,879,60,183,162,236,170,471,97,42,180,96,292,1006
langan01,Andrew Lang,CENTER,33,NEW YORK KNICKS,19,10,244,28,64,0,0,3,7,16,44,3,8,6,5,31,59
langan02,Antonio Lang,SMALL FORWARD,27,TORONTO RAPTORS,7,0,32,0,5,0,0,3,4,0,5,1,4,1,2,7,3
langan02,Antonio Lang,SMALL FORWARD,27,PHILADELPHIA 76ERS,3,0,6,1,1,0,0,1,1,0,0,1,0,0,0,1,3
langdtr01,Trajan Langdon,SHOOTING GUARD,23,CLEVELAND CAVALIERS,10,0,145,15,40,8,19,11,11,4,11,11,5,0,6,16,49
larueru01,Rusty LaRue,POINT GUARD,26,CHICAGO BULLS,4,1,129,15,43,2,14,5,7,1,9,11,7,0,7,9,37
legleti01,Tim Legler,SHOOTING GUARD,33,GOLDEN STATE WARRIORS,23,4,284,28,78,7,21,14,18,4,19,24,4,1,6,33,77
lenarvo01,Voshon Lenard,SHOOTING GUARD,26,MIAMI HEAT,53,13,1434,228,560,89,228,84,106,37,116,136,41,15,80,127,629
lewisqu01,Quincy Lewis,SHOOTING GUARD,22,UTAH JAZZ,74,0,896,111,298,23,63,38,52,46,67,40,24,15,46,158,283
lewisra02,Rashard Lewis,SMALL FORWARD,20,SEATTLE SUPERSONICS,82,8,1575,275,566,40,120,84,123,127,209,70,62,36,78,163,674
livinra01,Randy Livingston,POINT GUARD,24,PHOENIX SUNS,79,15,1081,155,373,19,55,52,62,25,105,170,49,13,92,129,381
longgr01,Grant Long,POWER FORWARD,33,VANCOUVER GRIZZLIES,42,1,920,74,167,0,4,55,71,86,148,43,45,10,49,108,203
longllu01,Luc Longley,CENTER,31,PHOENIX SUNS,72,68,1417,186,399,0,0,80,97,100,223,77,22,42,136,221,452
lopezfe01,Felipe López,SHOOTING GUARD,25,VANCOUVER GRIZZLIES,65,0,781,111,261,3,18,67,109,59,65,44,32,17,53,94,292
luety01,Tyronn Lue,POINT GUARD,22,LOS ANGELES LAKERS,8,0,146,19,39,4,8,6,8,2,10,17,3,0,9,17,48
lynchge01,George Lynch,SMALL FORWARD,29,PHILADELPHIA 76ERS,75,75,2416,297,644,15,36,113,183,216,366,136,119,38,120,231,722
maccuto01,Todd MacCulloch,CENTER,24,PHILADELPHIA 76ERS,56,6,528,89,161,0,0,28,54,48,98,13,11,37,26,94,206
macksa01,Sam Mack,SMALL FORWARD,29,GOLDEN STATE WARRIORS,23,5,333,37,122,21,64,19,20,7,32,24,18,1,19,45,114
macledo01,Don MacLean,POWER FORWARD,30,PHOENIX SUNS,16,0,143,18,49,2,6,4,6,6,17,8,2,1,8,24,42
maggeco01,Corey Maggette,SMALL FORWARD,20,ORLANDO MAGIC,77,5,1370,224,469,2,11,196,261,123,180,61,24,26,138,169,646
majerda01,Dan Majerle,SHOOTING GUARD,34,MIAMI HEAT,69,69,2308,170,422,110,304,56,69,27,306,206,89,17,62,156,506
malonka01,Karl Malone,POWER FORWARD,36,UTAH JAZZ,82,82,2947,752,1476,2,8,589,739,169,610,304,79,71,231,229,2095
malonma01,Matt Maloney,POINT GUARD,28,CHICAGO BULLS,51,12,1175,114,318,62,174,37,45,10,54,138,32,3,63,42,327
mannida01,Danny Manning,POWER FORWARD,33,MILWAUKEE BUCKS,72,0,1217,149,339,1,4,34,52,50,158,73,62,29,55,183,333
marbust01,Stephon Marbury,POINT GUARD,22,NEW JERSEY NETS,74,74,2881,569,1317,66,233,436,536,61,179,622,112,15,270,195,1640
mariosh01,Shawn Marion,SMALL FORWARD,21,PHOENIX SUNS,51,38,1260,222,471,4,22,72,85,105,227,69,38,53,51,113,520
marksse01,Sean Marks,POWER FORWARD,24,TORONTO RAPTORS,5,0,12,2,6,0,1,4,4,0,2,0,1,1,3,3,8
marshdo02,Donny Marshall,SMALL FORWARD,27,CLEVELAND CAVALIERS,6,0,39,3,11,0,3,5,6,0,1,0,2,0,3,7,11
marshdo01,Donyell Marshall,POWER FORWARD,26,GOLDEN STATE WARRIORS,64,51,2071,331,840,49,138,199,255,189,448,167,68,68,123,180,910
martida01,Darrick Martin,POINT GUARD,28,SACRAMENTO KINGS,71,1,893,133,350,38,124,98,119,7,37,122,28,2,62,89,402
mashbja01,Jamal Mashburn,SMALL FORWARD,27,MIAMI HEAT,76,76,2828,515,1158,112,278,186,239,64,317,298,79,14,180,215,1328
masonan01,Anthony Mason,SMALL FORWARD,33,CHARLOTTE HORNETS,82,81,3133,317,661,0,1,314,421,145,554,367,74,29,160,220,948
masseto01,Tony Massenburg,POWER FORWARD,32,HOUSTON ROCKETS,10,0,109,16,36,0,0,14,16,7,20,3,2,5,9,13,46
maxweve01,Vernon Maxwell,SHOOTING GUARD,34,SEATTLE SUPERSONICS,47,0,989,169,490,67,223,108,148,15,64,75,38,9,53,83,513
mccarwa01,Walter McCarty,POWER FORWARD,25,BOSTON CELTICS,61,5,879,78,230,34,110,39,54,33,77,70,24,23,67,83,229
mccloge01,George McCloud,SMALL FORWARD,32,DENVER NUGGETS,78,11,2118,266,638,107,283,148,181,72,213,246,48,26,134,180,787
mccoyje01,Jelani McCoy,CENTER,22,SEATTLE SUPERSONICS,58,2,746,102,177,0,0,45,91,54,125,24,15,46,45,127,249
mcdyean01,Antonio McDyess,POWER FORWARD,25,DENVER NUGGETS,81,81,2698,614,1211,0,2,323,516,234,451,159,69,139,230,316,1551
mcgratr01,Tracy McGrady,SMALL FORWARD,20,TORONTO RAPTORS,79,34,2462,459,1018,18,65,277,392,188,313,263,90,151,160,201,1213
mcilvji01,Jim McIlvaine,CENTER,27,NEW JERSEY NETS,66,53,1048,64,154,0,0,29,56,106,124,36,26,117,38,205,157
mcinnje01,Jeff McInnis,POINT GUARD,25,LOS ANGELES CLIPPERS,25,10,597,80,186,7,21,13,17,18,54,89,15,2,27,55,180
mckeyde01,Derrick McKey,SMALL FORWARD,33,INDIANA PACERS,32,0,634,43,108,10,23,43,56,29,106,35,29,13,19,81,139
mckieaa01,Aaron McKie,SHOOTING GUARD,27,PHILADELPHIA 76ERS,82,14,1952,244,593,44,121,121,146,47,199,240,108,18,113,194,653
mcleoro01,Roshown McLeod,SMALL FORWARD,24,ATLANTA HAWKS,44,20,860,131,332,2,13,54,70,41,97,52,16,5,59,84,318
mercero01,Ron Mercer,SHOOTING GUARD,23,DENVER NUGGETS,37,37,1408,272,612,15,39,119,151,29,123,104,33,15,87,75,678
mercero01,Ron Mercer,SHOOTING GUARD,23,ORLANDO MAGIC,31,31,969,188,468,0,9,94,119,35,63,54,42,8,64,76,470
millean02,Andre Miller,POINT GUARD,23,CLEVELAND CAVALIERS,82,36,2093,339,755,10,49,226,292,85,195,476,84,17,166,194,914
millean01,Anthony Miller,POWER FORWARD,28,HOUSTON ROCKETS,35,14,476,52,97,0,0,26,51,49,115,16,11,10,19,68,130
millebr01,Brad Miller,CENTER,23,CHARLOTTE HORNETS,55,4,961,135,293,0,2,153,195,113,180,45,23,35,48,111,423
milleol01,Oliver Miller,CENTER,29,PHOENIX SUNS,51,9,1088,137,233,0,0,49,73,87,174,68,42,80,74,132,323
millere01,Reggie Miller,SHOOTING GUARD,34,INDIANA PACERS,81,81,2987,466,1041,165,404,373,406,50,189,187,85,25,129,126,1470
millsch01,Chris Mills,SMALL FORWARD,30,GOLDEN STATE WARRIORS,20,11,649,123,292,8,30,68,84,46,77,47,18,4,25,60,322
millste01,Terry Mills,POWER FORWARD,32,DETROIT PISTONS,82,78,1842,214,488,95,242,25,34,50,340,85,38,24,46,242,548
miskija01,Jason Miskiri,POINT GUARD,24,CHARLOTTE HORNETS,1,0,3,0,1,0,1,0,0,0,0,1,0,0,0,2,0
mitchsa01,Sam Mitchell,SMALL FORWARD,36,MINNESOTA TIMBERWOLVES,66,24,1227,168,376,10,23,81,92,28,110,111,27,14,44,116,427
moblecu01,Cuttino Mobley,SHOOTING GUARD,24,HOUSTON ROCKETS,81,8,2496,437,1016,104,292,299,353,59,229,208,87,32,186,171,1277
mohamna01,Nazr Mohammed,CENTER,22,PHILADELPHIA 76ERS,28,3,190,21,54,0,0,12,22,16,34,2,4,12,18,29,54
montrer01,Eric Montross,CENTER,28,DETROIT PISTONS,51,0,332,17,55,0,0,6,12,18,54,7,6,9,22,81,40
mooremi01,Mikki Moore,CENTER,24,DETROIT PISTONS,29,0,488,87,140,0,0,54,68,44,68,17,9,31,23,104,228
mournal01,Alonzo Mourning,CENTER,29,MIAMI HEAT,79,78,2748,652,1184,0,4,414,582,215,538,123,40,294,217,308,1718
mullich01,Chris Mullin,SHOOTING GUARD,36,INDIANA PACERS,47,2,582,80,187,45,110,37,41,14,62,37,28,9,28,60,242
murdoer01,Eric Murdock,POINT GUARD,31,LOS ANGELES CLIPPERS,40,15,693,79,205,16,42,51,80,15,62,108,47,5,58,67,225
muresgh01,Gheorghe Mureșan,CENTER,28,NEW JERSEY NETS,30,2,267,41,90,0,0,23,38,24,44,9,0,12,16,52,105
murrala01,Lamond Murray,SMALL FORWARD,26,CLEVELAND CAVALIERS,74,72,2365,460,1019,51,139,204,268,127,296,132,105,36,184,208,1175
murratr01,Tracy Murray,SMALL FORWARD,28,WASHINGTON WIZARDS,80,8,1831,290,670,113,263,120,141,63,208,72,45,24,84,185,813
mutomdi01,Dikembe Mutombo,CENTER,33,ATLANTA HAWKS,82,82,2984,322,573,0,0,298,421,304,853,105,27,269,174,248,942
nashst01,Steve Nash,POINT GUARD,25,DALLAS MAVERICKS,56,27,1532,173,363,60,149,75,85,34,87,272,37,3,102,122,481
nesbyty01,Tyrone Nesby,SHOOTING GUARD,24,LOS ANGELES CLIPPERS,73,39,2317,364,915,94,281,151,191,82,193,121,75,31,102,205,973
nestera01,Rasho Nesterović,CENTER,23,MINNESOTA TIMBERWOLVES,82,55,1723,206,433,0,2,59,103,135,244,93,21,85,71,262,471
newmajo01,Johnny Newman,SMALL FORWARD,36,NEW JERSEY NETS,82,9,1763,278,623,72,190,192,229,39,115,65,53,11,89,207,820
norrimo01,Moochie Norris,POINT GUARD,26,HOUSTON ROCKETS,30,0,502,69,159,12,29,57,73,16,52,94,23,1,30,32,207
nowitdi01,Dirk Nowitzki,POWER FORWARD,21,DALLAS MAVERICKS,82,81,2938,515,1118,116,306,289,348,102,430,203,63,68,141,256,1435
onealje01,Jermaine O'Neal,CENTER,21,PORTLAND TRAIL BLAZERS,70,8,859,108,222,0,1,57,98,97,132,18,11,55,47,127,273
onealsh01,Shaquille O'Neal,CENTER,27,LOS ANGELES LAKERS,79,79,3163,956,1665,0,1,432,824,336,742,299,36,239,223,255,2344
oaklech01,Charles Oakley,POWER FORWARD,36,TORONTO RAPTORS,80,80,2431,234,560,14,41,66,85,117,423,253,102,45,154,294,548
odomla01,Lamar Odom,SMALL FORWARD,20,LOS ANGELES CLIPPERS,76,70,2767,449,1024,59,164,302,420,159,436,317,91,95,258,291,1259
olajuha01,Hakeem Olajuwon,CENTER,37,HOUSTON ROCKETS,44,28,1049,193,421,0,2,69,112,65,209,61,41,70,73,88,455
ollieke01,Kevin Ollie,POINT GUARD,27,PHILADELPHIA 76ERS,40,0,290,22,49,0,0,28,37,4,27,46,10,0,10,27,72
olowomi01,Michael Olowokandi,CENTER,24,LOS ANGELES CLIPPERS,80,77,2493,330,756,0,0,123,189,194,462,38,35,140,177,304,783
ostergr01,Greg Ostertag,CENTER,26,UTAH JAZZ,81,3,1606,124,267,0,1,119,187,172,310,18,20,172,79,196,367
outlabo01,Bo Outlaw,POWER FORWARD,28,ORLANDO MAGIC,82,55,2326,204,339,0,3,82,162,202,323,245,113,148,133,203,490
overtdo01,Doug Overton,POINT GUARD,30,BOSTON CELTICS,48,0,432,61,154,10,28,20,21,14,19,53,10,0,20,46,152
owensbi01,Billy Owens,POWER FORWARD,30,PHILADELPHIA 76ERS,46,7,919,112,258,9,27,38,64,63,129,59,26,16,61,119,271
owensbi01,Billy Owens,SMALL FORWARD,30,GOLDEN STATE WARRIORS,16,4,386,38,100,2,7,25,42,36,73,38,7,5,24,47,103
packro01,Robert Pack,POINT GUARD,30,DALLAS MAVERICKS,29,22,665,96,230,4,11,63,78,7,35,168,31,3,76,44,259
padgesc01,Scott Padgett,POWER FORWARD,23,UTAH JAZZ,47,9,432,44,140,13,44,19,27,24,64,25,14,8,22,55,120
palacmi01,Milt Palacio,POINT GUARD,21,VANCOUVER GRIZZLIES,53,0,394,43,98,0,2,22,37,17,34,48,20,0,44,32,108
parkean01,Anthony Parker,SHOOTING GUARD,24,ORLANDO MAGIC,16,0,185,24,57,1,14,8,11,5,22,10,8,4,11,13,57
parksch02,Cherokee Parks,CENTER,27,VANCOUVER GRIZZLIES,56,14,808,72,145,0,1,24,37,55,128,35,29,45,28,115,168
pattean01,Andrae Patterson,POWER FORWARD,24,MINNESOTA TIMBERWOLVES,5,0,20,3,4,0,0,0,0,1,1,1,1,0,1,4,6
patteru01,Ruben Patterson,SMALL FORWARD,24,SEATTLE SUPERSONICS,81,74,2097,354,661,12,27,222,321,218,216,126,94,40,144,190,942
paytoga01,Gary Payton,POINT GUARD,31,SEATTLE SUPERSONICS,82,82,3425,747,1666,177,520,311,423,100,429,732,153,18,224,178,1982
peelean01,Anthony Peeler,SHOOTING GUARD,30,MINNESOTA TIMBERWOLVES,82,22,2073,316,725,85,255,87,109,58,174,195,62,10,85,171,804
perduwi01,Will Perdue,CENTER,34,CHICAGO BULLS,67,15,1012,59,168,0,0,50,105,88,174,65,14,42,78,126,168
perkisa01,Sam Perkins,POWER FORWARD,38,INDIANA PACERS,81,0,1620,184,441,89,218,80,97,64,225,68,31,33,63,136,537
perryel01,Elliot Perry,POINT GUARD,30,NEW JERSEY NETS,60,5,803,128,294,11,39,50,62,13,48,139,39,1,60,47,317
persoch01,Chuck Person,SMALL FORWARD,35,SEATTLE SUPERSONICS,37,0,340,37,123,24,95,4,8,6,47,22,5,2,12,56,102
persowe01,Wesley Person,SHOOTING GUARD,28,CLEVELAND CAVALIERS,79,38,2056,280,654,106,250,61,77,44,223,146,40,19,60,119,727
phillbo01,Bobby Phills,SHOOTING GUARD,30,CHARLOTTE HORNETS,28,9,825,152,335,30,91,47,65,17,54,79,41,8,48,72,381
piatker01,Eric Piatkowski,SMALL FORWARD,29,LOS ANGELES CLIPPERS,75,23,1712,238,573,93,243,85,100,74,148,81,44,13,57,140,654
piercpa01,Paul Pierce,SMALL FORWARD,22,BOSTON CELTICS,73,72,2583,486,1099,96,280,359,450,83,313,221,152,62,178,237,1427
pippesc01,Scottie Pippen,SMALL FORWARD,34,PORTLAND TRAIL BLAZERS,82,82,2749,388,860,86,263,160,223,114,399,406,117,41,208,208,1022
pollasc01,Scot Pollard,CENTER,24,SACRAMENTO KINGS,76,5,1336,149,283,0,0,114,159,168,236,43,55,59,50,213,412
polynol01,Olden Polynice,CENTER,35,UTAH JAZZ,82,79,1819,203,398,1,2,28,90,166,287,37,30,84,70,260,435
portete01,Terry Porter,POINT GUARD,36,SAN ANTONIO SPURS,68,8,1613,207,463,90,207,137,170,24,167,221,50,9,100,79,641
poseyja01,James Posey,SMALL FORWARD,23,DENVER NUGGETS,81,77,2052,230,536,82,220,120,150,85,232,146,98,33,95,207,662
potapvi01,Vitaly Potapenko,CENTER,24,BOSTON CELTICS,79,72,1797,307,615,0,1,109,160,182,317,77,41,29,145,239,723
pricebr01,Brent Price,POINT GUARD,31,VANCOUVER GRIZZLIES,41,0,424,41,119,25,68,34,39,8,29,69,17,1,47,63,141
profila01,Laron Profit,SHOOTING GUARD,22,WASHINGTON WIZARDS,33,1,225,21,59,3,17,4,10,2,24,25,7,4,19,26,49
radojal01,Aleksandar Radojević,CENTER,23,TORONTO RAPTORS,3,0,24,2,7,0,0,3,6,2,6,1,2,1,5,5,7
ratlith01,Theo Ratliff,POWER FORWARD,26,PHILADELPHIA 76ERS,57,56,1795,247,491,0,0,182,236,140,295,36,32,171,108,185,676
recasel01,Eldridge Recasner,POINT GUARD,32,CHARLOTTE HORNETS,7,0,28,3,7,1,4,0,0,0,4,5,0,0,0,1,7
reevebr01,Bryant Reeves,CENTER,26,VANCOUVER GRIZZLIES,69,67,1773,252,562,0,4,107,165,126,264,82,33,38,119,245,611
reevekh01,Khalid Reeves,POINT GUARD,27,CHICAGO BULLS,3,0,48,3,12,0,3,5,5,2,2,13,2,0,6,8,11
reiddo01,Don Reid,POWER FORWARD,26,DETROIT PISTONS,21,3,165,16,34,0,0,3,6,5,20,1,5,12,11,45,35
reiddo01,Don Reid,POWER FORWARD,26,WASHINGTON WIZARDS,17,0,333,44,78,0,0,21,28,26,51,10,19,19,12,73,109
reidjr01,J.R. Reid,POWER FORWARD,31,MILWAUKEE BUCKS,34,7,602,53,127,1,7,43,56,29,88,18,19,5,20,81,150
rhodero01,Rodrick Rhodes,SMALL FORWARD,26,DALLAS MAVERICKS,1,0,8,0,3,0,0,0,0,1,0,0,2,0,2,0,0
ricegl01,Glen Rice,SMALL FORWARD,32,LOS ANGELES LAKERS,80,80,2530,421,980,84,229,346,396,56,271,176,47,12,114,179,1272
richmmi01,Mitch Richmond,SHOOTING GUARD,34,WASHINGTON WIZARDS,74,69,2397,447,1049,93,241,298,340,37,176,185,110,13,154,191,1285
rideris01,Isaiah Rider,SHOOTING GUARD,28,ATLANTA HAWKS,60,47,2084,449,1072,56,180,204,260,63,195,219,41,6,168,132,1158
roberst01,Stanley Roberts,CENTER,29,PHILADELPHIA 76ERS,5,1,51,5,16,0,1,0,3,6,9,3,1,1,2,15,10
roberry01,Ryan Robertson,SHOOTING GUARD,23,SACRAMENTO KINGS,1,0,25,2,6,0,2,1,1,0,0,0,0,0,0,0,5
robincl02,Clifford Robinson,SMALL FORWARD,33,PHOENIX SUNS,80,67,2839,530,1142,120,324,298,381,105,254,224,90,61,166,239,1478
robinda01,David Robinson,CENTER,34,SAN ANTONIO SPURS,80,80,2557,528,1031,0,2,371,511,193,577,142,97,183,164,247,1427
robined01,Eddie Robinson,SMALL FORWARD,23,CHARLOTTE HORNETS,67,8,1112,212,386,0,4,47,64,54,130,32,48,25,39,67,471
robingl01,Glenn Robinson,SMALL FORWARD,27,MILWAUKEE BUCKS,81,81,2909,690,1461,86,237,227,283,107,378,193,78,41,223,212,1693
rodmade01,Dennis Rodman,POWER FORWARD,38,DALLAS MAVERICKS,12,12,389,12,31,0,1,10,14,48,123,14,2,1,19,41,34
rogerca01,Carlos Rogers,CENTER,28,HOUSTON ROCKETS,53,15,1101,170,324,1,14,81,137,98,177,42,14,34,63,77,422
rogerro01,Rodney Rogers,POWER FORWARD,28,PHOENIX SUNS,82,7,2286,428,881,115,262,159,249,138,309,170,94,47,163,290,1130
rogerro02,Roy Rogers,POWER FORWARD,26,DENVER NUGGETS,40,0,355,35,88,0,1,19,41,33,47,9,2,38,10,36,89
rooksse01,Sean Rooks,CENTER,30,DALLAS MAVERICKS,71,13,1001,122,283,0,0,65,89,82,166,68,29,52,70,169,309
roseja01,Jalen Rose,SMALL FORWARD,27,INDIANA PACERS,80,80,2978,563,1196,77,196,254,307,42,345,320,84,49,188,234,1457
rosema01,Malik Rose,POWER FORWARD,25,SAN ANTONIO SPURS,74,3,1341,176,385,1,3,143,198,133,202,47,35,52,99,232,496
ruffimi01,Michael Ruffin,POWER FORWARD,23,CHICAGO BULLS,71,6,975,58,138,0,0,43,88,117,133,44,26,26,59,170,159
russebr01,Bryon Russell,SMALL FORWARD,29,UTAH JAZZ,82,70,2900,408,914,106,268,237,316,99,328,158,128,23,101,255,1159
sabonar01,Arvydas Sabonis,CENTER,35,PORTLAND TRAIL BLAZERS,66,61,1688,302,598,7,19,167,198,97,416,118,43,78,97,184,778
sallejo01,John Salley,CENTER,35,LOS ANGELES LAKERS,45,3,303,25,69,0,0,21,28,20,45,26,8,14,18,67,71
schrede01,Detlef Schrempf,SMALL FORWARD,37,PORTLAND TRAIL BLAZERS,77,6,1662,187,433,21,52,179,215,79,253,197,37,17,100,182,574
scottde01,Dennis Scott,SMALL FORWARD,31,VANCOUVER GRIZZLIES,66,0,1263,125,333,71,189,48,57,16,90,69,28,9,30,104,369
sealyma01,Malik Sealy,SMALL FORWARD,29,MINNESOTA TIMBERWOLVES,82,61,2392,371,780,10,35,177,218,119,233,197,76,19,110,197,929
shawbr01,Brian Shaw,SHOOTING GUARD,33,LOS ANGELES LAKERS,74,2,1249,123,322,18,58,41,54,45,171,201,35,14,75,105,305
simpkdi01,Dickey Simpkins,POWER FORWARD,27,CHICAGO BULLS,69,48,1651,111,274,0,1,65,120,124,248,100,22,22,128,217,287
skinnbr01,Brian Skinner,POWER FORWARD,23,LOS ANGELES CLIPPERS,33,9,775,68,134,0,0,43,65,63,138,11,16,44,37,75,179
smithjo02,Joe Smith,CENTER,24,MINNESOTA TIMBERWOLVES,78,9,1975,289,623,1,1,195,258,186,298,88,45,85,119,302,774
smithmi02,Michael Smith,SMALL FORWARD,27,WASHINGTON WIZARDS,46,46,1145,108,192,0,1,73,101,121,210,56,27,23,45,127,289
smithst01,Steve Smith,SHOOTING GUARD,30,PORTLAND TRAIL BLAZERS,82,81,2689,420,900,96,241,289,340,123,190,209,71,31,117,214,1225
smitsri01,Rik Smits,CENTER,33,INDIANA PACERS,79,79,1852,431,890,0,1,156,211,94,307,85,20,100,108,249,1018
snower01,Eric Snow,POINT GUARD,26,PHILADELPHIA 76ERS,82,80,2866,257,597,11,45,126,177,42,219,624,140,8,162,243,651
spencfe01,Felton Spencer,CENTER,32,SAN ANTONIO SPURS,26,0,149,15,33,0,0,20,30,15,24,3,6,8,9,32,50
sprewla01,Latrell Sprewell,SMALL FORWARD,29,NEW YORK KNICKS,82,82,3276,568,1305,44,127,344,397,49,300,332,109,22,226,184,1524
stackry01,Ryan Stack,POWER FORWARD,24,CLEVELAND CAVALIERS,25,0,198,17,51,0,1,18,27,15,30,5,4,11,17,47,52
stackje01,Jerry Stackhouse,SHOOTING GUARD,25,DETROIT PISTONS,82,82,3148,619,1447,83,288,618,758,118,197,365,103,36,311,188,1939
starkjo01,John Starks,SHOOTING GUARD,34,GOLDEN STATE WARRIORS,33,30,1108,192,508,56,161,45,54,10,81,170,37,3,64,93,485
starkjo01,John Starks,SHOOTING GUARD,34,CHICAGO BULLS,4,0,82,11,34,3,10,5,5,0,10,11,5,1,3,9,30
stepavl01,Vladimir Stepania,CENTER,23,SEATTLE SUPERSONICS,30,1,202,29,79,0,6,17,36,21,26,3,10,11,22,44,75
stephjo01,Joe Stephens,SMALL FORWARD,27,VANCOUVER GRIZZLIES,13,0,181,19,51,0,8,3,4,13,23,11,7,3,6,9,41
stewami01,Michael Stewart,CENTER,24,TORONTO RAPTORS,42,1,389,20,53,0,0,18,32,33,61,6,5,19,17,81,58
stithbr01,Bryant Stith,SHOOTING GUARD,29,DENVER NUGGETS,45,6,691,86,189,17,56,64,77,23,61,61,18,12,33,56,253
stockjo01,John Stockton,POINT GUARD,37,UTAH JAZZ,82,82,2432,363,725,43,121,221,257,45,170,703,143,15,179,192,990
stojape01,Peja Stojaković,SMALL FORWARD,22,SACRAMENTO KINGS,74,11,1749,321,717,100,267,135,153,74,202,106,52,7,88,97,877
stoudda01,Damon Stoudamire,POINT GUARD,26,PORTLAND TRAIL BLAZERS,78,78,2372,386,894,80,212,122,145,61,182,405,77,1,149,173,974
stricer01,Erick Strickland,SHOOTING GUARD,26,DALLAS MAVERICKS,68,67,2025,316,730,73,186,162,195,69,254,211,105,13,102,190,867
stricma01,Mark Strickland,SMALL FORWARD,29,MIAMI HEAT,58,5,663,122,224,0,0,40,56,44,96,22,15,18,24,68,284
stricro02,Rod Strickland,POINT GUARD,33,WASHINGTON WIZARDS,69,67,2188,327,762,1,21,214,305,73,186,519,94,18,187,147,869
stronde01,Derek Strong,POWER FORWARD,31,ORLANDO MAGIC,20,0,148,21,48,1,4,11,14,11,33,4,5,2,12,15,54
sundobr01,Bruno Šundov,CENTER,19,DALLAS MAVERICKS,14,0,61,12,31,0,0,2,2,5,7,2,2,2,4,16,26
surabo01,Bob Sura,SHOOTING GUARD,26,CLEVELAND CAVALIERS,73,45,2216,356,815,122,332,175,251,50,238,284,91,19,148,201,1009
szczewa02,Wally Szczerbiak,SMALL FORWARD,22,MINNESOTA TIMBERWOLVES,73,53,2171,342,669,28,78,133,161,89,183,201,58,23,83,175,845
tabakza01,Žan Tabak,CENTER,29,INDIANA PACERS,18,0,114,16,34,0,0,5,8,16,16,4,3,9,11,13,37
taylojo01,Johnny Taylor,SMALL FORWARD,25,DENVER NUGGETS,1,0,5,0,2,0,0,0,0,0,1,0,0,0,0,1,0
taylojo01,Johnny Taylor,SMALL FORWARD,25,ORLANDO MAGIC,5,0,29,5,12,1,1,0,0,2,3,1,1,1,2,4,11
tayloma01,Maurice Taylor,POWER FORWARD,23,LOS ANGELES CLIPPERS,62,60,2227,458,988,1,8,143,201,96,304,101,51,48,169,217,1060
terryja01,Jason Terry,POINT GUARD,22,ATLANTA HAWKS,81,27,1888,249,600,46,157,113,140,24,142,346,90,10,156,133,657
thomaja01,Jamel Thomas,SMALL FORWARD,26,BOSTON CELTICS,3,0,19,5,10,0,1,1,1,0,2,2,0,0,1,0,11
thomaja01,Jamel Thomas,SMALL FORWARD,26,GOLDEN STATE WARRIORS,4,0,27,3,8,0,2,0,0,1,2,4,1,0,4,2,6
thomajo02,John Thomas,CENTER,24,TORONTO RAPTORS,55,6,477,49,107,0,1,16,41,37,38,9,12,14,14,106,114
thomake01,Kenny Thomas,POWER FORWARD,22,HOUSTON ROCKETS,72,29,1797,212,531,32,122,138,209,147,290,113,54,22,112,167,594
thomaku01,Kurt Thomas,POWER FORWARD,27,NEW YORK KNICKS,80,21,1971,270,535,1,3,100,128,144,361,82,51,42,105,278,641
thomati01,Tim Thomas,SMALL FORWARD,22,MILWAUKEE BUCKS,80,1,2093,347,753,63,182,188,243,100,232,113,59,31,129,227,945
thorpot01,Otis Thorpe,POWER FORWARD,37,MIAMI HEAT,51,1,777,125,243,0,3,29,48,56,110,33,26,9,59,136,279
traylro01,Robert Traylor,POWER FORWARD,22,MILWAUKEE BUCKS,44,16,447,58,122,0,4,41,68,50,65,20,25,25,27,79,157
trentga01,Gary Trent,SMALL FORWARD,25,DALLAS MAVERICKS,11,11,301,70,142,0,2,11,21,20,32,22,8,3,25,28,151
turkcmi01,Mirsad Türkcan,POWER FORWARD,23,NEW YORK KNICKS,7,0,25,2,10,0,2,0,0,2,8,1,2,0,1,4,4
turkcmi01,Mirsad Türkcan,POWER FORWARD,23,MILWAUKEE BUCKS,10,0,65,12,28,0,4,5,8,11,12,4,1,1,7,10,29
turnewa01,Wayne Turner,POINT GUARD,23,BOSTON CELTICS,3,0,41,1,6,0,0,2,6,1,2,5,0,0,3,4,4
vanexni01,Nick Van Exel,POINT GUARD,28,DENVER NUGGETS,79,79,2950,473,1213,133,401,196,240,34,277,714,68,11,221,148,1275
vanhoke01,Keith Van Horn,POWER FORWARD,24,NEW JERSEY NETS,80,80,2782,559,1257,84,228,333,393,200,476,158,64,60,245,258,1535
vaughja01,Jacque Vaughn,POINT GUARD,24,UTAH JAZZ,78,0,884,109,262,14,34,57,76,11,54,121,32,0,77,92,289
vaughlo01,Loy Vaught,POWER FORWARD,31,DETROIT PISTONS,43,0,292,32,89,0,3,11,16,26,65,11,6,4,11,45,75
vinsofr01,Fred Vinson,SHOOTING GUARD,29,SEATTLE SUPERSONICS,8,0,40,5,17,2,7,1,2,0,1,0,3,0,4,2,13
walkean02,Antoine Walker,POWER FORWARD,23,BOSTON CELTICS,82,82,3003,648,1506,73,285,311,445,199,453,305,117,32,259,263,1680
walkesa01,Samaki Walker,POWER FORWARD,23,SAN ANTONIO SPURS,71,7,980,137,305,0,0,86,126,77,195,38,10,35,64,108,360
wallabe01,Ben Wallace,POWER FORWARD,25,ORLANDO MAGIC,81,81,1959,168,334,0,0,54,114,211,454,67,72,130,67,162,390
wallajo01,John Wallace,SMALL FORWARD,25,NEW YORK KNICKS,60,0,798,155,332,0,3,82,102,42,93,22,10,14,63,103,392
wallara01,Rasheed Wallace,POWER FORWARD,25,PORTLAND TRAIL BLAZERS,81,77,2845,542,1045,8,50,233,331,129,437,142,87,107,157,216,1325
waltere01,Rex Walters,POINT GUARD,29,MIAMI HEAT,33,0,389,38,91,5,20,12,16,8,28,65,6,0,29,44,93
wardch01,Charlie Ward,POINT GUARD,29,NEW YORK KNICKS,72,69,1986,189,447,102,264,48,58,22,206,300,95,16,102,176,528
weathcl01,Clarence Weatherspoon,POWER FORWARD,29,MIAMI HEAT,78,2,1615,215,419,0,0,135,183,128,321,93,51,49,100,165,565
webbech01,Chris Webber,POWER FORWARD,26,SACRAMENTO KINGS,75,75,2880,748,1548,27,95,311,414,189,598,345,120,128,218,264,1834
wellsbo01,Bonzi Wells,SMALL FORWARD,23,PORTLAND TRAIL BLAZERS,66,0,1162,236,480,20,53,88,129,78,104,97,69,12,97,153,580
wennibi01,Bill Wennington,CENTER,36,SACRAMENTO KINGS,7,0,57,6,19,0,0,2,2,5,14,1,2,2,1,13,14
wesleda01,David Wesley,POINT GUARD,29,CHARLOTTE HORNETS,82,82,2760,407,955,88,248,214,275,39,186,463,109,11,159,186,1116
westdo01,Doug West,SHOOTING GUARD,32,VANCOUVER GRIZZLIES,38,0,581,59,145,0,3,34,40,18,53,43,12,8,19,80,152
westma01,Mark West,CENTER,39,PHOENIX SUNS,22,2,127,5,12,0,0,5,8,6,25,2,2,4,6,23,15
whiteja01,Jahidi White,CENTER,23,WASHINGTON WIZARDS,80,59,1537,228,450,0,0,113,211,202,351,15,31,83,94,234,569
whitnch01,Chris Whitney,POINT GUARD,28,WASHINGTON WIZARDS,82,15,1627,217,521,96,255,112,132,20,114,313,55,5,107,166,642
williaa01,Aaron Williams,POWER FORWARD,28,WASHINGTON WIZARDS,81,0,1545,235,450,0,3,146,201,159,250,58,41,92,80,234,616
willial02,Alvin Williams,POINT GUARD,25,TORONTO RAPTORS,55,28,779,114,287,16,55,48,65,27,58,126,34,11,47,78,292
willier01,Eric Williams,SMALL FORWARD,27,BOSTON CELTICS,68,17,1378,165,386,25,72,134,169,55,101,93,44,16,66,165,489
willija02,Jason Williams,POINT GUARD,24,SACRAMENTO KINGS,81,81,2760,363,973,145,505,128,170,22,208,589,117,8,296,140,999
willije01,Jerome Williams,POWER FORWARD,26,DETROIT PISTONS,82,1,2102,257,456,0,3,175,284,277,512,68,95,21,105,196,689
willilo01,Lorenzo Williams,POWER FORWARD,30,WASHINGTON WIZARDS,8,0,76,7,9,0,0,0,0,12,13,1,3,6,3,13,14
willimo01,Monty Williams,SMALL FORWARD,28,ORLANDO MAGIC,75,23,1501,263,538,2,5,123,166,96,154,106,46,17,109,187,651
willisc01,Scott Williams,CENTER,31,MILWAUKEE BUCKS,68,46,1488,213,426,0,0,94,129,177,271,28,40,66,65,230,520
willish01,Shammond Williams,POINT GUARD,24,SEATTLE SUPERSONICS,43,5,517,84,225,24,81,33,51,12,40,78,18,0,40,39,225
williwa02,Walt Williams,SMALL FORWARD,29,HOUSTON ROCKETS,76,66,1859,312,681,102,261,101,123,69,237,157,49,44,113,190,827
willico02,Corliss Williamson,SMALL FORWARD,26,SACRAMENTO KINGS,76,76,1707,311,622,0,0,163,212,122,168,82,38,19,110,192,785
willike02,Kevin Willis,POWER FORWARD,37,TORONTO RAPTORS,79,1,1679,236,569,1,3,131,164,201,281,49,36,48,98,256,604
willode01,Dedric Willoughby,POINT GUARD,25,CHICAGO BULLS,25,1,508,61,179,29,98,39,51,11,40,66,23,2,37,32,190
wingada01,David Wingate,SHOOTING GUARD,36,NEW YORK KNICKS,7,0,32,1,9,0,0,0,0,1,1,3,1,2,2,7,2
workmha01,Haywoode Workman,POINT GUARD,34,MILWAUKEE BUCKS,23,1,248,23,62,11,29,9,13,1,16,44,11,0,14,23,66
workmha01,Haywoode Workman,POINT GUARD,34,TORONTO RAPTORS,13,1,102,8,28,3,14,1,2,0,9,17,9,0,4,14,20
artesro01,Metta World Peace,SMALL FORWARD,20,CHICAGO BULLS,72,63,2238,309,759,60,191,188,279,62,246,202,119,39,166,159,866
wrighlo02,Lorenzen Wright,CENTER,24,ATLANTA HAWKS,75,0,1205,180,361,1,3,87,135,117,188,21,29,40,66,203,448
youngti01,Tim Young,CENTER,23,GOLDEN STATE WARRIORS,25,0,137,13,39,0,0,28,36,13,22,5,2,1,9,18,54
