slug,name,positions,age,team,games_played,games_started,minutes_played,made_field_goals,attempted_field_goals,made_three_point_field_goals,attempted_three_point_field_goals,made_free_throws,attempted_free_throws,offensive_rebounds,defensive_rebounds,assists,steals,blocks,turnovers,personal_fouls,points
achiupr01,Precious Achiuwa,CENTER,23,TORONTO RAPTORS,55,12,1140,196,404,29,108,87,124,100,228,50,31,30,59,102,508
adamsst01,Steven Adams,CENTER,29,MEMPHIS GRIZZLIES,42,42,1133,157,263,0,1,47,129,214,271,97,36,46,79,98,361
adebaba01,Bam Adebayo,CENTER,25,MIAMI HEAT,75,75,2598,602,1114,1,12,324,402,184,504,240,88,61,187,208,1529
agbajoc01,Ochai Agbaji,SHOOTING GUARD,22,UTAH JAZZ,59,22,1209,165,386,81,228,56,69,43,78,67,16,15,41,99,467
aldamsa01,Santi Aldama,POWER FORWARD,22,MEMPHIS GRIZZLIES,77,20,1682,247,525,94,266,108,144,85,286,97,45,48,60,143,696
alexani01,Nickeil Alexander-Walker,SHOOTING GUARD,24,UTAH JAZZ,36,3,528,83,170,35,87,27,39,8,51,76,24,14,45,58,228
alexani01,Nickeil Alexander-Walker,SHOOTING GUARD,24,MINNESOTA TIMBERWOLVES,23,0,356,48,125,26,72,13,21,7,35,32,8,7,10,30,135
allengr01,Grayson Allen,SHOOTING GUARD,27,MILWAUKEE BUCKS,72,70,1972,245,557,146,366,114,126,61,176,163,62,14,72,117,750
allenja01,Jarrett Allen,CENTER,24,CLEVELAND CAVALIERS,68,68,2220,403,626,1,10,162,221,221,445,113,54,84,93,153,969
alvarjo01,Jose Alvarado,POINT GUARD,24,NEW ORLEANS PELICANS,61,10,1310,201,489,83,247,65,80,28,113,186,67,10,81,125,550
anderky01,Kyle Anderson,POWER FORWARD,29,MINNESOTA TIMBERWOLVES,69,46,1957,252,495,43,105,100,136,66,302,335,78,63,103,146,647
antetgi01,Giannis Antetokounmpo,POWER FORWARD,28,MILWAUKEE BUCKS,63,63,2024,707,1278,47,171,498,772,137,605,359,52,51,246,197,1959
antetth01,Thanasis Antetokounmpo,POWER FORWARD,30,MILWAUKEE BUCKS,37,0,206,20,46,0,8,11,22,15,29,15,3,3,12,22,51
anthoco01,Cole Anthony,POINT GUARD,22,ORLANDO MAGIC,60,4,1552,277,610,75,206,152,170,47,241,235,37,31,91,158,781
anunoog01,OG Anunoby,SMALL FORWARD,25,TORONTO RAPTORS,67,67,2386,421,885,142,367,140,167,95,237,131,128,50,132,200,1124
arcidry01,Ryan Arcidiacono,POINT GUARD,28,NEW YORK KNICKS,11,0,26,1,5,1,3,0,0,0,4,2,2,0,1,3,3
arcidry01,Ryan Arcidiacono,POINT GUARD,28,PORTLAND TRAIL BLAZERS,9,4,146,8,32,7,20,0,0,0,11,21,3,0,6,14,23
avdijde01,Deni Avdija,SMALL FORWARD,22,WASHINGTON WIZARDS,76,40,2020,253,579,69,232,122,165,74,413,211,65,29,123,209,697
aytonde01,Deandre Ayton,CENTER,24,PHOENIX SUNS,67,67,2035,522,887,7,24,152,200,172,495,115,37,53,120,190,1203
azubuud01,Udoka Azubuike,CENTER,23,UTAH JAZZ,36,4,359,59,72,0,0,7,20,31,88,11,6,15,18,34,125
baglema01,Marvin Bagley III,CENTER,23,DETROIT PISTONS,42,25,990,202,382,19,66,81,108,94,175,36,19,30,46,81,504
baldwpa01,Patrick Baldwin Jr.,SMALL FORWARD,20,GOLDEN STATE WARRIORS,31,0,226,43,109,32,84,4,6,1,39,11,6,4,11,14,122
ballla01,LaMelo Ball,POINT GUARD,21,CHARLOTTE HORNETS,36,36,1268,296,721,144,383,102,122,42,189,304,46,11,129,118,838
bambamo01,Mo Bamba,CENTER,24,ORLANDO MAGIC,40,6,681,106,214,43,108,35,51,47,137,42,12,38,22,86,290
bambamo01,Mo Bamba,CENTER,24,LOS ANGELES LAKERS,9,1,88,11,27,5,16,6,11,11,30,4,1,5,8,19,33
banchpa01,Paolo Banchero,POWER FORWARD,20,ORLANDO MAGIC,72,72,2430,479,1122,85,285,394,534,84,413,269,60,39,200,160,1437
banede01,Desmond Bane,SHOOTING GUARD,24,MEMPHIS GRIZZLIES,58,58,1841,450,939,166,407,181,205,43,248,254,56,22,126,150,1247
bantoda01,Dalano Banton,POINT GUARD,23,TORONTO RAPTORS,31,2,279,55,130,15,51,17,24,11,34,36,13,13,18,34,142
barlodo01,Dominick Barlow,POWER FORWARD,19,SAN ANTONIO SPURS,28,0,408,46,86,0,4,18,25,46,56,24,10,19,15,56,110
barneha02,Harrison Barnes,POWER FORWARD,30,SACRAMENTO KINGS,82,82,2662,374,791,132,353,350,413,87,279,128,57,10,86,103,1230
barnesc01,Scottie Barnes,SMALL FORWARD,21,TORONTO RAPTORS,77,76,2678,463,1016,63,224,190,246,179,333,371,83,61,154,170,1179
barrerj01,RJ Barrett,SHOOTING GUARD,22,NEW YORK KNICKS,73,73,2475,510,1176,121,390,290,392,60,308,201,31,15,164,179,1431
bartowi01,Will Barton,SHOOTING GUARD,32,WASHINGTON WIZARDS,40,0,782,110,285,52,138,35,45,10,101,95,17,10,45,39,307
bartowi01,Will Barton,SHOOTING GUARD,32,TORONTO RAPTORS,16,2,211,28,79,14,42,2,2,5,21,17,11,3,3,17,72
bassech01,Charles Bassey,CENTER,22,SAN ANTONIO SPURS,35,2,508,87,135,3,8,22,37,75,118,47,16,33,41,74,199
bateske01,Keita Bates-Diop,POWER FORWARD,27,SAN ANTONIO SPURS,67,42,1452,236,465,56,142,119,150,65,183,103,46,20,56,63,647
batumni01,Nicolas Batum,POWER FORWARD,34,LOS ANGELES CLIPPERS,78,19,1709,160,381,124,317,34,48,62,237,121,54,44,50,149,478
bazleda01,Darius Bazley,CENTER,22,OKLAHOMA CITY THUNDER,36,1,555,71,158,18,45,36,65,29,93,32,19,29,22,35,196
bazleda01,Darius Bazley,CENTER,22,PHOENIX SUNS,7,0,61,12,25,2,8,2,5,5,11,6,3,5,5,9,28
bealbr01,Bradley Beal,SHOOTING GUARD,29,WASHINGTON WIZARDS,50,50,1673,444,878,80,219,192,228,41,155,271,45,33,145,107,1160
beaslma01,Malik Beasley,SHOOTING GUARD,26,UTAH JAZZ,55,13,1472,265,669,169,471,37,44,27,170,93,44,8,60,75,736
beaslma01,Malik Beasley,SHOOTING GUARD,26,LOS ANGELES LAKERS,26,14,621,105,268,66,187,13,21,8,78,31,21,1,30,32,289
beaucma01,MarJon Beauchamp,SMALL FORWARD,22,MILWAUKEE BUCKS,52,11,701,96,243,47,142,27,37,38,77,35,21,7,45,71,266
bertada01,Dāvis Bertāns,POWER FORWARD,30,DALLAS MAVERICKS,45,1,492,69,160,55,141,13,15,10,43,21,11,8,10,53,206
beverpa01,Patrick Beverley,SHOOTING GUARD,34,LOS ANGELES LAKERS,45,45,1211,97,241,55,158,39,50,24,116,118,40,25,42,124,288
beverpa01,Patrick Beverley,POINT GUARD,34,CHICAGO BULLS,22,22,605,47,119,25,81,8,15,20,87,76,23,16,18,63,127
beysa01,Saddiq Bey,SMALL FORWARD,23,DETROIT PISTONS,52,30,1500,245,606,101,293,180,209,59,183,84,50,12,54,86,771
beysa01,Saddiq Bey,SMALL FORWARD,23,ATLANTA HAWKS,25,7,629,108,230,50,125,25,29,39,81,34,20,1,17,37,291
birchkh01,Khem Birch,CENTER,30,TORONTO RAPTORS,20,0,162,19,32,1,2,4,5,8,17,7,5,5,8,24,43
bitadgo01,Goga Bitadze,CENTER,23,INDIANA PACERS,21,0,202,27,52,4,14,11,24,25,24,18,9,10,12,34,69
bitadgo01,Goga Bitadze,CENTER,23,ORLANDO MAGIC,17,1,255,42,73,2,12,12,18,36,52,21,7,16,10,30,98
biyombi01,Bismack Biyombo,CENTER,30,PHOENIX SUNS,61,14,874,119,206,0,0,25,70,89,171,56,18,88,51,114,263
boehebu01,Buddy Boeheim,SMALL FORWARD,23,DETROIT PISTONS,10,0,90,5,27,4,25,2,2,2,4,4,2,0,0,6,16
bogdabo01,Bogdan Bogdanović,SHOOTING GUARD,30,ATLANTA HAWKS,54,9,1508,273,611,146,360,64,77,23,142,150,43,18,65,86,756
bogdabo02,Bojan Bogdanović,POWER FORWARD,33,DETROIT PISTONS,59,59,1893,430,882,145,353,268,303,36,187,152,34,8,135,113,1273
bolbo01,Bol Bol,POWER FORWARD,23,ORLANDO MAGIC,70,33,1505,261,478,30,113,82,108,69,336,69,30,85,112,92,634
bolmale01,Leandro Bolmaro,SMALL FORWARD,22,UTAH JAZZ,14,0,68,3,20,0,4,0,0,4,3,7,3,1,7,10,6
bookede01,Devin Booker,SHOOTING GUARD,26,PHOENIX SUNS,53,53,1835,527,1067,111,316,306,358,46,194,293,51,18,145,159,1471
bostobr01,Brandon Boston Jr.,SMALL FORWARD,21,LOS ANGELES CLIPPERS,22,1,248,51,122,12,29,29,38,7,23,20,9,0,12,21,143
bouchch01,Chris Boucher,POWER FORWARD,30,TORONTO RAPTORS,76,0,1523,261,529,62,189,128,168,157,264,29,47,64,41,143,712
bouknja01,James Bouknight,SHOOTING GUARD,22,CHARLOTTE HORNETS,34,0,515,69,193,33,109,20,30,8,64,41,14,5,32,49,191
bouyeja01,Jamaree Bouyea,POINT GUARD,23,MIAMI HEAT,4,0,65,6,13,2,5,1,2,1,4,4,4,2,4,5,15
bouyeja01,Jamaree Bouyea,POINT GUARD,23,WASHINGTON WIZARDS,1,0,6,0,1,0,1,0,0,0,1,0,0,0,0,1,0
bradlto01,Tony Bradley,CENTER,25,CHICAGO BULLS,12,0,33,6,12,3,5,4,4,1,10,1,1,1,1,2,19
branhma01,Malaki Branham,SHOOTING GUARD,19,SAN ANTONIO SPURS,66,32,1550,269,611,77,255,58,70,28,153,127,33,7,76,115,673
brantja01,Jarrell Brantley,POWER FORWARD,26,UTAH JAZZ,4,0,39,8,14,4,9,2,2,1,5,3,0,2,2,3,22
braunch01,Christian Braun,SHOOTING GUARD,21,DENVER NUGGETS,76,6,1181,143,289,34,96,40,64,48,133,59,41,17,35,101,360
bridgmi01,Mikal Bridges,SMALL FORWARD,26,PHOENIX SUNS,56,56,2040,354,764,101,261,156,174,56,187,201,65,45,78,115,965
bridgmi01,Mikal Bridges,SHOOTING GUARD,26,BROOKLYN NETS,27,27,923,239,503,68,181,160,179,23,98,72,26,16,49,44,706
brissos01,Oshae Brissett,POWER FORWARD,24,INDIANA PACERS,65,2,1083,123,319,48,155,104,145,62,156,44,33,13,34,79,398
brogdma01,Malcolm Brogdon,POINT GUARD,30,BOSTON CELTICS,67,0,1744,354,732,132,297,160,184,42,238,248,45,18,98,109,1000
brookdi01,Dillon Brooks,SMALL FORWARD,27,MEMPHIS GRIZZLIES,73,73,2214,392,991,143,439,120,154,45,199,189,65,16,104,240,1047
brownbr01,Bruce Brown,SMALL FORWARD,26,DENVER NUGGETS,80,31,2280,358,741,91,254,116,153,63,265,268,87,51,123,190,923
browngr01,Greg Brown III,POWER FORWARD,21,PORTLAND TRAIL BLAZERS,16,0,93,11,28,1,7,5,12,2,17,3,4,5,6,13,28
brownja02,Jaylen Brown,SMALL FORWARD,26,BOSTON CELTICS,67,67,2405,679,1383,163,487,263,344,78,381,232,75,26,197,172,1784
brownke03,Kendall Brown,SHOOTING GUARD,19,INDIANA PACERS,6,0,40,4,7,0,1,1,2,2,4,3,4,0,2,9,9
brownmo01,Moses Brown,CENTER,23,LOS ANGELES CLIPPERS,34,1,288,61,96,0,0,33,72,57,82,4,3,14,14,38,155
brownmo01,Moses Brown,CENTER,23,BROOKLYN NETS,2,0,6,0,0,0,0,0,0,0,0,0,1,0,1,1,0
brownst02,Sterling Brown,SMALL FORWARD,27,LOS ANGELES LAKERS,4,0,24,0,4,0,2,0,0,3,5,2,3,0,0,4,0
browntr01,Troy Brown Jr.,SMALL FORWARD,23,LOS ANGELES LAKERS,76,45,1860,200,465,107,281,34,39,62,246,95,59,16,49,120,541
brunsja01,Jalen Brunson,POINT GUARD,26,NEW YORK KNICKS,68,68,2379,587,1195,134,322,325,392,40,201,421,61,15,142,152,1633
bryanth01,Thomas Bryant,CENTER,25,LOS ANGELES LAKERS,41,25,876,197,301,22,50,80,108,67,212,29,14,23,28,77,496
bryanth01,Thomas Bryant,CENTER,25,DENVER NUGGETS,18,1,205,33,68,4,9,13,18,19,41,2,2,7,10,25,83
bullore01,Reggie Bullock,SMALL FORWARD,31,DALLAS MAVERICKS,78,55,2364,192,470,151,397,26,37,32,251,108,54,13,36,166,561
burksal01,Alec Burks,SHOOTING GUARD,31,DETROIT PISTONS,51,8,1122,200,459,99,239,153,188,19,139,114,38,8,58,98,652
burtode02,Deonte Burton,POWER FORWARD,29,SACRAMENTO KINGS,2,0,6,0,2,0,1,0,0,0,0,0,0,0,0,0,0
butleja02,Jared Butler,POINT GUARD,22,OKLAHOMA CITY THUNDER,6,1,77,15,32,7,14,0,0,1,3,8,5,0,5,5,37
butleji01,Jimmy Butler,POWER FORWARD,33,MIAMI HEAT,64,64,2138,479,888,36,103,472,555,141,234,340,117,21,101,80,1466
butlejo01,John Butler,CENTER,20,PORTLAND TRAIL BLAZERS,19,1,221,17,53,8,35,3,4,3,14,11,7,9,1,22,45
cainja01,Jamal Cain,POWER FORWARD,23,MIAMI HEAT,18,0,240,37,66,7,20,17,22,15,37,12,11,1,6,21,98
caldwke01,Kentavious Caldwell-Pope,SHOOTING GUARD,29,DENVER NUGGETS,76,76,2381,292,632,135,319,103,125,35,173,183,112,35,86,145,822
campafa01,Facundo Campazzo,POINT GUARD,31,DALLAS MAVERICKS,8,0,52,3,13,3,11,1,2,0,2,9,6,0,3,3,10
cancavl01,Vlatko Čančar,POWER FORWARD,25,DENVER NUGGETS,60,9,889,108,227,43,115,38,41,24,104,80,22,14,37,84,297
capelca01,Clint Capela,CENTER,28,ATLANTA HAWKS,65,63,1730,350,536,0,1,79,131,258,459,58,45,79,54,139,779
careyve01,Vernon Carey Jr.,CENTER,21,WASHINGTON WIZARDS,11,0,28,2,8,0,0,2,2,3,8,3,2,2,2,5,6
carteje01,Jevon Carter,POINT GUARD,27,MILWAUKEE BUCKS,81,39,1810,239,565,142,337,31,38,35,167,197,66,29,78,158,651
cartewe01,Wendell Carter Jr.,CENTER,23,ORLANDO MAGIC,57,54,1690,322,613,80,225,144,195,120,377,132,30,33,106,159,868
cartemi01,Michael Carter-Williams,POINT GUARD,31,ORLANDO MAGIC,4,0,44,6,14,1,3,4,7,1,4,7,1,1,4,5,17
carusal01,Alex Caruso,POINT GUARD,28,CHICAGO BULLS,67,36,1575,130,286,55,151,59,73,42,154,193,98,46,77,159,374
champju02,Julian Champagnie,SMALL FORWARD,21,PHILADELPHIA 76ERS,2,0,7,0,2,0,1,0,0,0,0,0,1,0,0,0,0
champju02,Julian Champagnie,SMALL FORWARD,21,SAN ANTONIO SPURS,15,3,313,59,128,33,81,14,17,10,50,10,5,5,11,26,165
champju01,Justin Champagnie,SMALL FORWARD,21,TORONTO RAPTORS,3,0,11,3,3,0,0,0,0,1,3,1,0,0,0,1,6
champju01,Justin Champagnie,SMALL FORWARD,21,BOSTON CELTICS,2,0,23,2,12,1,5,0,0,2,2,3,1,0,0,1,5
chandke01,Kennedy Chandler,POINT GUARD,20,MEMPHIS GRIZZLIES,36,0,281,35,83,2,15,6,13,9,29,58,12,5,18,15,78
chrisma02,Max Christie,SHOOTING GUARD,19,LOS ANGELES LAKERS,41,3,512,44,106,26,62,14,16,7,68,21,9,7,13,33,128
chrisjo01,Josh Christopher,SHOOTING GUARD,21,HOUSTON ROCKETS,64,2,786,153,329,21,89,45,60,20,51,73,33,15,60,59,372
clarkbr01,Brandon Clarke,POWER FORWARD,26,MEMPHIS GRIZZLIES,56,8,1090,229,349,1,6,99,137,92,218,72,34,37,55,131,558
clarkjo01,Jordan Clarkson,SHOOTING GUARD,30,UTAH JAZZ,61,61,1988,458,1031,155,459,200,245,72,174,270,33,13,186,120,1271
claxtni01,Nic Claxton,CENTER,23,BROOKLYN NETS,76,76,2271,414,587,0,2,133,246,184,518,144,65,189,96,212,961
coffeam01,Amir Coffey,SMALL FORWARD,25,LOS ANGELES CLIPPERS,50,9,625,56,145,11,40,49,63,17,36,53,7,5,21,50,172
collijo01,John Collins,POWER FORWARD,25,ATLANTA HAWKS,71,71,2130,359,707,70,240,143,178,77,385,85,42,73,79,220,931
colliza01,Zach Collins,CENTER,25,SAN ANTONIO SPURS,63,26,1441,284,548,55,147,108,142,116,286,180,37,49,129,199,731
comanch01,Chance Comanche,CENTER,26,PORTLAND TRAIL BLAZERS,1,0,21,3,5,0,0,1,4,2,1,0,0,1,0,0,7
conlemi01,Mike Conley,POINT GUARD,35,UTAH JAZZ,43,42,1276,153,375,77,213,78,96,17,90,330,44,10,74,94,461
conlemi01,Mike Conley,POINT GUARD,35,MINNESOTA TIMBERWOLVES,24,24,753,108,235,58,138,63,73,16,59,120,29,4,29,45,337
connapa01,Pat Connaughton,SMALL FORWARD,30,MILWAUKEE BUCKS,61,33,1443,165,421,109,322,27,41,50,233,77,37,11,33,69,466
cooksxa01,Xavier Cooks,POWER FORWARD,27,WASHINGTON WIZARDS,10,1,126,17,28,0,1,4,10,16,22,6,6,4,8,13,38
covinro01,Robert Covington,POWER FORWARD,32,LOS ANGELES CLIPPERS,48,0,779,102,229,54,136,30,40,31,135,57,38,33,32,86,288
craigto01,Torrey Craig,POWER FORWARD,32,PHOENIX SUNS,79,60,1948,228,500,100,253,32,45,145,281,117,50,62,73,179,588
crowdja01,Jae Crowder,POWER FORWARD,32,MILWAUKEE BUCKS,18,3,340,45,94,24,55,10,12,17,52,27,12,6,7,27,124
culveja01,Jarrett Culver,SMALL FORWARD,23,ATLANTA HAWKS,10,1,137,17,43,1,12,9,13,10,28,6,6,2,7,14,44
cunnica01,Cade Cunningham,POINT GUARD,21,DETROIT PISTONS,12,12,400,93,224,17,61,36,43,12,62,72,10,7,39,34,239
curryse01,Seth Curry,SHOOTING GUARD,32,BROOKLYN NETS,61,7,1211,208,449,94,232,51,55,13,87,99,36,7,51,96,561
curryst01,Stephen Curry,POINT GUARD,34,GOLDEN STATE WARRIORS,56,56,1941,559,1133,273,639,257,281,39,302,352,52,20,179,117,1648
daniedy01,Dyson Daniels,POINT GUARD,19,NEW ORLEANS PELICANS,59,11,1042,87,208,27,86,26,40,36,152,134,43,11,57,99,227
davisan02,Anthony Davis,CENTER,29,LOS ANGELES LAKERS,56,54,1904,542,962,19,74,348,444,195,507,148,59,114,122,146,1451
davisjo06,Johnny Davis,SHOOTING GUARD,20,WASHINGTON WIZARDS,28,5,423,66,171,17,70,14,27,10,55,28,10,8,17,48,163
daviste02,Terence Davis,SHOOTING GUARD,25,SACRAMENTO KINGS,64,5,841,154,364,89,243,34,43,20,119,67,43,12,53,104,431
davisjd01,JD Davison,SHOOTING GUARD,20,BOSTON CELTICS,12,0,66,8,19,2,7,1,2,2,7,11,2,2,4,5,19
daysda01,Darius Days,SMALL FORWARD,23,HOUSTON ROCKETS,4,0,25,5,12,3,10,2,2,1,5,1,0,1,0,2,15
dedmode01,Dewayne Dedmon,CENTER,33,MIAMI HEAT,30,0,350,64,129,11,37,32,44,28,81,16,7,14,19,61,171
dedmode01,Dewayne Dedmon,CENTER,33,PHILADELPHIA 76ERS,8,1,76,13,22,1,2,1,5,6,19,10,2,5,6,14,28
dellama01,Matthew Dellavedova,POINT GUARD,32,SACRAMENTO KINGS,32,0,213,17,50,9,27,4,7,1,12,41,7,0,10,20,47
derozde01,DeMar DeRozan,SMALL FORWARD,33,CHICAGO BULLS,74,74,2682,657,1303,46,142,456,523,34,309,377,83,36,153,186,1816
diabamo01,Moussa Diabaté,CENTER,21,LOS ANGELES CLIPPERS,22,1,195,24,47,1,2,10,16,31,19,4,7,8,9,15,59
diakima01,Mamadi Diakite,CENTER,26,CLEVELAND CAVALIERS,22,2,176,24,50,7,21,2,2,8,22,8,4,9,12,26,57
diallha01,Hamidou Diallo,SMALL FORWARD,24,DETROIT PISTONS,56,0,996,215,375,5,21,87,148,57,137,55,53,16,71,124,522
dienggo01,Gorgui Dieng,CENTER,33,SAN ANTONIO SPURS,31,1,358,45,117,21,75,10,13,27,80,53,4,14,32,57,121
diengou01,Ousmane Dieng,POWER FORWARD,19,OKLAHOMA CITY THUNDER,39,1,569,76,181,26,98,15,23,19,86,46,14,7,26,42,193
dinwisp01,Spencer Dinwiddie,SHOOTING GUARD,29,DALLAS MAVERICKS,53,53,1808,316,694,138,341,170,207,19,144,279,39,16,90,124,940
dinwisp01,Spencer Dinwiddie,POINT GUARD,29,BROOKLYN NETS,26,26,917,144,356,43,149,98,123,9,98,236,28,8,55,63,429
divindo01,Donte DiVincenzo,SHOOTING GUARD,26,GOLDEN STATE WARRIORS,72,36,1894,235,540,150,378,58,71,80,245,252,97,10,112,133,678
doncilu01,Luka Dončić,POINT GUARD,23,DALLAS MAVERICKS,66,66,2391,719,1449,185,541,515,694,54,515,529,90,33,236,166,2138
dorsety01,Tyler Dorsey,SMALL FORWARD,26,DALLAS MAVERICKS,3,0,8,4,5,1,2,0,0,1,1,0,0,0,0,0,9
dortlu01,Luguentz Dort,SMALL FORWARD,23,OKLAHOMA CITY THUNDER,74,73,2272,339,873,135,409,200,259,128,216,154,75,23,92,243,1013
dosunay01,Ayo Dosunmu,SHOOTING GUARD,23,CHICAGO BULLS,80,51,2098,281,570,59,189,66,82,45,175,206,62,26,99,182,687
dotsode01,Devon Dotson,POINT GUARD,23,WASHINGTON WIZARDS,6,0,53,1,10,1,4,0,0,6,4,8,5,0,3,9,3
dowtije01,Jeff Dowtin,POINT GUARD,25,TORONTO RAPTORS,25,0,259,25,57,5,16,6,9,6,17,31,9,3,5,13,61
doziepj01,PJ Dozier,SMALL FORWARD,26,SACRAMENTO KINGS,16,0,79,10,33,2,16,0,0,1,13,10,6,1,5,7,22
dragigo01,Goran Dragić,POINT GUARD,36,CHICAGO BULLS,51,0,787,127,299,45,128,27,41,13,56,139,11,4,56,63,326
dragigo01,Goran Dragić,POINT GUARD,36,MILWAUKEE BUCKS,7,0,83,14,36,7,17,4,4,3,9,12,2,0,7,2,39
drumman01,Andre Drummond,CENTER,29,CHICAGO BULLS,67,0,849,166,274,0,3,67,125,138,306,33,45,27,75,117,399
duartch01,Chris Duarte,SMALL FORWARD,25,INDIANA PACERS,46,12,897,123,333,55,174,61,72,19,96,64,25,9,41,65,362
dukeda01,David Duke Jr.,SHOOTING GUARD,23,BROOKLYN NETS,23,0,228,36,78,1,12,12,17,11,18,21,10,1,18,31,85
dunnkr01,Kris Dunn,POINT GUARD,28,UTAH JAZZ,22,3,568,116,216,17,36,41,53,9,91,124,25,10,35,58,290
duranke01,Kevin Durant,POWER FORWARD,34,BROOKLYN NETS,39,39,1403,410,734,71,189,267,286,14,248,207,32,57,136,92,1158
duranke01,Kevin Durant,POWER FORWARD,34,PHOENIX SUNS,8,8,269,73,128,22,41,40,48,3,48,28,2,10,20,7,208
durenja01,Jalen Duren,CENTER,19,DETROIT PISTONS,67,31,1670,258,398,0,2,96,157,229,366,75,44,59,92,182,612
easonta01,Tari Eason,POWER FORWARD,21,HOUSTON ROCKETS,82,5,1767,296,660,59,172,109,145,195,301,88,96,47,101,189,760
edwaran01,Anthony Edwards,SHOOTING GUARD,21,MINNESOTA TIMBERWOLVES,79,79,2842,707,1541,213,578,319,422,47,411,350,125,58,259,186,1946
edwarke02,Kessler Edwards,SMALL FORWARD,22,BROOKLYN NETS,14,1,79,6,24,2,12,1,2,6,8,2,3,1,4,3,15
edwarke02,Kessler Edwards,SMALL FORWARD,22,SACRAMENTO KINGS,22,3,306,30,69,15,43,10,13,17,30,21,11,5,9,37,85
elliske01,Keon Ellis,SHOOTING GUARD,23,SACRAMENTO KINGS,16,0,71,7,16,6,12,4,7,4,4,6,5,1,1,10,24
embiijo01,Joel Embiid,CENTER,28,PHILADELPHIA 76ERS,66,66,2284,728,1328,66,200,661,771,113,557,274,66,112,226,205,2183
eubandr01,Drew Eubanks,CENTER,25,PORTLAND TRAIL BLAZERS,78,28,1584,214,334,7,18,83,125,132,286,103,40,102,67,169,518
fernabr01,Bruno Fernando,CENTER,24,HOUSTON ROCKETS,31,4,364,48,93,0,1,30,44,48,74,30,6,31,20,68,126
fernabr01,Bruno Fernando,CENTER,24,ATLANTA HAWKS,8,0,41,11,19,0,3,5,6,6,9,1,0,3,5,6,27
finnedo01,Dorian Finney-Smith,POWER FORWARD,29,DALLAS MAVERICKS,40,40,1288,129,310,77,217,30,40,67,121,59,38,20,36,80,365
finnedo01,Dorian Finney-Smith,POWER FORWARD,29,BROOKLYN NETS,26,26,721,67,191,37,121,15,19,47,81,41,17,16,26,64,186
flynnma01,Malachi Flynn,POINT GUARD,24,TORONTO RAPTORS,53,2,691,87,242,47,133,25,33,15,61,70,21,4,25,65,246
fontesi01,Simone Fontecchio,SMALL FORWARD,27,UTAH JAZZ,52,6,766,115,312,63,191,35,44,31,55,42,15,8,39,62,328
forbebr01,Bryn Forbes,SHOOTING GUARD,29,MINNESOTA TIMBERWOLVES,25,0,268,30,83,14,46,15,15,4,11,17,7,2,12,22,89
forretr01,Trent Forrest,SHOOTING GUARD,24,ATLANTA HAWKS,23,3,277,25,60,0,2,2,3,5,32,38,7,2,15,17,52
fostemi02,Michael Foster Jr.,POWER FORWARD,20,PHILADELPHIA 76ERS,1,0,1,0,0,0,0,0,0,0,0,0,0,0,0,0,0
fournev01,Evan Fournier,SHOOTING GUARD,30,NEW YORK KNICKS,27,7,459,56,166,35,114,18,21,4,45,36,16,3,22,46,165
foxde01,De'Aaron Fox,POINT GUARD,25,SACRAMENTO KINGS,73,73,2435,682,1331,119,367,343,440,40,266,447,83,23,181,172,1826
fultzma01,Markelle Fultz,POINT GUARD,24,ORLANDO MAGIC,60,60,1778,349,679,27,87,112,143,69,165,341,87,26,139,131,837
gabriwe01,Wenyen Gabriel,CENTER,25,LOS ANGELES LAKERS,68,2,1024,155,260,10,36,52,84,116,170,36,26,35,46,144,372
gaffoda01,Daniel Gafford,CENTER,24,WASHINGTON WIZARDS,78,47,1604,289,395,0,0,127,187,163,270,84,33,99,85,187,705
garlada01,Darius Garland,POINT GUARD,23,CLEVELAND CAVALIERS,69,69,2447,522,1129,169,412,277,321,28,157,538,85,9,199,148,1490
garubus01,Usman Garuba,CENTER,20,HOUSTON ROCKETS,75,1,970,86,177,24,59,29,47,120,187,64,44,29,47,135,225
garzalu01,Luka Garza,CENTER,24,MINNESOTA TIMBERWOLVES,28,0,243,63,116,14,39,41,52,33,30,18,3,2,14,43,181
gayru01,Rudy Gay,POWER FORWARD,36,UTAH JAZZ,56,0,816,109,287,33,130,42,49,33,130,57,19,18,37,68,293
georgpa01,Paul George,SMALL FORWARD,32,LOS ANGELES CLIPPERS,56,56,1939,459,1004,158,426,256,294,45,297,288,83,20,176,159,1332
gibsota01,Taj Gibson,CENTER,37,WASHINGTON WIZARDS,49,2,480,65,125,8,24,30,42,32,61,34,15,12,26,84,168
giddejo01,Josh Giddey,POWER FORWARD,20,OKLAHOMA CITY THUNDER,76,76,2367,539,1118,76,234,106,145,148,451,469,57,31,211,143,1260
gilgesh01,Shai Gilgeous-Alexander,POINT GUARD,24,OKLAHOMA CITY THUNDER,68,68,2416,704,1381,58,168,669,739,59,270,371,112,65,192,192,2135
gillan01,Anthony Gill,POWER FORWARD,30,WASHINGTON WIZARDS,59,8,624,71,132,4,29,49,67,37,62,34,7,12,15,70,195
gilyaja01,Jacob Gilyard,POINT GUARD,24,MEMPHIS GRIZZLIES,1,0,41,1,3,1,3,0,0,0,4,7,3,0,2,3,3
goberru01,Rudy Gobert,CENTER,30,MINNESOTA TIMBERWOLVES,70,70,2148,360,546,0,3,219,340,231,583,87,56,95,122,210,939
goodwjo01,Jordan Goodwin,POINT GUARD,24,WASHINGTON WIZARDS,62,7,1106,158,353,38,118,53,69,57,148,168,58,26,57,95,407
gordoaa01,Aaron Gordon,POWER FORWARD,27,DENVER NUGGETS,68,68,2055,429,761,60,173,191,314,164,282,203,54,51,98,129,1109
gordoer01,Eric Gordon,SHOOTING GUARD,34,HOUSTON ROCKETS,47,47,1418,210,478,85,245,110,135,12,85,136,30,17,83,45,615
gordoer01,Eric Gordon,SHOOTING GUARD,34,LOS ANGELES CLIPPERS,22,11,547,81,175,47,111,32,38,4,33,47,13,8,21,33,241
grahade01,Devonte' Graham,POINT GUARD,27,NEW ORLEANS PELICANS,53,0,811,85,231,66,190,44,59,12,60,116,30,10,27,48,280
grahade01,Devonte' Graham,POINT GUARD,27,SAN ANTONIO SPURS,20,8,527,76,200,53,148,54,72,7,43,80,15,6,26,31,259
grantje01,Jerami Grant,POWER FORWARD,28,PORTLAND TRAIL BLAZERS,63,63,2246,434,913,144,359,278,342,53,230,150,51,53,116,152,1290
grayra01,RaiQuan Gray,POWER FORWARD,23,BROOKLYN NETS,1,0,35,6,12,2,5,2,2,3,6,7,0,1,4,5,16
greenaj01,A.J. Green,SHOOTING GUARD,23,MILWAUKEE BUCKS,35,1,345,53,125,44,105,4,4,6,39,22,6,0,9,31,154
greenda02,Danny Green,SHOOTING GUARD,35,MEMPHIS GRIZZLIES,3,0,43,3,11,3,8,0,0,1,3,2,1,0,3,6,9
greenda02,Danny Green,SHOOTING GUARD,35,CLEVELAND CAVALIERS,8,0,95,19,38,13,29,1,1,2,8,4,5,3,7,10,52
greendr01,Draymond Green,POWER FORWARD,32,GOLDEN STATE WARRIORS,73,73,2297,250,474,40,131,77,108,66,459,500,74,60,204,229,617
greenja05,Jalen Green,SHOOTING GUARD,20,HOUSTON ROCKETS,76,76,2602,566,1359,187,554,364,463,43,241,281,59,18,200,131,1683
greenja01,JaMychal Green,POWER FORWARD,32,GOLDEN STATE WARRIORS,57,1,797,136,252,42,111,52,67,72,133,51,25,23,52,105,366
greenja02,Javonte Green,SMALL FORWARD,29,CHICAGO BULLS,32,1,480,61,108,13,35,30,45,27,61,23,24,21,20,52,165
greenje02,Jeff Green,POWER FORWARD,36,DENVER NUGGETS,56,4,1091,160,328,30,104,87,117,38,106,69,18,17,46,99,437
greenjo02,Josh Green,SHOOTING GUARD,22,DALLAS MAVERICKS,60,21,1539,205,382,68,169,68,94,55,127,103,42,5,72,156,546
griffaj01,AJ Griffin,SMALL FORWARD,19,ATLANTA HAWKS,72,12,1401,248,533,101,259,42,47,37,116,73,42,12,42,87,639
griffbl01,Blake Griffin,CENTER,33,BOSTON CELTICS,41,16,569,63,130,23,66,21,32,47,108,61,14,9,22,75,170
grimequ01,Quentin Grimes,SHOOTING GUARD,22,NEW YORK KNICKS,71,66,2121,282,602,157,407,78,98,49,180,150,47,26,69,177,799
hachiru01,Rui Hachimura,POWER FORWARD,24,WASHINGTON WIZARDS,30,0,728,158,324,30,89,44,58,19,109,35,11,12,36,39,390
hachiru01,Rui Hachimura,POWER FORWARD,24,LOS ANGELES LAKERS,33,9,738,126,260,21,71,44,61,34,121,23,8,14,17,33,317
halibty01,Tyrese Haliburton,POINT GUARD,22,INDIANA PACERS,56,56,1883,412,841,161,402,175,201,33,172,585,91,25,141,69,1160
halljo02,Jordan Hall,SMALL FORWARD,21,SAN ANTONIO SPURS,9,0,83,9,28,3,15,7,9,3,9,11,1,0,7,6,28
hamptrj01,R.J. Hampton,SHOOTING GUARD,21,ORLANDO MAGIC,26,0,361,50,114,18,53,31,37,9,30,34,16,4,21,22,149
hamptrj01,R.J. Hampton,SHOOTING GUARD,21,DETROIT PISTONS,21,3,389,52,123,23,63,26,39,9,39,20,11,5,21,29,153
hardati02,Tim Hardaway Jr.,SMALL FORWARD,30,DALLAS MAVERICKS,71,45,2152,340,847,212,550,127,165,21,230,129,49,12,60,120,1019
hardeja01,James Harden,POINT GUARD,33,PHILADELPHIA 76ERS,58,58,2135,371,842,161,418,313,361,40,314,618,71,31,195,112,1216
hardyja02,Jaden Hardy,SHOOTING GUARD,20,DALLAS MAVERICKS,48,5,708,146,333,63,156,65,79,11,78,65,17,7,46,64,420
harpero02,Ron Harper Jr.,POWER FORWARD,22,TORONTO RAPTORS,9,0,48,8,16,3,9,1,1,3,4,4,0,1,0,3,20
harremo01,Montrezl Harrell,CENTER,29,PHILADELPHIA 76ERS,57,7,681,125,209,0,6,70,101,67,92,33,17,25,35,75,320
harriga01,Gary Harris,SHOOTING GUARD,28,ORLANDO MAGIC,48,42,1184,138,307,94,218,27,30,21,77,59,45,12,28,93,397
harrijo01,Joe Harris,SMALL FORWARD,31,BROOKLYN NETS,74,33,1527,201,440,142,333,18,28,23,141,101,34,13,41,140,562
harrike01,Kevon Harris,SHOOTING GUARD,25,ORLANDO MAGIC,34,0,457,47,107,16,43,31,41,28,42,16,17,5,21,53,141
harrito02,Tobias Harris,SMALL FORWARD,30,PHILADELPHIA 76ERS,74,74,2436,423,845,126,324,113,129,67,357,186,68,40,89,149,1085
harrish01,Shaquille Harrison,SHOOTING GUARD,29,PORTLAND TRAIL BLAZERS,5,0,120,15,36,3,10,11,15,1,21,30,11,2,6,12,44
hartjo01,Josh Hart,SMALL FORWARD,27,PORTLAND TRAIL BLAZERS,51,51,1704,183,363,34,112,87,119,95,322,200,54,9,79,133,487
hartjo01,Josh Hart,SMALL FORWARD,27,NEW YORK KNICKS,25,1,750,92,157,27,52,45,57,47,129,90,34,12,38,62,256
harteis01,Isaiah Hartenstein,CENTER,24,NEW YORK KNICKS,82,8,1626,175,327,8,37,48,71,209,327,102,53,64,66,213,406
hasleud01,Udonis Haslem,CENTER,42,MIAMI HEAT,7,1,71,10,29,3,9,4,5,4,7,0,1,2,1,11,27
hausesa01,Sam Hauser,SMALL FORWARD,25,BOSTON CELTICS,80,8,1290,180,396,140,335,12,17,35,169,71,29,21,30,99,512
hayesja02,Jaxson Hayes,CENTER,22,NEW ORLEANS PELICANS,47,2,610,86,156,3,29,58,83,39,93,34,20,19,31,67,233
hayeski01,Killian Hayes,POINT GUARD,21,DETROIT PISTONS,76,56,2154,307,815,80,286,92,112,28,193,470,104,28,173,219,786
haywago01,Gordon Hayward,SMALL FORWARD,32,CHARLOTTE HORNETS,50,50,1577,276,581,52,160,129,159,33,182,206,42,12,99,70,733
hernaju01,Juancho Hernangómez,POWER FORWARD,27,TORONTO RAPTORS,42,10,614,48,114,17,67,9,16,27,96,25,16,6,15,43,122
hernawi01,Willy Hernangómez,CENTER,28,NEW ORLEANS PELICANS,38,2,458,89,169,3,11,81,104,58,122,33,17,13,39,64,262
herroty01,Tyler Herro,SHOOTING GUARD,23,MIAMI HEAT,67,67,2337,487,1109,203,537,170,182,27,333,280,51,16,158,101,1347
hieldbu01,Buddy Hield,SMALL FORWARD,30,INDIANA PACERS,80,73,2482,475,1038,288,677,106,129,67,333,225,92,26,139,156,1344
highsha01,Haywood Highsmith,POWER FORWARD,26,MIAMI HEAT,54,11,969,93,216,37,109,13,28,57,131,43,36,17,45,82,236
hillge01,George Hill,POINT GUARD,36,MILWAUKEE BUCKS,35,0,668,59,132,23,74,34,46,13,54,89,19,3,27,41,175
hillge01,George Hill,SHOOTING GUARD,36,INDIANA PACERS,11,1,166,19,34,11,21,8,9,2,16,21,7,3,7,14,57
hillma01,Malcolm Hill,SMALL FORWARD,27,CHICAGO BULLS,5,0,9,2,4,1,3,0,0,0,3,0,0,0,0,1,5
holidaa01,Aaron Holiday,POINT GUARD,26,ATLANTA HAWKS,63,6,845,92,220,36,88,27,32,25,49,89,37,12,36,79,247
holidjr01,Jrue Holiday,POINT GUARD,32,MILWAUKEE BUCKS,67,65,2183,490,1023,158,411,152,177,79,262,495,79,25,197,116,1290
holidju01,Justin Holiday,SMALL FORWARD,33,ATLANTA HAWKS,28,0,411,48,125,30,87,0,0,2,21,25,5,10,12,37,126
holidju01,Justin Holiday,SMALL FORWARD,33,DALLAS MAVERICKS,18,2,295,29,79,16,56,5,8,3,29,16,14,9,10,31,79
holmeri01,Richaun Holmes,CENTER,29,SACRAMENTO KINGS,42,1,348,55,89,5,8,15,19,29,51,9,3,11,14,50,130
horfoal01,Al Horford,CENTER,36,BOSTON CELTICS,63,63,1922,228,479,145,325,15,21,73,317,189,30,61,37,121,616
hortota01,Talen Horton-Tucker,SHOOTING GUARD,22,UTAH JAZZ,65,20,1313,257,613,58,203,126,168,41,169,246,41,29,126,108,698
houseda01,Danuel House Jr.,SMALL FORWARD,29,PHILADELPHIA 76ERS,56,5,807,93,197,37,110,45,60,9,85,44,14,9,26,69,268
houstca01,Caleb Houstan,SMALL FORWARD,20,ORLANDO MAGIC,51,4,812,66,182,46,136,15,18,34,65,30,12,7,18,63,193
hudgitr01,Trevor Hudgins,POINT GUARD,23,HOUSTON ROCKETS,5,0,28,2,9,2,8,3,3,0,0,3,0,0,1,1,9
huertke01,Kevin Huerter,SHOOTING GUARD,24,SACRAMENTO KINGS,75,75,2203,420,866,205,510,95,131,42,209,221,80,24,97,181,1140
huffja01,Jay Huff,CENTER,24,WASHINGTON WIZARDS,7,0,95,15,25,6,12,15,16,6,15,10,3,4,5,15,51
huntede01,De'Andre Hunter,SMALL FORWARD,25,ATLANTA HAWKS,67,67,2126,379,822,100,286,171,207,46,238,94,35,17,82,199,1029
hylanbo01,Bones Hyland,POINT GUARD,22,DENVER NUGGETS,42,1,820,173,434,91,241,71,82,10,76,125,28,13,67,66,508
hylanbo01,Bones Hyland,POINT GUARD,22,LOS ANGELES CLIPPERS,14,0,265,55,137,26,74,15,20,10,39,47,11,2,15,30,151
ibakase01,Serge Ibaka,CENTER,33,MILWAUKEE BUCKS,16,0,185,26,54,6,18,8,13,15,29,4,2,7,11,23,66
iguodan01,Andre Iguodala,POWER FORWARD,39,GOLDEN STATE WARRIORS,8,0,113,7,15,1,9,2,3,3,14,19,4,3,9,11,17
inglejo01,Joe Ingles,SMALL FORWARD,35,MILWAUKEE BUCKS,46,0,1044,108,248,83,203,18,21,13,115,150,33,6,55,74,317
ingrabr01,Brandon Ingram,SMALL FORWARD,25,NEW ORLEANS PELICANS,45,45,1538,404,835,64,164,240,272,23,223,262,32,19,148,116,1112
irvinky01,Kyrie Irving,POINT GUARD,30,BROOKLYN NETS,40,40,1478,398,819,130,348,158,179,38,166,211,41,33,91,109,1084
irvinky01,Kyrie Irving,SHOOTING GUARD,30,DALLAS MAVERICKS,20,20,763,196,384,58,148,89,94,21,79,120,25,12,37,56,539
isaacjo01,Jonathan Isaac,POWER FORWARD,25,ORLANDO MAGIC,11,0,124,22,53,6,15,5,9,15,29,6,14,4,4,5,55
iveyja01,Jaden Ivey,SHOOTING GUARD,20,DETROIT PISTONS,74,73,2304,409,983,120,350,266,356,73,215,387,61,17,237,242,1204
jacksfr01,Frank Jackson,POINT GUARD,24,UTAH JAZZ,1,0,5,0,3,0,1,0,0,1,1,1,0,0,0,0,0
jacksis01,Isaiah Jackson,CENTER,21,INDIANA PACERS,63,12,1042,179,318,2,14,95,146,113,169,51,31,93,51,154,455
jacksja02,Jaren Jackson Jr.,CENTER,23,MEMPHIS GRIZZLIES,63,63,1787,416,822,100,282,241,306,108,318,60,65,189,107,227,1173
jacksju01,Justin Jackson,SMALL FORWARD,27,BOSTON CELTICS,23,0,107,7,27,5,20,1,2,2,15,9,4,4,2,7,20
jacksqu01,Quenton Jackson,POINT GUARD,24,WASHINGTON WIZARDS,9,0,135,19,42,1,12,17,22,2,6,15,4,1,4,10,56
jacksre01,Reggie Jackson,POINT GUARD,32,LOS ANGELES CLIPPERS,52,38,1338,214,512,77,220,61,66,22,94,183,38,5,96,92,566
jacksre01,Reggie Jackson,POINT GUARD,32,DENVER NUGGETS,16,2,319,49,128,19,68,10,12,3,25,50,9,1,19,22,127
jamesle01,LeBron James,POWER FORWARD,38,LOS ANGELES LAKERS,55,54,1954,609,1219,121,377,251,327,65,392,375,50,32,178,88,1590
jeromty01,Ty Jerome,SHOOTING GUARD,25,GOLDEN STATE WARRIORS,45,2,816,118,242,35,90,38,41,7,71,135,23,5,30,64,309
joeis01,Isaiah Joe,SHOOTING GUARD,23,OKLAHOMA CITY THUNDER,73,10,1395,224,508,161,394,82,100,27,148,88,48,8,39,105,691
johnsal02,Alize Johnson,POWER FORWARD,26,SAN ANTONIO SPURS,4,0,30,3,6,0,2,1,2,2,8,1,1,0,4,3,7
johnsca02,Cameron Johnson,POWER FORWARD,26,PHOENIX SUNS,17,16,429,82,173,45,99,27,33,14,51,26,15,6,10,29,236
johnsca02,Cameron Johnson,POWER FORWARD,26,BROOKLYN NETS,25,25,770,141,301,58,156,74,87,20,100,52,35,8,27,54,414
johnsja05,Jalen Johnson,SMALL FORWARD,21,ATLANTA HAWKS,70,6,1042,158,322,30,104,49,78,51,231,83,38,34,41,113,395
johnsja01,James Johnson,POWER FORWARD,35,INDIANA PACERS,18,1,162,22,49,3,15,4,8,4,26,15,7,6,8,32,51
johnske04,Keldon Johnson,SMALL FORWARD,23,SAN ANTONIO SPURS,63,63,2063,503,1113,134,407,245,327,56,262,183,46,11,134,125,1385
johnske07,Keon Johnson,SHOOTING GUARD,20,PORTLAND TRAIL BLAZERS,40,0,416,67,178,28,81,27,41,11,33,59,19,6,43,43,189
johnsst04,Stanley Johnson,SMALL FORWARD,26,SAN ANTONIO SPURS,30,0,469,65,122,18,40,26,39,22,73,67,16,6,33,48,174
jokicni01,Nikola Jokić,CENTER,27,DENVER NUGGETS,69,69,2323,646,1022,57,149,341,415,167,650,678,87,47,247,174,1690
jonesca03,Carlik Jones,POINT GUARD,25,CHICAGO BULLS,7,0,56,6,15,3,6,5,8,1,4,6,2,0,2,2,20
jonesda03,Damian Jones,CENTER,27,LOS ANGELES LAKERS,22,1,176,20,37,0,3,15,20,18,37,4,3,12,9,17,55
jonesda03,Damian Jones,CENTER,27,UTAH JAZZ,19,0,301,35,49,10,14,7,9,24,43,11,5,9,14,38,87
jonesde02,Derrick Jones Jr.,POWER FORWARD,25,CHICAGO BULLS,64,0,893,115,230,27,80,62,84,60,93,34,29,37,25,86,319
joneshe01,Herbert Jones,POWER FORWARD,24,NEW ORLEANS PELICANS,66,66,1951,235,501,56,167,123,161,97,172,162,103,42,88,208,649
joneska01,Kai Jones,CENTER,22,CHARLOTTE HORNETS,46,0,550,67,120,4,19,19,26,37,86,15,17,30,31,65,157
jonestr01,Tre Jones,POINT GUARD,23,SAN ANTONIO SPURS,68,65,1984,341,743,45,158,148,172,56,189,448,89,9,110,98,875
jonesty01,Tyus Jones,POINT GUARD,26,MEMPHIS GRIZZLIES,80,22,1940,311,710,121,326,80,100,28,172,417,83,6,74,32,823
jordade01,DeAndre Jordan,CENTER,34,DENVER NUGGETS,39,8,586,88,115,1,1,22,48,52,150,34,12,23,48,71,199
josepco01,Cory Joseph,POINT GUARD,31,DETROIT PISTONS,62,2,1227,150,351,70,180,57,72,21,85,217,34,9,56,88,427
jovicni01,Nikola Jović,POWER FORWARD,19,MIAMI HEAT,15,8,204,28,69,8,35,18,19,9,22,10,7,2,10,19,82
juzanjo01,Johnny Juzang,SHOOTING GUARD,21,UTAH JAZZ,18,0,232,35,104,15,63,2,4,8,31,8,4,3,3,13,87
kabenmf01,Mfiondu Kabengele,POWER FORWARD,25,BOSTON CELTICS,4,0,36,2,7,0,3,2,2,5,5,0,2,0,1,3,6
kaminfr01,Frank Kaminsky,CENTER,29,ATLANTA HAWKS,26,0,176,25,44,11,23,10,12,3,33,21,5,1,9,21,71
kaminfr01,Frank Kaminsky,CENTER,29,HOUSTON ROCKETS,10,0,59,6,19,2,10,4,4,4,12,11,1,3,0,1,18
keelstr01,Trevor Keels,SHOOTING GUARD,19,NEW YORK KNICKS,3,0,8,1,4,1,4,0,0,0,2,0,0,0,0,0,3
kennalu01,Luke Kennard,SHOOTING GUARD,26,LOS ANGELES CLIPPERS,35,11,725,98,211,59,132,19,20,6,77,37,19,4,30,47,274
kennalu01,Luke Kennard,SHOOTING GUARD,26,MEMPHIS GRIZZLIES,24,3,590,90,171,74,137,18,19,9,66,54,13,1,16,35,272
kesslwa01,Walker Kessler,CENTER,21,UTAH JAZZ,74,40,1703,298,414,1,3,82,159,231,389,69,26,173,58,169,679
keybr01,Braxton Key,SMALL FORWARD,25,DETROIT PISTONS,3,0,9,1,1,0,0,2,2,0,1,0,0,0,0,0,4
kinglo02,Louis King,POWER FORWARD,23,PHILADELPHIA 76ERS,1,0,29,8,13,4,8,0,1,2,2,2,1,0,2,4,20
kispeco01,Corey Kispert,SMALL FORWARD,23,WASHINGTON WIZARDS,74,45,2093,291,585,163,384,75,88,33,174,87,32,9,55,97,820
klebima01,Maxi Kleber,POWER FORWARD,31,DALLAS MAVERICKS,37,5,930,77,169,39,112,27,38,30,105,52,12,30,27,85,220
knighna01,Nathan Knight,CENTER,25,MINNESOTA TIMBERWOLVES,38,0,291,46,81,8,22,39,57,22,34,13,10,6,21,41,139
knoxke01,Kevin Knox,SMALL FORWARD,23,DETROIT PISTONS,42,1,593,84,179,43,116,26,33,20,88,15,14,12,32,74,237
knoxke01,Kevin Knox,POWER FORWARD,23,PORTLAND TRAIL BLAZERS,21,4,359,68,153,22,70,20,27,14,55,18,10,0,18,21,178
kolokch01,Christian Koloko,CENTER,22,TORONTO RAPTORS,58,19,802,72,150,1,12,37,59,84,87,31,21,57,20,128,182
konchjo01,John Konchar,SMALL FORWARD,26,MEMPHIS GRIZZLIES,72,23,1494,138,320,60,177,28,36,64,246,100,77,25,37,112,364
korkmfu01,Furkan Korkmaz,SHOOTING GUARD,25,PHILADELPHIA 76ERS,37,0,353,48,111,18,46,26,36,6,36,22,10,3,24,18,140
kornelu01,Luke Kornet,CENTER,27,BOSTON CELTICS,69,0,804,113,170,3,13,32,39,86,111,53,11,46,25,81,261
krejcvi01,Vit Krejci,POINT GUARD,22,ATLANTA HAWKS,29,0,165,15,37,5,21,1,2,6,20,17,5,1,5,17,36
kuminjo01,Jonathan Kuminga,POWER FORWARD,20,GOLDEN STATE WARRIORS,67,16,1394,261,497,54,146,90,138,70,161,125,41,31,95,157,666
kuzmaky01,Kyle Kuzma,POWER FORWARD,27,WASHINGTON WIZARDS,64,64,2239,512,1142,160,481,173,237,55,408,239,36,29,190,145,1357
lamban01,Anthony Lamb,SMALL FORWARD,25,GOLDEN STATE WARRIORS,62,4,1195,148,314,73,199,46,60,56,159,96,28,20,54,134,415
landajo01,Jock Landale,CENTER,27,PHOENIX SUNS,69,4,979,178,337,21,84,79,105,119,161,68,16,30,59,126,456
langfro01,Romeo Langford,SHOOTING GUARD,23,SAN ANTONIO SPURS,43,21,844,121,259,16,61,39,56,57,57,50,24,13,30,67,297
laravja01,Jake LaRavia,POWER FORWARD,21,MEMPHIS GRIZZLIES,35,0,414,37,95,24,71,7,9,19,44,21,12,4,18,49,105
lavinza01,Zach LaVine,SHOOTING GUARD,27,CHICAGO BULLS,77,77,2768,673,1388,204,544,363,428,42,303,327,69,18,194,159,1913
lawsoaj01,A.J. Lawson,SHOOTING GUARD,22,MINNESOTA TIMBERWOLVES,1,0,2,1,1,0,0,0,0,0,1,0,0,0,0,1,2
lawsoaj01,A.J. Lawson,SHOOTING GUARD,22,DALLAS MAVERICKS,14,0,106,21,43,10,25,2,8,6,14,2,2,0,3,10,54
leeda03,Damion Lee,SHOOTING GUARD,30,PHOENIX SUNS,74,5,1506,200,452,110,247,94,104,39,186,99,30,7,78,118,604
leesa01,Saben Lee,POINT GUARD,23,PHILADELPHIA 76ERS,2,0,10,3,4,0,1,0,0,0,0,2,1,0,3,1,6
leesa01,Saben Lee,POINT GUARD,23,PHOENIX SUNS,23,1,363,46,117,11,29,42,57,13,32,65,18,1,21,31,145
lenal01,Alex Len,CENTER,29,SACRAMENTO KINGS,26,2,161,16,30,0,2,11,16,24,36,12,4,11,16,28,43
leonaka01,Kawhi Leonard,SMALL FORWARD,31,LOS ANGELES CLIPPERS,52,50,1748,446,871,104,250,243,279,57,281,204,72,28,88,84,1239
leoname01,Meyers Leonard,CENTER,30,MILWAUKEE BUCKS,9,2,114,14,29,7,18,8,9,12,22,1,2,0,6,16,43
leverca01,Caris LeVert,SHOOTING GUARD,28,CLEVELAND CAVALIERS,74,30,2237,320,742,127,324,130,180,53,229,287,72,24,116,170,897
lewiski01,Kira Lewis Jr.,POINT GUARD,21,NEW ORLEANS PELICANS,25,0,235,40,88,15,34,19,22,5,28,23,10,2,10,24,114
lillada01,Damian Lillard,POINT GUARD,32,PORTLAND TRAIL BLAZERS,58,58,2107,556,1202,244,658,510,558,44,233,425,50,18,191,109,1866
littlna01,Nassir Little,SMALL FORWARD,22,PORTLAND TRAIL BLAZERS,54,4,976,134,303,58,158,33,46,27,114,50,20,20,36,66,359
liveris01,Isaiah Livers,POWER FORWARD,24,DETROIT PISTONS,52,22,1199,120,288,74,203,32,39,28,115,41,28,28,30,103,346
loftoke01,Kenneth Lofton Jr.,POWER FORWARD,20,MEMPHIS GRIZZLIES,24,1,176,49,93,6,17,16,27,19,32,20,5,2,12,28,120
looneke01,Kevon Looney,CENTER,26,GOLDEN STATE WARRIORS,82,70,1958,242,384,0,1,94,155,274,486,207,52,50,45,225,578
lopezbr01,Brook Lopez,CENTER,34,MILWAUKEE BUCKS,78,78,2373,477,899,136,364,149,190,157,363,99,37,193,107,203,1239
lopezro01,Robin Lopez,CENTER,34,CLEVELAND CAVALIERS,37,2,299,48,75,2,4,14,18,23,28,19,2,8,25,43,112
loveke01,Kevin Love,POWER FORWARD,34,CLEVELAND CAVALIERS,41,3,821,111,285,69,195,56,63,42,238,76,7,7,47,65,347
loveke01,Kevin Love,POWER FORWARD,34,MIAMI HEAT,21,17,419,54,139,30,101,24,28,17,102,40,9,5,23,32,162
lowryky01,Kyle Lowry,POINT GUARD,36,MIAMI HEAT,55,44,1718,196,485,107,310,116,135,43,182,281,57,21,103,143,615
lylestr01,Trey Lyles,POWER FORWARD,27,SACRAMENTO KINGS,74,0,1247,187,408,87,240,101,124,68,232,66,27,31,64,97,562
maledth01,Théo Maledon,POINT GUARD,21,CHARLOTTE HORNETS,44,7,854,102,254,28,95,63,74,14,109,152,37,12,59,61,295
mamuksa01,Sandro Mamukelashvili,CENTER,23,MILWAUKEE BUCKS,24,0,217,19,58,7,32,12,18,18,38,16,4,5,9,19,57
mamuksa01,Sandro Mamukelashvili,CENTER,23,SAN ANTONIO SPURS,19,7,443,78,172,23,67,27,39,52,77,46,10,7,26,33,206
mannte01,Terance Mann,SHOOTING GUARD,26,LOS ANGELES CLIPPERS,81,36,1872,272,524,77,198,92,118,77,199,184,42,22,80,149,713
manntr01,Tre Mann,POINT GUARD,21,OKLAHOMA CITY THUNDER,67,5,1183,197,501,81,257,42,55,27,128,120,40,11,62,99,517
marjabo01,Boban Marjanović,CENTER,34,HOUSTON ROCKETS,31,0,171,41,60,0,1,20,27,20,40,9,5,2,14,10,102
markkla01,Lauri Markkanen,POWER FORWARD,25,UTAH JAZZ,66,66,2273,571,1145,200,511,349,399,130,440,123,42,38,127,137,1691
marshna01,Naji Marshall,SMALL FORWARD,25,NEW ORLEANS PELICANS,77,21,1792,247,571,66,218,138,175,48,231,189,54,14,97,113,698
martica02,Caleb Martin,SMALL FORWARD,27,MIAMI HEAT,71,49,2077,254,548,84,236,91,113,88,256,117,71,31,78,145,683
martico01,Cody Martin,SMALL FORWARD,27,CHARLOTTE HORNETS,7,0,134,14,36,3,14,4,7,8,16,11,4,1,2,13,35
martike04,KJ Martin,SMALL FORWARD,22,HOUSTON ROCKETS,82,49,2292,410,720,68,216,151,222,126,326,123,41,30,91,147,1039
martity01,Tyrese Martin,SHOOTING GUARD,23,ATLANTA HAWKS,16,0,66,9,23,1,7,2,2,5,7,2,1,0,2,2,21
mathega01,Garrison Mathews,SHOOTING GUARD,26,HOUSTON ROCKETS,45,0,602,60,170,53,155,41,45,10,52,23,23,4,18,56,214
mathega01,Garrison Mathews,SHOOTING GUARD,26,ATLANTA HAWKS,9,0,84,13,31,10,25,7,8,1,10,3,1,1,1,6,43
mathube01,Bennedict Mathurin,SHOOTING GUARD,20,INDIANA PACERS,78,17,2222,413,951,100,310,376,454,87,231,116,48,13,152,162,1302
matthwe02,Wesley Matthews,SMALL FORWARD,36,MILWAUKEE BUCKS,52,0,820,58,160,39,124,24,28,34,79,34,20,13,18,71,179
maxeyty01,Tyrese Maxey,SHOOTING GUARD,22,PHILADELPHIA 76ERS,60,41,2016,439,913,160,369,180,213,23,153,212,49,8,80,132,1218
mayssk01,Skylar Mays,POINT GUARD,25,PORTLAND TRAIL BLAZERS,6,6,189,34,68,12,26,12,13,2,17,50,6,1,10,11,92
mcbrimi01,Miles McBride,POINT GUARD,22,NEW YORK KNICKS,64,2,760,77,215,40,134,28,42,13,37,72,37,8,25,60,222
mccluma01,Mac McClung,SHOOTING GUARD,24,PHILADELPHIA 76ERS,2,0,41,9,20,4,11,3,5,3,7,9,0,0,3,3,25
mccolcj01,CJ McCollum,POINT GUARD,31,NEW ORLEANS PELICANS,75,75,2649,587,1344,211,543,183,238,55,273,429,70,38,183,153,1568
mccontj01,T.J. McConnell,POINT GUARD,30,INDIANA PACERS,75,6,1526,283,521,26,59,58,68,45,189,397,81,10,143,105,650
mcdanja02,Jaden McDaniels,SMALL FORWARD,22,MINNESOTA TIMBERWOLVES,79,79,2416,370,716,107,269,106,144,92,215,148,74,76,112,272,953
mcdanja01,Jalen McDaniels,SMALL FORWARD,25,CHARLOTTE HORNETS,56,21,1494,221,494,65,202,88,104,44,226,111,66,29,80,158,595
mcdanja01,Jalen McDaniels,SMALL FORWARD,25,PHILADELPHIA 76ERS,24,3,419,60,123,12,30,28,34,19,57,19,17,5,13,51,160
mcderdo01,Doug McDermott,SMALL FORWARD,31,SAN ANTONIO SPURS,64,0,1314,239,523,123,298,53,70,24,115,91,13,6,58,118,654
mcgeeja01,JaVale McGee,CENTER,35,DALLAS MAVERICKS,42,7,355,80,125,2,5,24,41,30,77,11,4,26,36,54,186
mcgowbr01,Bryce McGowens,SHOOTING GUARD,20,CHARLOTTE HORNETS,46,7,787,80,202,26,80,60,80,20,73,54,15,6,43,48,246
mcgruro01,Rodney McGruder,SHOOTING GUARD,31,DETROIT PISTONS,32,12,524,62,152,41,97,18,22,20,54,28,16,1,11,39,183
mclaujo01,Jordan McLaughlin,POINT GUARD,26,MINNESOTA TIMBERWOLVES,43,0,678,61,145,24,78,15,18,15,47,148,32,4,33,28,161
meltode01,De'Anthony Melton,SHOOTING GUARD,24,PHILADELPHIA 76ERS,77,58,2150,277,651,157,403,69,87,69,243,197,126,41,102,191,780
merrisa01,Sam Merrill,SHOOTING GUARD,26,CLEVELAND CAVALIERS,5,0,59,9,22,5,18,2,2,0,9,5,4,0,0,3,25
metuch01,Chimezie Metu,POWER FORWARD,25,SACRAMENTO KINGS,66,0,689,129,219,9,38,54,73,47,151,40,22,21,32,81,321
middlkh01,Khris Middleton,SMALL FORWARD,31,MILWAUKEE BUCKS,33,19,801,177,406,51,162,92,102,28,112,163,23,5,71,68,497
millspa02,Patty Mills,POINT GUARD,34,BROOKLYN NETS,40,2,567,86,209,49,134,25,30,8,36,56,15,3,30,32,246
miltosh01,Shake Milton,SHOOTING GUARD,26,PHILADELPHIA 76ERS,76,11,1567,241,503,56,148,99,116,39,152,240,25,13,94,123,637
minayju01,Justin Minaya,SMALL FORWARD,23,PORTLAND TRAIL BLAZERS,4,0,89,7,23,3,12,0,1,3,12,4,2,5,4,9,17
minotjo01,Josh Minott,SMALL FORWARD,20,MINNESOTA TIMBERWOLVES,15,0,96,18,36,2,6,8,8,5,20,5,4,6,3,10,46
mitchda01,Davion Mitchell,POINT GUARD,24,SACRAMENTO KINGS,80,9,1447,181,399,63,197,25,31,16,89,185,44,15,62,112,450
mitchdo01,Donovan Mitchell,SHOOTING GUARD,26,CLEVELAND CAVALIERS,68,68,2432,679,1402,245,635,319,368,63,226,301,99,27,180,168,1922
mobleev01,Evan Mobley,POWER FORWARD,21,CLEVELAND CAVALIERS,79,79,2715,525,947,22,102,205,304,187,524,224,60,119,146,218,1277
mobleis01,Isaiah Mobley,POWER FORWARD,23,CLEVELAND CAVALIERS,12,0,84,12,28,3,8,4,4,4,16,3,4,3,1,8,31
monekch01,Chima Moneke,SMALL FORWARD,27,SACRAMENTO KINGS,2,0,8,1,2,0,0,0,2,2,0,1,0,0,2,2,2
monkma01,Malik Monk,SHOOTING GUARD,24,SACRAMENTO KINGS,77,0,1719,357,796,143,398,184,207,32,171,298,49,20,146,125,1041
moodymo01,Moses Moody,SHOOTING GUARD,20,GOLDEN STATE WARRIORS,63,3,817,108,227,49,135,37,53,28,77,51,18,7,34,54,302
moonxa01,Xavier Moon,SHOOTING GUARD,28,LOS ANGELES CLIPPERS,4,0,20,3,9,1,3,0,0,0,3,5,0,0,1,2,7
moorewe01,Wendell Moore Jr.,SHOOTING GUARD,21,MINNESOTA TIMBERWOLVES,29,2,153,18,43,2,17,4,5,4,14,18,8,5,8,13,42
moranja01,Ja Morant,POINT GUARD,23,MEMPHIS GRIZZLIES,61,59,1948,566,1214,92,300,372,497,61,296,493,66,16,206,100,1596
morrima03,Marcus Morris,POWER FORWARD,33,LOS ANGELES CLIPPERS,65,65,1825,274,643,112,308,68,87,29,229,114,42,21,56,136,728
morrima02,Markieff Morris,POWER FORWARD,33,BROOKLYN NETS,27,1,285,33,82,20,49,10,10,13,46,25,8,5,14,33,96
morrima02,Markieff Morris,POWER FORWARD,33,DALLAS MAVERICKS,8,1,70,14,33,8,22,0,0,0,12,6,1,0,4,15,36
morrimo01,Monte Morris,POINT GUARD,27,WASHINGTON WIZARDS,62,61,1695,247,515,78,204,64,77,26,184,326,43,13,60,75,636
murphtr02,Trey Murphy III,SMALL FORWARD,22,NEW ORLEANS PELICANS,79,65,2448,387,800,202,497,172,190,59,222,112,89,43,61,155,1148
murrade01,Dejounte Murray,SHOOTING GUARD,26,ATLANTA HAWKS,74,74,2693,612,1319,133,387,158,190,53,336,448,112,19,160,106,1515
murraja01,Jamal Murray,POINT GUARD,25,DENVER NUGGETS,65,65,2133,473,1041,172,432,180,216,48,209,400,66,16,145,103,1298
murrake02,Keegan Murray,SMALL FORWARD,22,SACRAMENTO KINGS,80,78,2382,354,782,206,501,62,81,89,282,98,61,42,60,162,976
muscami01,Mike Muscala,CENTER,31,OKLAHOMA CITY THUNDER,43,5,622,89,203,56,142,31,39,23,112,38,11,19,14,70,265
muscami01,Mike Muscala,CENTER,31,BOSTON CELTICS,20,4,323,42,89,25,65,9,13,14,54,12,4,5,9,28,118
mykhasv01,Svi Mykhailiuk,SMALL FORWARD,25,NEW YORK KNICKS,13,0,40,6,12,6,10,3,5,0,7,1,1,0,2,1,21
mykhasv01,Svi Mykhailiuk,SMALL FORWARD,25,CHARLOTTE HORNETS,19,8,428,71,161,36,89,23,34,15,31,52,14,4,22,22,201
nancela02,Larry Nance Jr.,CENTER,30,NEW ORLEANS PELICANS,65,1,1381,186,305,14,42,55,79,106,248,119,56,37,42,133,441
nembhan01,Andrew Nembhard,SHOOTING GUARD,23,INDIANA PACERS,75,63,2073,284,644,92,263,49,62,35,164,341,70,13,126,179,709
nesmiaa01,Aaron Nesmith,SMALL FORWARD,23,INDIANA PACERS,73,60,1816,252,590,115,314,119,142,62,215,98,55,34,75,235,738
netora01,Raul Neto,POINT GUARD,30,CLEVELAND CAVALIERS,48,1,505,57,110,12,42,31,34,10,36,79,17,4,24,49,157
niangge01,Georges Niang,POWER FORWARD,29,PHILADELPHIA 76ERS,78,1,1512,222,502,154,384,39,45,19,166,77,30,14,54,145,637
nixda01,Daishen Nix,POINT GUARD,20,HOUSTON ROCKETS,57,7,914,81,237,40,140,24,36,18,80,132,31,7,86,59,226
nnajize01,Zeke Nnaji,POWER FORWARD,22,DENVER NUGGETS,53,5,728,110,196,17,65,40,62,65,73,18,17,23,31,105,277
noelne01,Nerlens Noel,CENTER,28,DETROIT PISTONS,14,3,152,12,30,1,2,7,10,7,30,7,13,9,8,25,32
noelne01,Nerlens Noel,CENTER,28,BROOKLYN NETS,3,1,43,1,6,0,0,1,2,3,6,3,3,1,5,7,3
nowelja01,Jaylen Nowell,SHOOTING GUARD,23,MINNESOTA TIMBERWOLVES,65,2,1252,280,625,67,232,77,99,36,134,132,42,5,65,101,704
ntilila01,Frank Ntilikina,SHOOTING GUARD,24,DALLAS MAVERICKS,47,5,607,48,132,17,67,22,33,7,55,58,16,7,29,65,135
nunnke01,Kendrick Nunn,SHOOTING GUARD,27,LOS ANGELES LAKERS,39,2,528,102,251,41,126,17,21,5,50,34,11,3,31,35,262
nunnke01,Kendrick Nunn,SHOOTING GUARD,27,WASHINGTON WIZARDS,31,0,436,89,199,38,97,18,20,10,44,56,17,4,35,31,234
nurkiju01,Jusuf Nurkić,CENTER,28,PORTLAND TRAIL BLAZERS,52,52,1391,262,505,43,119,127,192,114,357,149,43,44,119,185,694
nworajo01,Jordan Nwora,SMALL FORWARD,24,MILWAUKEE BUCKS,38,3,597,76,197,40,102,37,43,29,88,38,12,7,34,34,229
nworajo01,Jordan Nwora,SMALL FORWARD,24,INDIANA PACERS,24,11,591,118,248,46,109,31,43,22,90,50,12,7,32,40,313
onealro01,Royce O'Neale,SMALL FORWARD,29,BROOKLYN NETS,76,53,2409,229,593,163,419,50,69,55,329,283,65,49,114,239,671
okekech01,Chuma Okeke,SMALL FORWARD,24,ORLANDO MAGIC,27,8,518,43,122,26,86,16,21,26,70,37,19,11,17,40,128
okogijo01,Josh Okogie,SHOOTING GUARD,24,PHOENIX SUNS,72,26,1350,162,414,66,197,139,192,109,142,105,56,34,63,114,529
okongon01,Onyeka Okongwu,CENTER,22,ATLANTA HAWKS,80,18,1849,317,497,4,13,153,196,217,359,81,56,107,81,251,791
okorois01,Isaac Okoro,SMALL FORWARD,22,CLEVELAND CAVALIERS,76,46,1652,175,354,62,171,78,103,52,135,87,56,30,42,158,490
okpalkz01,KZ Okpala,POWER FORWARD,23,SACRAMENTO KINGS,35,3,248,16,38,7,21,7,8,7,27,13,7,7,7,39,46
oladivi01,Victor Oladipo,SHOOTING GUARD,30,MIAMI HEAT,42,2,1106,160,403,70,212,59,79,16,112,146,57,12,87,99,449
olynyke01,Kelly Olynyk,CENTER,31,UTAH JAZZ,68,68,1942,278,557,93,236,198,232,82,338,252,60,37,168,232,847
omorueu01,Eugene Omoruyi,SMALL FORWARD,25,OKLAHOMA CITY THUNDER,23,2,272,44,94,8,31,17,28,22,30,11,14,0,16,46,113
omorueu01,Eugene Omoruyi,SMALL FORWARD,25,DETROIT PISTONS,17,4,373,57,134,17,58,34,47,21,38,17,14,3,18,45,165
osmande01,Cedi Osman,SMALL FORWARD,27,CLEVELAND CAVALIERS,77,2,1548,239,530,116,312,75,108,25,151,115,35,11,52,122,669
oubreke01,Kelly Oubre Jr.,SMALL FORWARD,27,CHARLOTTE HORNETS,48,40,1548,353,819,108,339,158,208,65,184,54,68,18,64,141,972
paulch01,Chris Paul,POINT GUARD,37,PHOENIX SUNS,59,59,1889,294,668,98,261,133,160,27,224,524,91,22,114,126,819
payneca01,Cameron Payne,POINT GUARD,28,PHOENIX SUNS,48,15,968,188,453,68,185,49,64,12,94,214,33,8,81,88,493
paytoga02,Gary Payton II,SHOOTING GUARD,30,PORTLAND TRAIL BLAZERS,15,1,255,24,41,9,17,4,4,10,29,22,16,1,12,29,61
paytoga02,Gary Payton II,SHOOTING GUARD,30,GOLDEN STATE WARRIORS,7,0,112,17,28,4,9,2,3,14,16,8,6,4,4,14,40
pinsoth01,Theo Pinson,SHOOTING GUARD,27,DALLAS MAVERICKS,40,1,323,31,87,22,62,11,13,10,53,46,6,1,12,34,95
pippesc02,Scotty Pippen Jr.,POINT GUARD,22,LOS ANGELES LAKERS,6,0,32,4,12,1,3,5,9,2,2,2,2,1,2,3,14
plumlma01,Mason Plumlee,CENTER,32,CHARLOTTE HORNETS,56,56,1597,265,396,0,0,155,256,187,354,205,35,35,87,161,685
plumlma01,Mason Plumlee,CENTER,32,LOS ANGELES CLIPPERS,23,4,457,64,88,0,0,44,57,42,117,40,11,12,30,56,172
poeltja01,Jakob Poeltl,CENTER,27,SAN ANTONIO SPURS,46,46,1199,239,388,0,1,78,129,152,264,141,36,52,96,118,556
poeltja01,Jakob Poeltl,CENTER,27,TORONTO RAPTORS,26,25,707,150,230,0,0,41,72,84,153,56,30,34,29,77,341
pokusal01,Aleksej Pokusevski,POWER FORWARD,21,OKLAHOMA CITY THUNDER,34,25,701,108,249,38,104,22,35,45,114,64,20,43,43,58,276
poolejo01,Jordan Poole,POINT GUARD,23,GOLDEN STATE WARRIORS,82,43,2458,550,1278,214,637,361,415,32,193,369,63,21,252,214,1675
porteke02,Kevin Porter Jr.,POINT GUARD,22,HOUSTON ROCKETS,59,59,2024,391,884,141,385,207,264,76,238,338,82,17,188,156,1130
portemi01,Michael Porter Jr.,SMALL FORWARD,24,DENVER NUGGETS,62,62,1798,398,817,188,454,96,120,64,277,65,37,29,68,119,1080
porteot01,Otto Porter Jr.,SMALL FORWARD,29,TORONTO RAPTORS,8,2,146,15,30,6,17,8,8,6,13,8,11,0,4,7,44
portibo01,Bobby Portis,POWER FORWARD,27,MILWAUKEE BUCKS,70,22,1818,398,803,95,257,96,125,154,518,105,29,16,81,115,987
porzikr01,Kristaps Porziņģis,CENTER,27,WASHINGTON WIZARDS,65,65,2120,507,1018,137,356,354,416,114,432,174,58,100,137,196,1505
pottemi01,Micah Potter,POWER FORWARD,24,UTAH JAZZ,7,0,52,10,15,4,7,0,0,3,13,4,1,0,2,5,24
poweldw01,Dwight Powell,CENTER,31,DALLAS MAVERICKS,76,64,1458,197,269,0,5,112,168,149,165,69,48,26,65,209,506
powelno01,Norman Powell,SHOOTING GUARD,29,LOS ANGELES CLIPPERS,60,8,1567,340,710,114,287,225,277,24,151,109,50,18,101,125,1019
prestja01,Jason Preston,POINT GUARD,23,LOS ANGELES CLIPPERS,14,0,124,18,41,5,18,0,2,2,20,27,2,0,10,7,41
primojo01,Joshua Primo,SHOOTING GUARD,20,SAN ANTONIO SPURS,4,0,93,9,26,3,12,7,9,2,11,18,1,2,11,8,28
princta02,Taurean Prince,POWER FORWARD,28,MINNESOTA TIMBERWOLVES,54,4,1192,177,379,74,194,65,77,15,117,84,28,15,69,123,493
pritcpa01,Payton Pritchard,POINT GUARD,25,BOSTON CELTICS,48,3,643,101,245,56,154,12,16,25,63,64,14,1,40,37,270
queentr01,Trevelin Queen,SHOOTING GUARD,25,INDIANA PACERS,7,0,70,7,29,2,15,5,5,8,9,6,2,5,7,4,21
quetane01,Neemias Queta,CENTER,23,SACRAMENTO KINGS,5,0,29,6,9,0,0,0,2,5,6,1,0,2,1,7,12
quickim01,Immanuel Quickley,SHOOTING GUARD,23,NEW YORK KNICKS,81,21,2344,419,936,168,454,203,248,58,279,279,80,14,100,166,1209
quinole01,Lester Quinones,SHOOTING GUARD,22,GOLDEN STATE WARRIORS,4,0,18,2,5,2,4,4,6,1,2,2,1,0,5,0,10
randlju01,Julius Randle,POWER FORWARD,28,NEW YORK KNICKS,77,77,2737,658,1432,218,636,402,531,141,626,316,49,21,216,233,1936
reaveau01,Austin Reaves,SHOOTING GUARD,24,LOS ANGELES LAKERS,64,22,1843,259,490,86,216,229,265,33,160,215,33,19,99,108,833
reddica01,Cam Reddish,SMALL FORWARD,23,NEW YORK KNICKS,20,8,438,61,136,17,56,29,33,7,24,20,15,8,15,32,168
reddica01,Cam Reddish,SMALL FORWARD,23,PORTLAND TRAIL BLAZERS,20,12,552,78,176,28,88,35,42,11,46,37,24,6,32,40,219
reedda01,Davon Reed,SHOOTING GUARD,27,DENVER NUGGETS,35,1,315,25,80,16,44,15,20,9,46,19,13,4,20,36,81
reedda01,Davon Reed,SHOOTING GUARD,27,LOS ANGELES LAKERS,8,0,27,3,4,1,2,1,4,1,3,4,2,0,0,3,8
reedpa01,Paul Reed,CENTER,23,PHILADELPHIA 76ERS,69,2,755,124,209,1,6,38,51,112,150,27,46,51,45,123,287
reidna01,Naz Reid,CENTER,23,MINNESOTA TIMBERWOLVES,68,11,1251,310,577,75,217,86,127,73,260,77,42,53,92,176,781
rhodeja01,Jared Rhoden,SHOOTING GUARD,23,DETROIT PISTONS,14,0,198,17,44,5,20,6,6,11,26,4,4,1,3,23,45
richani01,Nick Richards,CENTER,25,CHARLOTTE HORNETS,65,9,1217,197,313,1,1,137,183,147,269,38,11,71,59,154,532
richajo01,Josh Richardson,SHOOTING GUARD,29,SAN ANTONIO SPURS,42,6,997,177,406,74,207,53,60,30,89,137,40,11,63,70,481
richajo01,Josh Richardson,SHOOTING GUARD,29,NEW ORLEANS PELICANS,23,4,533,62,148,33,86,16,21,11,45,37,29,9,23,47,173
riverau01,Austin Rivers,SHOOTING GUARD,30,MINNESOTA TIMBERWOLVES,52,10,1016,91,209,43,123,30,39,5,78,75,28,4,23,80,255
robindu01,Duncan Robinson,SMALL FORWARD,28,MIAMI HEAT,42,1,691,88,237,63,192,29,32,8,61,46,14,0,28,77,268
robinmi01,Mitchell Robinson,CENTER,24,NEW YORK KNICKS,59,58,1591,188,280,0,0,59,122,267,288,53,56,109,41,160,435
robinor01,Orlando Robinson,CENTER,22,MIAMI HEAT,31,1,425,47,89,0,6,22,31,48,78,25,12,12,16,53,116
robinje02,Jeremiah Robinson-Earl,POWER FORWARD,22,OKLAHOMA CITY THUNDER,43,20,814,110,248,37,111,35,42,71,109,43,24,11,19,71,292
robyis01,Isaiah Roby,POWER FORWARD,24,SAN ANTONIO SPURS,42,2,474,67,155,18,60,20,41,21,86,38,18,7,31,53,172
roddyda01,David Roddy,POWER FORWARD,21,MEMPHIS GRIZZLIES,70,4,1258,180,420,65,212,41,65,50,143,59,29,19,57,107,466
rolliry01,Ryan Rollins,POINT GUARD,20,GOLDEN STATE WARRIORS,12,0,62,7,20,3,9,6,6,3,9,6,1,1,16,10,23
rosede01,Derrick Rose,POINT GUARD,34,NEW YORK KNICKS,27,0,338,61,159,19,63,11,12,8,32,46,7,5,22,18,152
rosste01,Terrence Ross,SHOOTING GUARD,31,ORLANDO MAGIC,42,9,944,129,299,61,160,15,20,10,75,54,25,8,37,53,334
rosste01,Terrence Ross,SHOOTING GUARD,31,PHOENIX SUNS,21,0,386,71,166,34,98,12,14,12,57,41,10,2,6,44,188
roziete01,Terry Rozier,SHOOTING GUARD,28,CHARLOTTE HORNETS,63,63,2221,493,1188,165,505,178,220,51,208,319,74,16,134,119,1329
rubiori01,Ricky Rubio,POINT GUARD,32,CLEVELAND CAVALIERS,33,2,566,61,178,21,82,28,35,9,61,115,26,6,31,51,171
russeda01,D'Angelo Russell,POINT GUARD,26,MINNESOTA TIMBERWOLVES,54,54,1778,338,727,148,379,143,167,28,137,334,60,21,147,117,967
russeda01,D'Angelo Russell,POINT GUARD,26,LOS ANGELES LAKERS,17,17,526,107,221,46,111,36,49,7,43,103,10,8,39,23,296
ryanma01,Matt Ryan,SMALL FORWARD,25,LOS ANGELES LAKERS,12,0,129,15,49,13,35,4,5,2,12,4,2,0,3,14,47
ryanma01,Matt Ryan,SMALL FORWARD,25,MINNESOTA TIMBERWOLVES,22,0,181,25,59,19,49,6,7,2,10,12,3,1,4,13,75
sabondo01,Domantas Sabonis,CENTER,26,SACRAMENTO KINGS,79,79,2736,577,938,31,83,325,438,251,722,573,65,39,230,279,1510
samanlu01,Luka Šamanić,POWER FORWARD,23,UTAH JAZZ,7,4,161,26,57,8,31,9,13,0,30,15,6,2,10,17,69
saricda01,Dario Šarić,POWER FORWARD,28,PHOENIX SUNS,37,12,533,76,178,27,69,36,44,39,103,57,13,5,36,69,215
saricda01,Dario Šarić,CENTER,28,OKLAHOMA CITY THUNDER,20,0,273,51,99,18,46,27,32,14,51,17,7,2,19,30,147
sarrol01,Olivier Sarr,CENTER,23,OKLAHOMA CITY THUNDER,9,1,114,15,30,1,8,5,7,12,19,4,1,5,4,17,36
schakjo01,Jordan Schakel,SMALL FORWARD,24,WASHINGTON WIZARDS,2,0,6,1,2,1,1,0,0,0,0,1,1,0,0,1,3
schofad01,Admiral Schofield,POWER FORWARD,25,ORLANDO MAGIC,37,0,451,55,122,24,74,21,23,23,39,31,8,5,16,61,155
schrode01,Dennis Schröder,POINT GUARD,29,LOS ANGELES LAKERS,66,50,1986,270,650,74,225,216,252,21,144,298,50,10,112,145,830
scrubja01,Jay Scrubb,SHOOTING GUARD,22,ORLANDO MAGIC,2,0,30,5,7,2,2,1,2,0,6,1,2,0,3,2,13
seabrde01,Dereon Seabron,SHOOTING GUARD,22,NEW ORLEANS PELICANS,5,0,12,2,5,0,0,0,0,1,0,0,0,0,0,1,4
sengual01,Alperen Sengun,CENTER,20,HOUSTON ROCKETS,75,72,2171,442,799,19,57,206,288,242,436,291,70,70,193,258,1109
sextoco01,Collin Sexton,POINT GUARD,24,UTAH JAZZ,48,15,1145,237,468,48,122,163,199,37,68,138,27,6,85,112,685
shamela01,Landry Shamet,SHOOTING GUARD,25,PHOENIX SUNS,40,9,807,113,300,75,199,45,51,11,56,93,26,5,36,61,346
sharpda01,Day'Ron Sharpe,CENTER,21,BROOKLYN NETS,48,3,552,93,171,6,11,35,55,99,101,37,15,32,42,89,227
sharpsh01,Shaedon Sharpe,SHOOTING GUARD,19,PORTLAND TRAIL BLAZERS,80,15,1779,306,648,102,283,75,105,63,173,94,38,24,83,136,789
siakapa01,Pascal Siakam,POWER FORWARD,28,TORONTO RAPTORS,71,71,2652,630,1313,93,287,367,474,131,425,415,65,36,169,228,1720
silvach01,Chris Silva,POWER FORWARD,26,DALLAS MAVERICKS,1,0,3,1,1,0,0,0,0,0,0,0,0,0,1,2,2
simmobe01,Ben Simmons,POINT GUARD,26,BROOKLYN NETS,42,33,1105,133,235,0,2,25,57,40,223,256,54,24,97,139,291
simmoko01,Kobi Simmons,SHOOTING GUARD,25,CHARLOTTE HORNETS,5,0,28,1,6,1,5,2,2,1,3,5,0,2,1,0,5
simonma01,Marko Simonovic,CENTER,23,CHICAGO BULLS,7,0,20,2,7,1,4,1,2,1,1,0,0,0,0,5,6
simonan01,Anfernee Simons,SHOOTING GUARD,23,PORTLAND TRAIL BLAZERS,62,62,2171,467,1045,212,562,160,179,18,143,253,42,14,128,142,1306
simsje01,Jericho Sims,CENTER,24,NEW YORK KNICKS,52,16,812,83,107,0,1,12,16,99,143,25,15,28,27,96,178
smartma01,Marcus Smart,POINT GUARD,28,BOSTON CELTICS,61,61,1957,250,602,115,342,88,118,46,145,382,93,23,143,172,703
smithde03,Dennis Smith Jr.,POINT GUARD,25,CHARLOTTE HORNETS,54,15,1390,186,452,24,111,78,106,27,140,261,75,25,82,122,474
smithdr01,Dru Smith,SHOOTING GUARD,25,MIAMI HEAT,5,1,67,5,14,1,6,0,0,1,8,5,4,3,1,10,11
smithdr01,Dru Smith,SHOOTING GUARD,25,BROOKLYN NETS,10,0,91,13,31,4,13,3,3,1,14,17,6,1,2,13,33
smithis01,Ish Smith,POINT GUARD,34,DENVER NUGGETS,43,0,398,52,131,2,12,2,4,5,49,100,8,7,44,33,108
smithja05,Jabari Smith Jr.,POWER FORWARD,19,HOUSTON ROCKETS,79,79,2451,364,892,120,391,162,206,122,447,101,43,74,104,227,1010
smithja04,Jalen Smith,CENTER,22,INDIANA PACERS,68,31,1279,242,508,54,191,104,137,129,265,66,21,60,72,153,642
sneedxa01,Xavier Sneed,SMALL FORWARD,25,CHARLOTTE HORNETS,4,0,48,5,10,3,6,4,4,0,5,5,0,1,3,7,17
sochaje01,Jeremy Sochan,POWER FORWARD,19,SAN ANTONIO SPURS,56,53,1458,250,552,33,134,81,116,95,200,142,43,23,97,138,614
sprinja01,Jaden Springer,SHOOTING GUARD,20,PHILADELPHIA 76ERS,16,2,89,17,35,2,5,6,8,6,8,8,7,3,3,15,42
stevela01,Lamar Stevens,SMALL FORWARD,25,CLEVELAND CAVALIERS,62,25,1120,129,288,30,95,40,57,48,159,33,27,19,27,79,328
stewais01,Isaiah Stewart,CENTER,21,DETROIT PISTONS,50,47,1414,195,441,67,205,110,149,115,288,70,20,34,68,133,567
strusma01,Max Strus,SMALL FORWARD,26,MIAMI HEAT,80,33,2272,324,790,197,563,78,89,49,209,171,42,12,70,166,923
suggsja01,Jalen Suggs,SHOOTING GUARD,21,ORLANDO MAGIC,53,19,1246,186,444,66,202,86,119,55,106,155,67,27,94,120,524
sumneed01,Edmond Sumner,SHOOTING GUARD,27,BROOKLYN NETS,53,12,736,124,269,31,87,99,108,13,66,68,31,10,50,83,378
swideco01,Cole Swider,SMALL FORWARD,23,LOS ANGELES LAKERS,7,0,41,3,9,3,8,0,0,1,6,4,0,0,0,3,9
tateja01,Jae'Sean Tate,SMALL FORWARD,27,HOUSTON ROCKETS,31,7,677,110,229,13,46,50,69,41,77,84,21,7,47,106,283
tatumja01,Jayson Tatum,SMALL FORWARD,24,BOSTON CELTICS,74,74,2732,727,1559,240,686,531,622,78,571,342,78,51,213,160,2225
taylote01,Terry Taylor,POWER FORWARD,23,INDIANA PACERS,26,2,228,30,65,4,18,5,7,22,17,10,3,5,9,24,69
taylote01,Terry Taylor,POWER FORWARD,23,CHICAGO BULLS,5,0,36,9,10,1,1,1,4,5,3,0,0,1,0,2,20
templga01,Garrett Temple,SHOOTING GUARD,36,NEW ORLEANS PELICANS,25,0,162,18,45,11,26,3,4,5,12,13,9,2,4,15,50
terryda01,Dalen Terry,SHOOTING GUARD,20,CHICAGO BULLS,38,0,214,32,72,7,27,14,21,12,25,22,11,5,8,24,85
theisda01,Daniel Theis,CENTER,30,INDIANA PACERS,7,1,109,21,44,2,11,5,12,7,15,9,2,6,3,7,49
thomaca02,Cam Thomas,SHOOTING GUARD,21,BROOKLYN NETS,57,4,948,201,456,51,133,151,174,8,87,78,20,7,63,55,604
thompkl01,Klay Thompson,SMALL FORWARD,32,GOLDEN STATE WARRIORS,69,69,2279,546,1252,301,731,116,132,39,247,163,49,29,123,130,1509
thorjt01,JT Thor,POWER FORWARD,20,CHARLOTTE HORNETS,69,8,969,95,238,39,123,33,47,36,116,36,22,23,44,66,262
thybuma01,Matisse Thybulle,SMALL FORWARD,25,PHILADELPHIA 76ERS,49,6,591,50,116,21,63,9,12,20,43,23,45,14,8,65,130
thybuma01,Matisse Thybulle,SHOOTING GUARD,25,PORTLAND TRAIL BLAZERS,22,22,609,60,137,33,85,10,16,20,57,30,38,18,16,48,163
tillmxa01,Xavier Tillman Sr.,CENTER,24,MEMPHIS GRIZZLIES,61,29,1180,188,306,4,15,49,89,121,186,96,58,29,44,97,429
toddis01,Isaiah Todd,POWER FORWARD,21,WASHINGTON WIZARDS,6,1,61,3,19,1,10,2,2,2,10,4,1,0,2,4,9
toppiob01,Obi Toppin,POWER FORWARD,24,NEW YORK KNICKS,67,5,1050,187,419,85,247,38,47,29,158,66,23,12,38,68,497
toscaju01,Juan Toscano-Anderson,SMALL FORWARD,29,LOS ANGELES LAKERS,30,7,365,33,66,4,20,11,15,14,47,25,10,7,17,46,81
toscaju01,Juan Toscano-Anderson,SMALL FORWARD,29,UTAH JAZZ,22,2,335,31,77,4,23,8,9,14,49,40,6,3,17,34,74
townska01,Karl-Anthony Towns,POWER FORWARD,27,MINNESOTA TIMBERWOLVES,29,29,957,212,428,60,164,118,135,48,188,140,20,17,86,111,602
trentga02,Gary Trent Jr.,SHOOTING GUARD,24,TORONTO RAPTORS,66,44,2118,405,935,166,450,172,205,30,143,106,104,14,55,102,1148
tuckepj01,P.J. Tucker,POWER FORWARD,37,PHILADELPHIA 76ERS,75,75,1920,96,225,55,140,19,23,95,200,60,39,15,44,180,266
turnemy01,Myles Turner,CENTER,26,INDIANA PACERS,62,62,1825,402,733,93,249,216,276,88,378,89,36,140,103,215,1113
umudest01,Stanley Umude,SHOOTING GUARD,23,DETROIT PISTONS,1,0,2,0,1,0,1,2,2,0,0,0,1,1,0,0,2
valanjo01,Jonas Valančiūnas,CENTER,30,NEW ORLEANS PELICANS,79,79,1968,446,816,38,109,185,224,225,579,140,20,52,159,245,1115
vandeja01,Jarred Vanderbilt,POWER FORWARD,23,UTAH JAZZ,52,41,1254,173,311,19,57,67,102,121,288,142,53,15,68,133,432
vandeja01,Jarred Vanderbilt,POWER FORWARD,23,LOS ANGELES LAKERS,26,24,625,74,140,10,33,29,37,49,124,42,30,6,29,57,187
vanvlfr01,Fred VanVleet,POINT GUARD,28,TORONTO RAPTORS,69,69,2535,437,1112,207,606,254,283,30,250,495,123,38,140,193,1335
vassede01,Devin Vassell,SHOOTING GUARD,22,SAN ANTONIO SPURS,38,32,1178,261,595,103,266,78,100,8,140,136,43,17,57,57,703
vincega01,Gabe Vincent,POINT GUARD,26,MIAMI HEAT,68,34,1759,228,567,117,350,68,78,27,118,167,62,5,92,154,641
vonleno01,Noah Vonleh,CENTER,27,BOSTON CELTICS,23,1,171,11,24,1,4,2,2,18,30,7,2,8,11,35,25
vucevni01,Nikola Vučević,CENTER,32,CHICAGO BULLS,82,82,2746,597,1148,121,347,132,158,159,744,265,60,57,139,179,1447
wadede01,Dean Wade,POWER FORWARD,26,CLEVELAND CAVALIERS,44,13,891,73,177,45,127,15,23,20,130,37,28,21,17,89,206
wagnefr01,Franz Wagner,SMALL FORWARD,21,ORLANDO MAGIC,80,80,2609,542,1118,130,360,271,322,70,259,283,77,17,167,183,1485
wagnemo01,Moritz Wagner,CENTER,25,ORLANDO MAGIC,57,18,1109,198,396,51,163,153,182,69,190,84,37,13,68,136,600
wainris01,Ish Wainright,SMALL FORWARD,28,PHOENIX SUNS,60,2,915,84,227,57,173,26,31,45,94,53,38,22,22,117,251
walkeja01,Jabari Walker,SMALL FORWARD,20,PORTLAND TRAIL BLAZERS,56,0,619,83,198,16,56,34,45,48,83,34,10,13,29,69,216
walkeke02,Kemba Walker,POINT GUARD,32,DALLAS MAVERICKS,9,1,144,24,57,7,28,17,21,3,13,19,2,2,4,11,72
walkelo01,Lonnie Walker IV,SHOOTING GUARD,24,LOS ANGELES LAKERS,56,32,1297,236,527,91,249,91,106,14,95,64,30,17,46,71,654
walljo01,John Wall,POINT GUARD,32,LOS ANGELES CLIPPERS,34,3,755,138,338,33,109,77,113,14,78,178,27,12,80,59,386
warretj01,T.J. Warren,POWER FORWARD,29,BROOKLYN NETS,26,0,490,102,200,16,48,27,33,13,59,29,15,7,17,45,247
warretj01,T.J. Warren,SMALL FORWARD,29,PHOENIX SUNS,16,0,197,30,70,6,19,1,2,13,36,11,7,5,3,20,67
washidu02,Duane Washington Jr.,SHOOTING GUARD,22,PHOENIX SUNS,31,3,394,94,256,40,111,16,24,2,34,63,6,4,34,23,244
washipj01,P.J. Washington,POWER FORWARD,24,CHARLOTTE HORNETS,73,73,2380,434,978,149,428,127,174,73,285,175,66,79,110,193,1144
washity02,TyTy Washington Jr.,POINT GUARD,21,HOUSTON ROCKETS,31,2,433,58,160,19,80,10,18,2,43,47,15,2,14,29,145
watanyu01,Yuta Watanabe,SMALL FORWARD,28,BROOKLYN NETS,58,1,928,114,232,60,135,34,47,30,111,48,25,17,22,80,322
waterli01,Lindy Waters III,SHOOTING GUARD,25,OKLAHOMA CITY THUNDER,41,0,531,70,178,58,162,16,20,16,59,28,14,11,10,42,214
watfotr01,Trendon Watford,POWER FORWARD,22,PORTLAND TRAIL BLAZERS,62,12,1182,181,323,25,64,72,100,42,196,130,32,12,71,118,459
watsope01,Peyton Watson,SHOOTING GUARD,20,DENVER NUGGETS,23,2,186,29,59,6,14,11,20,8,29,11,2,11,8,14,75
weslebl01,Blake Wesley,SHOOTING GUARD,19,SAN ANTONIO SPURS,37,1,669,69,215,20,52,26,44,11,70,99,25,5,65,67,184
westbru01,Russell Westbrook,POINT GUARD,34,LOS ANGELES LAKERS,52,3,1491,304,729,63,213,156,238,59,262,391,53,23,184,121,827
westbru01,Russell Westbrook,POINT GUARD,34,LOS ANGELES CLIPPERS,21,21,635,128,262,26,73,50,76,30,72,160,23,10,71,41,332
whiteco01,Coby White,SHOOTING GUARD,22,CHICAGO BULLS,74,2,1730,263,594,128,344,61,70,16,196,204,54,6,74,122,715
whitede01,Derrick White,SHOOTING GUARD,28,BOSTON CELTICS,82,70,2319,350,758,149,391,168,192,52,241,321,54,76,95,177,1017
whiteja03,Jack White,SMALL FORWARD,25,DENVER NUGGETS,17,0,66,8,19,3,9,2,3,6,11,4,3,2,2,9,21
wieskjo01,Joe Wieskamp,SMALL FORWARD,23,TORONTO RAPTORS,9,0,50,3,14,3,12,0,0,0,4,3,0,0,1,3,9
wiggiaa01,Aaron Wiggins,SHOOTING GUARD,24,OKLAHOMA CITY THUNDER,70,14,1297,186,363,48,122,59,71,68,142,80,39,15,55,110,479
wiggian01,Andrew Wiggins,SMALL FORWARD,27,GOLDEN STATE WARRIORS,37,37,1190,250,529,89,225,44,72,61,125,85,45,28,48,107,633
wiggili01,Lindell Wigginton,POINT GUARD,24,MILWAUKEE BUCKS,7,1,87,18,37,6,18,8,9,0,7,14,0,2,12,7,50
willial06,Alondes Williams,SHOOTING GUARD,23,BROOKLYN NETS,1,0,5,0,0,0,0,0,0,0,1,0,0,0,2,1,0
willido02,Donovan Williams,SHOOTING GUARD,21,ATLANTA HAWKS,2,0,4,2,5,0,2,0,0,0,2,0,0,0,0,0,4
willigr01,Grant Williams,POWER FORWARD,24,BOSTON CELTICS,79,23,2045,216,476,115,291,94,122,87,276,131,41,31,82,192,641
willija06,Jalen Williams,SHOOTING GUARD,21,OKLAHOMA CITY THUNDER,75,62,2276,414,794,73,205,155,191,84,253,248,103,35,123,191,1056
willija07,Jaylin Williams,CENTER,20,OKLAHOMA CITY THUNDER,49,36,914,102,234,46,113,38,54,44,197,76,28,12,37,111,288
willije02,Jeenathan Williams,SHOOTING GUARD,23,PORTLAND TRAIL BLAZERS,5,4,127,24,39,3,8,2,3,10,5,10,3,2,4,13,53
willike04,Kenrich Williams,POWER FORWARD,28,OKLAHOMA CITY THUNDER,53,10,1206,179,346,50,134,17,39,97,164,105,45,14,32,112,425
willima07,Mark Williams,CENTER,21,CHARLOTTE HORNETS,43,17,828,160,251,0,0,67,97,93,211,18,28,45,40,94,387
willipa01,Patrick Williams,POWER FORWARD,21,CHICAGO BULLS,82,65,2323,314,677,115,277,90,105,78,249,100,72,70,101,147,833
williro04,Robert Williams,CENTER,25,BOSTON CELTICS,35,20,824,127,170,0,1,25,41,104,188,50,22,48,34,68,279
willivi01,Vince Williams Jr.,SHOOTING GUARD,22,MEMPHIS GRIZZLIES,15,1,105,12,40,4,28,2,2,4,11,4,6,2,5,12,30
willizi02,Ziaire Williams,SMALL FORWARD,21,MEMPHIS GRIZZLIES,37,4,561,84,196,25,97,17,22,16,63,35,14,6,37,58,210
willizi01,Zion Williamson,POWER FORWARD,22,NEW ORLEANS PELICANS,29,29,956,285,469,7,19,177,248,58,144,133,32,16,99,65,754
windldy01,Dylan Windler,SMALL FORWARD,26,CLEVELAND CAVALIERS,3,0,10,2,3,1,2,0,0,0,0,1,1,0,1,0,5
winslju01,Justise Winslow,POWER FORWARD,26,PORTLAND TRAIL BLAZERS,29,11,776,81,198,14,45,20,28,49,96,98,30,11,43,89,196
wisemja01,James Wiseman,CENTER,21,GOLDEN STATE WARRIORS,21,0,262,59,94,1,2,26,38,18,55,14,3,7,14,39,145
wisemja01,James Wiseman,CENTER,21,DETROIT PISTONS,24,22,605,130,245,3,18,42,59,55,139,16,4,20,37,69,305
woodch01,Christian Wood,CENTER,27,DALLAS MAVERICKS,67,17,1738,396,769,105,279,217,281,87,404,121,30,72,121,169,1114
wrighde01,Delon Wright,POINT GUARD,30,WASHINGTON WIZARDS,50,14,1221,138,291,41,119,52,60,58,122,194,92,17,44,59,369
wrighmc01,McKinley Wright IV,POINT GUARD,24,DALLAS MAVERICKS,27,1,335,46,98,9,28,13,19,9,38,58,8,5,19,24,114
yorkga01,Gabe York,SHOOTING GUARD,29,INDIANA PACERS,3,0,56,8,21,6,18,2,2,0,6,5,2,0,0,5,24
youngth01,Thaddeus Young,POWER FORWARD,34,TORONTO RAPTORS,54,9,795,108,198,6,34,18,26,71,95,75,54,5,42,88,240
youngtr01,Trae Young,POINT GUARD,24,ATLANTA HAWKS,73,73,2541,597,1390,154,460,566,639,56,161,741,80,9,300,104,1914
yurtsom01,Omer Yurtseven,CENTER,24,MIAMI HEAT,9,0,83,16,27,3,7,5,6,8,15,2,2,2,4,16,40
zelleco01,Cody Zeller,CENTER,30,MIAMI HEAT,15,2,217,37,59,0,2,24,35,25,39,10,3,4,14,33,98
zubaciv01,Ivica Zubac,CENTER,25,LOS ANGELES CLIPPERS,76,76,2170,326,514,0,2,166,238,236,520,77,29,98,117,219,818
