slug,name,positions,age,team,games_played,games_started,minutes_played,made_field_goals,attempted_field_goals,made_three_point_field_goals,attempted_three_point_field_goals,made_free_throws,attempted_free_throws,offensive_rebounds,defensive_rebounds,assists,steals,blocks,turnovers,personal_fouls,points
achiupr01,Precious Achiuwa,CENTER,24,TORONTO RAPTORS,25,0,437,78,170,13,47,24,42,50,86,44,16,12,29,40,193
achiupr01,Precious Achiuwa,POWER FORWARD,24,NEW YORK KNICKS,49,18,1187,157,299,13,50,45,70,141,210,53,30,56,54,103,372
adebaba01,Bam Adebayo,CENTER,26,MIAMI HEAT,71,71,2416,530,1017,15,42,292,387,159,578,278,81,66,162,159,1367
agbajoc01,Ochai Agbaji,SHOOTING GUARD,23,UTAH JAZZ,51,10,1003,106,249,47,142,15,20,35,91,47,27,29,34,66,274
agbajoc01,Ochai Agbaji,SHOOTING GUARD,23,TORONTO RAPTORS,27,18,638,72,184,15,69,22,36,39,51,36,20,15,30,51,181
aldamsa01,Santi Aldama,POWER FORWARD,23,MEMPHIS GRIZZLIES,61,35,1618,247,568,106,304,54,87,72,280,138,43,54,69,89,654
alexani01,Nickeil Alexander-Walker,SHOOTING GUARD,25,MINNESOTA TIMBERWOLVES,82,20,1921,236,538,131,335,52,65,35,132,204,64,42,76,143,655
allengr01,Grayson Allen,SHOOTING GUARD,28,PHOENIX SUNS,75,74,2513,340,682,205,445,129,147,48,247,227,69,45,95,157,1014
allenja01,Jarrett Allen,CENTER,25,CLEVELAND CAVALIERS,77,77,2442,519,819,0,6,233,314,243,568,210,53,81,121,147,1271
allenti01,Timmy Allen,SMALL FORWARD,24,MEMPHIS GRIZZLIES,5,0,125,6,23,0,7,1,2,4,13,5,4,0,2,18,13
alvarjo01,Jose Alvarado,POINT GUARD,25,NEW ORLEANS PELICANS,56,0,1028,142,345,78,207,35,52,25,103,117,59,15,40,89,397
anderky01,Kyle Anderson,POWER FORWARD,30,MINNESOTA TIMBERWOLVES,79,10,1782,199,433,11,48,97,137,60,213,331,71,47,91,128,506
antetgi01,Giannis Antetokounmpo,POWER FORWARD,29,MILWAUKEE BUCKS,73,73,2567,837,1369,34,124,514,782,196,645,476,87,79,250,210,2222
antetth01,Thanasis Antetokounmpo,POWER FORWARD,31,MILWAUKEE BUCKS,34,0,155,16,30,0,1,0,2,7,6,17,7,4,14,24,32
anthoco01,Cole Anthony,POINT GUARD,23,ORLANDO MAGIC,81,0,1817,332,763,93,275,180,218,64,247,236,64,37,126,175,937
anunoog01,OG Anunoby,SMALL FORWARD,26,TORONTO RAPTORS,27,27,900,157,321,61,163,33,46,24,82,72,28,13,43,62,408
anunoog01,OG Anunoby,SMALL FORWARD,26,NEW YORK KNICKS,23,23,802,125,256,41,104,34,43,23,79,35,40,23,38,57,325
arcidry01,Ryan Arcidiacono,POINT GUARD,29,NEW YORK KNICKS,20,0,45,0,6,0,6,0,0,0,8,4,2,0,2,5,0
avdijde01,Deni Avdija,SMALL FORWARD,23,WASHINGTON WIZARDS,75,75,2257,406,803,88,235,202,273,84,456,286,60,36,160,185,1102
aytonde01,Deandre Ayton,CENTER,25,PORTLAND TRAIL BLAZERS,55,55,1784,427,749,1,10,65,79,176,433,90,56,42,99,109,920
azubuud01,Udoka Azubuike,CENTER,24,PHOENIX SUNS,16,0,113,16,23,0,0,3,13,11,21,3,1,6,4,17,35
badjiib01,Ibou Badji,CENTER,21,PORTLAND TRAIL BLAZERS,22,1,226,14,22,0,0,6,12,20,31,13,3,20,15,46,34
baglema01,Marvin Bagley III,CENTER,24,DETROIT PISTONS,26,10,478,107,181,1,6,50,61,46,72,27,5,14,29,40,265
baglema01,Marvin Bagley III,CENTER,24,WASHINGTON WIZARDS,24,15,575,132,227,8,17,46,65,84,110,28,15,19,30,41,318
baileam01,Amari Bailey,POINT GUARD,19,CHARLOTTE HORNETS,10,0,65,8,24,1,8,6,7,6,3,7,3,0,4,2,23
baldwpa01,Patrick Baldwin Jr.,SMALL FORWARD,21,WASHINGTON WIZARDS,38,7,493,59,155,31,97,19,28,17,106,29,18,15,19,56,168
ballla01,LaMelo Ball,POINT GUARD,22,CHARLOTTE HORNETS,22,22,711,183,423,70,197,90,104,29,84,176,40,4,83,79,526
bambamo01,Mo Bamba,CENTER,25,PHILADELPHIA 76ERS,57,17,740,97,198,25,64,34,50,77,161,41,22,60,39,101,253
banchpa01,Paolo Banchero,POWER FORWARD,21,ORLANDO MAGIC,80,80,2799,640,1407,119,351,405,559,82,472,431,71,47,247,153,1804
banede01,Desmond Bane,SHOOTING GUARD,25,MEMPHIS GRIZZLIES,42,42,1443,360,776,137,360,140,161,36,149,230,43,22,112,120,997
bantoda01,Dalano Banton,POINT GUARD,24,BOSTON CELTICS,24,1,171,19,51,2,16,16,20,12,23,19,5,3,10,20,56
bantoda01,Dalano Banton,POINT GUARD,24,PORTLAND TRAIL BLAZERS,30,8,876,183,449,57,183,78,100,29,114,108,28,17,67,44,501
barlodo01,Dominick Barlow,POWER FORWARD,20,SAN ANTONIO SPURS,33,1,420,56,113,3,9,29,42,45,68,36,12,14,9,47,144
barneha02,Harrison Barnes,POWER FORWARD,31,SACRAMENTO KINGS,82,82,2381,347,732,149,385,157,196,67,182,99,54,12,58,98,1000
barnesc01,Scottie Barnes,SHOOTING GUARD,22,TORONTO RAPTORS,60,60,2094,447,942,101,296,196,251,141,353,363,75,88,165,118,1191
barrerj01,RJ Barrett,SHOOTING GUARD,23,NEW YORK KNICKS,26,26,766,164,388,43,130,103,124,19,92,63,12,9,47,45,474
barrerj01,RJ Barrett,SHOOTING GUARD,23,TORONTO RAPTORS,32,32,1072,272,492,47,120,105,167,34,170,130,19,13,79,84,696
bassech01,Charles Bassey,CENTER,23,SAN ANTONIO SPURS,19,0,205,29,40,0,1,5,6,23,53,21,8,17,15,31,63
batesem01,Emoni Bates,SMALL FORWARD,20,CLEVELAND CAVALIERS,15,0,133,15,49,10,33,1,4,1,13,10,1,2,8,5,41
bateske01,Keita Bates-Diop,SMALL FORWARD,28,PHOENIX SUNS,39,8,597,64,150,20,64,26,36,30,71,34,22,20,13,33,174
bateske01,Keita Bates-Diop,SMALL FORWARD,28,BROOKLYN NETS,14,0,68,8,16,1,5,6,6,1,8,4,3,2,2,2,23
batumni01,Nicolas Batum,POWER FORWARD,35,LOS ANGELES CLIPPERS,3,0,54,3,8,2,7,0,0,0,7,5,3,4,1,5,8
batumni01,Nicolas Batum,POWER FORWARD,35,PHILADELPHIA 76ERS,57,38,1475,113,248,71,178,15,21,70,171,123,45,34,39,104,312
bazleda01,Darius Bazley,POWER FORWARD,23,PHILADELPHIA 76ERS,3,0,10,0,1,0,0,0,0,0,1,2,0,0,1,0,0
bazleda01,Darius Bazley,POWER FORWARD,23,UTAH JAZZ,6,0,142,18,29,2,8,10,12,8,19,5,6,7,7,3,48
bealbr01,Bradley Beal,SHOOTING GUARD,30,PHOENIX SUNS,53,53,1767,377,735,101,235,109,134,54,178,265,52,27,131,127,964
beaslma01,Malik Beasley,SHOOTING GUARD,27,MILWAUKEE BUCKS,79,77,2337,320,722,224,542,25,35,41,249,108,59,9,54,158,889
beaucma01,MarJon Beauchamp,SMALL FORWARD,23,MILWAUKEE BUCKS,48,1,608,81,166,30,75,19,28,22,77,31,13,7,27,54,211
bernaju01,Jules Bernard,SHOOTING GUARD,24,WASHINGTON WIZARDS,19,0,149,29,64,11,29,5,9,10,16,16,3,1,8,14,74
bertada01,Dāvis Bertāns,POWER FORWARD,31,OKLAHOMA CITY THUNDER,15,0,91,10,26,10,24,14,15,2,8,9,3,3,1,10,44
bertada01,Dāvis Bertāns,POWER FORWARD,31,CHARLOTTE HORNETS,28,1,583,82,208,66,176,16,18,7,44,26,23,9,17,46,246
beverpa01,Patrick Beverley,POINT GUARD,35,PHILADELPHIA 76ERS,47,5,919,104,241,35,109,51,63,30,115,144,24,18,49,83,294
beverpa01,Patrick Beverley,POINT GUARD,35,MILWAUKEE BUCKS,26,8,543,54,138,26,72,23,27,19,75,68,19,13,16,45,157
beysa01,Saddiq Bey,SMALL FORWARD,24,ATLANTA HAWKS,63,51,2062,290,697,113,358,170,203,167,244,92,51,11,54,88,863
bitadgo01,Goga Bitadze,CENTER,24,ORLANDO MAGIC,62,33,957,126,209,2,14,57,87,109,177,79,32,72,44,107,311
bitimon01,Onuralp Bitim,SHOOTING GUARD,24,CHICAGO BULLS,23,1,268,32,84,12,44,4,5,6,26,13,3,2,10,24,80
biyombi01,Bismack Biyombo,CENTER,31,MEMPHIS GRIZZLIES,30,27,718,67,119,0,0,22,46,57,134,51,10,34,38,82,156
biyombi01,Bismack Biyombo,CENTER,31,OKLAHOMA CITY THUNDER,10,0,73,7,12,0,0,4,8,5,13,2,1,3,4,7,18
blackan01,Anthony Black,POINT GUARD,20,ORLANDO MAGIC,69,33,1164,115,247,37,94,49,80,33,106,91,35,21,56,110,316
blackle01,Leaky Black,SMALL FORWARD,24,CHARLOTTE HORNETS,26,3,284,25,52,9,20,10,15,9,39,24,8,11,6,19,69
boehebu01,Buddy Boeheim,SMALL FORWARD,24,DETROIT PISTONS,10,0,84,9,29,8,25,8,10,3,7,3,0,1,0,5,34
bogdabo01,Bogdan Bogdanović,SHOOTING GUARD,31,ATLANTA HAWKS,79,33,2401,471,1100,240,641,151,164,53,219,247,96,26,112,179,1333
bogdabo02,Bojan Bogdanović,POWER FORWARD,34,DETROIT PISTONS,28,27,921,199,425,86,207,81,104,13,81,71,23,4,63,57,565
bogdabo02,Bojan Bogdanović,SMALL FORWARD,34,NEW YORK KNICKS,29,0,557,110,256,47,127,36,45,9,49,26,7,1,38,38,303
bolbo01,Bol Bol,POWER FORWARD,24,PHOENIX SUNS,43,0,469,93,151,22,52,15,19,32,105,17,10,25,19,42,223
boldema01,Marques Bolden,CENTER,25,MILWAUKEE BUCKS,2,0,3,0,0,0,0,0,0,0,2,0,0,0,0,1,0
boldema01,Marques Bolden,CENTER,25,CHARLOTTE HORNETS,9,2,118,17,25,0,1,3,4,10,22,4,3,7,3,9,37
bookede01,Devin Booker,POINT GUARD,27,PHOENIX SUNS,68,68,2447,642,1305,152,418,405,457,56,252,472,61,28,178,206,1841
bostobr01,Brandon Boston Jr.,SMALL FORWARD,22,LOS ANGELES CLIPPERS,32,0,345,65,161,14,52,23,33,19,33,13,11,8,24,40,167
bouchch01,Chris Boucher,POWER FORWARD,31,TORONTO RAPTORS,50,0,705,110,217,31,94,71,92,62,145,23,14,24,28,68,322
bouknja01,James Bouknight,SHOOTING GUARD,23,CHARLOTTE HORNETS,14,0,81,18,41,13,30,1,2,1,8,6,1,1,2,3,50
bouyeja01,Jamaree Bouyea,POINT GUARD,24,PORTLAND TRAIL BLAZERS,6,0,57,5,21,0,8,0,0,2,8,8,0,0,8,3,10
bouyeja01,Jamaree Bouyea,POINT GUARD,24,SAN ANTONIO SPURS,3,0,38,5,7,1,1,0,0,1,8,3,1,0,1,7,11
branhma01,Malaki Branham,POINT GUARD,20,SAN ANTONIO SPURS,75,29,1594,271,628,93,268,55,63,28,120,156,27,8,91,94,690
braunch01,Christian Braun,SHOOTING GUARD,22,DENVER NUGGETS,82,4,1655,222,483,63,164,93,134,79,227,132,42,35,55,137,600
bridgmi01,Mikal Bridges,SMALL FORWARD,27,BROOKLYN NETS,82,82,2854,564,1294,220,592,258,317,68,304,299,81,30,164,116,1606
bridgmi02,Miles Bridges,SMALL FORWARD,25,CHARLOTTE HORNETS,69,67,2581,559,1210,157,450,174,211,71,434,231,65,33,138,118,1449
brissos01,Oshae Brissett,SMALL FORWARD,25,BOSTON CELTICS,55,1,630,68,153,15,55,50,83,61,99,44,19,8,20,54,201
brockiz01,Izaiah Brockington,POINT GUARD,24,NEW ORLEANS PELICANS,1,0,3,2,5,0,1,0,0,1,1,0,0,0,0,0,4
brogdma01,Malcolm Brogdon,POINT GUARD,31,PORTLAND TRAIL BLAZERS,39,25,1121,218,496,82,199,95,116,28,120,214,27,8,60,58,613
brookar01,Armoni Brooks,POINT GUARD,25,BROOKLYN NETS,10,0,104,15,46,11,32,1,2,7,11,5,1,1,3,3,42
brookdi01,Dillon Brooks,SMALL FORWARD,28,HOUSTON ROCKETS,72,72,2227,329,768,133,370,124,147,53,193,119,64,10,88,241,915
brownbr01,Bruce Brown,SHOOTING GUARD,27,INDIANA PACERS,33,33,981,149,314,33,101,67,82,25,129,100,35,8,41,81,398
brownbr01,Bruce Brown,POINT GUARD,27,TORONTO RAPTORS,34,11,885,129,268,20,63,50,60,28,102,92,24,9,45,67,328
brownch02,Charlie Brown Jr.,SHOOTING GUARD,26,NEW YORK KNICKS,8,0,37,2,10,2,7,0,0,1,1,0,0,2,2,5,6
browngr01,Greg Brown III,POWER FORWARD,22,DALLAS MAVERICKS,6,0,40,5,11,1,3,4,9,3,6,4,0,4,4,5,15
brownja02,Jaylen Brown,SMALL FORWARD,27,BOSTON CELTICS,70,70,2343,627,1256,145,410,211,300,84,303,249,83,37,166,185,1610
brownke03,Kendall Brown,SHOOTING GUARD,20,INDIANA PACERS,15,0,63,8,15,0,2,5,8,3,2,5,0,0,2,9,21
brownko01,Kobe Brown,POWER FORWARD,24,LOS ANGELES CLIPPERS,44,0,394,37,90,14,48,1,2,20,42,25,12,6,9,49,89
brownmo01,Moses Brown,CENTER,24,PORTLAND TRAIL BLAZERS,22,5,200,33,65,0,0,9,31,37,49,7,5,7,11,27,75
browntr01,Troy Brown Jr.,SMALL FORWARD,24,MINNESOTA TIMBERWOLVES,37,3,410,52,118,31,84,19,22,14,58,35,8,2,18,26,154
browntr01,Troy Brown Jr.,SMALL FORWARD,24,DETROIT PISTONS,22,12,417,32,108,16,57,13,15,11,61,25,16,1,12,16,93
brunsja01,Jalen Brunson,POINT GUARD,27,NEW YORK KNICKS,77,77,2726,790,1648,211,526,421,497,43,235,519,70,13,186,144,2212
bryanth01,Thomas Bryant,CENTER,26,MIAMI HEAT,38,4,441,86,149,4,22,41,47,40,101,23,10,16,21,46,217
bufkiko01,Kobe Bufkin,SHOOTING GUARD,20,ATLANTA HAWKS,17,0,196,34,92,9,40,4,8,6,27,27,7,5,10,20,81
bullore01,Reggie Bullock,SMALL FORWARD,32,HOUSTON ROCKETS,44,0,417,34,82,27,67,1,1,6,67,15,12,5,10,29,96
burksal01,Alec Burks,SHOOTING GUARD,32,DETROIT PISTONS,43,0,901,160,406,99,247,121,134,16,94,68,21,11,32,64,540
burksal01,Alec Burks,SHOOTING GUARD,32,NEW YORK KNICKS,23,1,311,50,163,25,83,24,33,8,32,20,7,1,16,11,149
butleja02,Jared Butler,SHOOTING GUARD,23,WASHINGTON WIZARDS,40,0,566,98,201,24,78,31,36,9,49,126,29,8,50,58,251
butleji01,Jimmy Butler,POWER FORWARD,34,MIAMI HEAT,60,60,2042,396,793,60,145,394,459,105,213,298,79,17,102,68,1246
cainja01,Jamal Cain,POWER FORWARD,24,MIAMI HEAT,26,1,259,34,79,11,31,18,23,15,22,10,10,5,8,22,97
caldwke01,Kentavious Caldwell-Pope,SHOOTING GUARD,30,DENVER NUGGETS,76,76,2402,270,587,125,308,101,113,31,152,183,98,42,75,151,766
camarto01,Toumani Camara,POWER FORWARD,23,PORTLAND TRAIL BLAZERS,70,49,1739,197,438,58,172,75,99,139,204,87,66,33,84,174,527
capelca01,Clint Capela,CENTER,29,ATLANTA HAWKS,73,73,1883,353,618,0,1,130,206,335,441,91,43,106,74,164,836
carteje01,Jevon Carter,POINT GUARD,28,CHICAGO BULLS,72,0,1004,138,365,77,234,4,7,11,49,94,37,16,36,71,357
cartewe01,Wendell Carter Jr.,CENTER,24,ORLANDO MAGIC,55,48,1406,223,425,64,171,93,134,112,269,95,35,28,68,121,603
cartodj01,D.J. Carton,SHOOTING GUARD,23,TORONTO RAPTORS,4,0,36,3,8,1,4,4,5,2,2,3,1,0,1,3,11
carusal01,Alex Caruso,SHOOTING GUARD,29,CHICAGO BULLS,71,57,2040,253,541,136,333,73,96,62,211,247,120,70,102,181,715
castlco01,Colin Castleton,CENTER,23,LOS ANGELES LAKERS,16,0,59,9,16,0,0,6,6,6,6,3,2,0,3,11,24
cazalma01,Malcolm Cazalon,SHOOTING GUARD,22,DETROIT PISTONS,1,0,3,0,0,0,0,0,0,0,0,0,0,0,0,0,0
champju02,Julian Champagnie,SMALL FORWARD,22,SAN ANTONIO SPURS,74,59,1468,164,402,101,277,75,92,42,164,103,48,42,57,77,504
champju01,Justin Champagnie,SMALL FORWARD,22,WASHINGTON WIZARDS,15,1,235,32,78,13,45,12,15,19,34,19,10,9,10,14,89
chrisma02,Max Christie,SHOOTING GUARD,20,LOS ANGELES LAKERS,67,7,944,103,241,42,118,36,46,15,127,60,20,17,35,57,284
cissosi01,Sidy Cissoko,SMALL FORWARD,19,SAN ANTONIO SPURS,12,0,141,16,33,1,12,12,15,8,14,10,7,3,3,18,45
clarkbr01,Brandon Clarke,POWER FORWARD,27,MEMPHIS GRIZZLIES,6,1,134,33,59,1,6,1,7,13,19,9,5,6,3,8,68
clarkjo01,Jordan Clarkson,SHOOTING GUARD,31,UTAH JAZZ,55,19,1682,337,816,91,309,177,201,49,139,277,35,6,146,81,942
claxtni01,Nic Claxton,CENTER,24,BROOKLYN NETS,71,71,2116,366,582,1,5,108,196,193,513,147,46,146,93,175,841
clownno01,Noah Clowney,POWER FORWARD,19,BROOKLYN NETS,23,4,370,50,93,12,33,21,30,26,55,18,8,16,15,25,133
coffeam01,Amir Coffey,SMALL FORWARD,26,LOS ANGELES CLIPPERS,70,13,1460,166,352,70,184,61,71,29,119,76,41,14,33,102,463
collijo01,John Collins,POWER FORWARD,26,UTAH JAZZ,68,66,1901,397,746,86,232,147,185,157,418,77,40,61,98,191,1027
colliza01,Zach Collins,CENTER,26,SAN ANTONIO SPURS,69,29,1526,298,616,58,181,122,162,118,252,194,34,52,132,206,776
conlemi01,Mike Conley,POINT GUARD,36,MINNESOTA TIMBERWOLVES,76,76,2193,294,644,179,405,102,112,37,181,449,88,17,102,128,869
connapa01,Pat Connaughton,SMALL FORWARD,31,MILWAUKEE BUCKS,76,3,1676,151,347,82,238,44,58,51,188,161,40,19,49,99,428
coulibi01,Bilal Coulibaly,SMALL FORWARD,19,WASHINGTON WIZARDS,63,15,1715,188,432,64,185,92,131,56,200,110,57,48,87,137,532
councri01,Ricky Council IV,SHOOTING GUARD,22,PHILADELPHIA 76ERS,32,0,289,54,112,12,32,53,71,14,32,16,8,1,5,17,173
covinro01,Robert Covington,POWER FORWARD,33,LOS ANGELES CLIPPERS,3,3,69,3,9,2,8,1,2,2,6,7,6,2,0,7,9
covinro01,Robert Covington,SMALL FORWARD,33,PHILADELPHIA 76ERS,26,3,419,40,89,17,48,21,24,29,60,17,33,16,11,49,118
craigto01,Torrey Craig,SMALL FORWARD,33,CHICAGO BULLS,53,14,1049,108,251,60,153,27,36,69,148,58,30,21,32,110,303
crowdja01,Jae Crowder,POWER FORWARD,33,MILWAUKEE BUCKS,50,25,1156,114,270,58,166,26,36,31,130,66,38,9,23,74,312
crutcja01,Jalen Crutcher,POINT GUARD,24,NEW ORLEANS PELICANS,1,0,3,0,1,0,0,0,0,0,0,0,0,0,0,0,0
cunnica01,Cade Cunningham,POINT GUARD,22,DETROIT PISTONS,62,62,2074,524,1167,119,335,238,274,33,235,464,56,22,212,153,1405
curryse01,Seth Curry,SHOOTING GUARD,33,DALLAS MAVERICKS,36,3,457,54,145,29,80,17,19,15,37,30,17,3,16,32,154
curryse01,Seth Curry,SHOOTING GUARD,33,CHARLOTTE HORNETS,8,1,159,26,59,9,28,11,12,3,13,14,5,3,5,7,72
curryst01,Stephen Curry,POINT GUARD,35,GOLDEN STATE WARRIORS,74,74,2421,650,1445,357,876,299,324,37,293,379,54,28,210,117,1956
daniedy01,Dyson Daniels,POINT GUARD,20,NEW ORLEANS PELICANS,61,16,1358,139,311,42,135,34,53,62,174,164,85,25,59,101,354
davisan02,Anthony Davis,CENTER,30,LOS ANGELES LAKERS,76,76,2700,713,1283,29,107,421,516,239,722,266,91,178,159,177,1876
davisjo06,Johnny Davis,SHOOTING GUARD,21,WASHINGTON WIZARDS,50,6,613,62,154,14,40,14,24,18,54,32,18,10,13,57,152
davisjd01,JD Davison,SHOOTING GUARD,21,BOSTON CELTICS,8,0,39,5,12,3,7,3,4,2,8,10,1,1,2,4,16
dennide01,Dexter Dennis,SHOOTING GUARD,24,DALLAS MAVERICKS,4,0,30,10,19,1,8,1,3,1,8,4,0,1,3,1,22
derozde01,DeMar DeRozan,SMALL FORWARD,34,CHICAGO BULLS,79,79,2989,650,1355,75,225,522,612,43,297,421,90,45,135,161,1897
diabamo01,Moussa Diabaté,CENTER,22,LOS ANGELES CLIPPERS,11,0,64,10,19,0,0,9,14,15,9,4,5,1,2,4,29
diakima01,Mamadi Diakite,POWER FORWARD,27,SAN ANTONIO SPURS,3,0,16,4,5,0,0,4,6,1,2,2,0,1,0,1,12
diakima01,Mamadi Diakite,POWER FORWARD,27,NEW YORK KNICKS,3,0,8,0,1,0,1,0,0,0,1,0,1,0,1,1,0
diallha01,Hamidou Diallo,SHOOTING GUARD,25,WASHINGTON WIZARDS,2,0,5,1,2,0,0,0,0,2,0,1,2,0,1,1,2
dickgr01,Gradey Dick,SHOOTING GUARD,20,TORONTO RAPTORS,60,17,1268,189,445,88,241,44,51,27,105,68,34,2,50,87,510
diengou01,Ousmane Dieng,POWER FORWARD,20,OKLAHOMA CITY THUNDER,33,0,365,49,116,21,70,14,16,10,41,37,8,5,19,22,133
dinwisp01,Spencer Dinwiddie,POINT GUARD,30,BROOKLYN NETS,48,48,1474,195,499,89,278,125,160,26,132,288,38,9,62,86,604
dinwisp01,Spencer Dinwiddie,POINT GUARD,30,LOS ANGELES LAKERS,28,4,678,56,141,35,90,44,50,4,43,68,13,13,29,52,191
divindo01,Donte DiVincenzo,SHOOTING GUARD,27,NEW YORK KNICKS,81,63,2360,445,1004,283,705,86,114,63,234,216,107,36,113,166,1259
doncilu01,Luka Dončić,POINT GUARD,24,DALLAS MAVERICKS,70,70,2624,804,1652,284,744,478,608,59,588,686,99,38,282,149,2370
dortlu01,Luguentz Dort,SMALL FORWARD,24,OKLAHOMA CITY THUNDER,79,79,2246,288,657,156,396,128,155,74,210,113,72,47,74,228,860
dosunay01,Ayo Dosunmu,SHOOTING GUARD,24,CHICAGO BULLS,76,37,2212,360,719,119,295,85,105,54,162,242,68,36,103,166,924
dowtije01,Jeff Dowtin,POINT GUARD,26,PHILADELPHIA 76ERS,12,0,142,20,36,9,19,3,4,3,17,27,7,1,5,1,52
drellhe01,Henri Drell,SMALL FORWARD,23,CHICAGO BULLS,4,0,30,4,10,2,6,1,2,1,3,4,2,1,2,6,11
drumman01,Andre Drummond,CENTER,30,CHICAGO BULLS,79,10,1351,267,480,0,3,129,218,265,443,37,73,48,81,140,663
duartch01,Chris Duarte,SMALL FORWARD,26,SACRAMENTO KINGS,59,11,719,80,210,44,127,26,33,26,80,44,28,8,26,80,230
dukeda01,David Duke Jr.,SHOOTING GUARD,24,SAN ANTONIO SPURS,4,0,51,10,18,3,6,3,3,2,8,5,2,0,3,4,26
dunnkr01,Kris Dunn,POINT GUARD,29,UTAH JAZZ,66,32,1249,147,313,41,111,22,32,50,139,254,68,28,79,135,357
duranke01,Kevin Durant,POWER FORWARD,35,PHOENIX SUNS,75,75,2791,751,1436,168,407,362,423,41,454,378,69,91,244,133,2032
durenja01,Jalen Duren,CENTER,20,DETROIT PISTONS,61,60,1777,349,564,0,4,143,181,192,517,147,33,47,129,192,841
easonta01,Tari Eason,POWER FORWARD,22,HOUSTON ROCKETS,22,0,480,88,189,18,50,21,33,46,107,27,31,19,20,51,215
edwaran01,Anthony Edwards,SHOOTING GUARD,22,MINNESOTA TIMBERWOLVES,79,78,2770,718,1558,190,532,423,506,52,378,405,101,42,241,141,2049
edwarke02,Kessler Edwards,SMALL FORWARD,23,SACRAMENTO KINGS,54,0,275,34,82,20,52,5,9,9,33,15,10,4,4,26,93
elliske01,Keon Ellis,SHOOTING GUARD,24,SACRAMENTO KINGS,57,21,978,107,232,70,168,26,35,32,92,85,51,29,37,112,310
embiijo01,Joel Embiid,CENTER,29,PHILADELPHIA 76ERS,39,39,1309,450,851,54,139,399,452,95,335,219,46,66,150,112,1353
eubandr01,Drew Eubanks,CENTER,26,PHOENIX SUNS,75,6,1169,152,253,3,3,72,93,103,219,63,27,61,61,115,379
evbuoto01,Tosan Evbuomwan,SMALL FORWARD,22,MEMPHIS GRIZZLIES,4,0,74,4,15,2,8,0,0,8,6,6,0,1,1,5,10
evbuoto01,Tosan Evbuomwan,SMALL FORWARD,22,DETROIT PISTONS,13,8,293,32,56,10,24,17,25,10,36,10,6,4,8,18,91
exumda01,Dante Exum,POINT GUARD,28,DALLAS MAVERICKS,55,17,1088,161,302,53,108,53,68,25,124,157,22,5,49,85,428
fernabr01,Bruno Fernando,CENTER,25,ATLANTA HAWKS,45,2,682,109,187,0,4,64,96,59,134,46,25,28,44,107,282
finnedo01,Dorian Finney-Smith,POWER FORWARD,30,BROOKLYN NETS,68,56,1934,215,511,117,336,33,46,109,208,107,56,38,59,150,580
flaglad01,Adam Flagler,SHOOTING GUARD,24,OKLAHOMA CITY THUNDER,2,0,14,1,7,1,6,0,0,0,0,4,0,0,0,0,3
flynnma01,Malachi Flynn,POINT GUARD,25,TORONTO RAPTORS,31,0,474,56,137,28,80,17,22,13,52,73,18,6,33,42,157
flynnma01,Malachi Flynn,POINT GUARD,25,NEW YORK KNICKS,14,0,60,9,23,4,13,9,11,0,6,6,1,0,3,3,31
flynnma01,Malachi Flynn,POINT GUARD,25,DETROIT PISTONS,24,0,342,71,165,24,76,26,38,8,35,51,19,2,27,21,192
fontesi01,Simone Fontecchio,SMALL FORWARD,28,UTAH JAZZ,50,34,1160,161,358,91,233,32,40,52,124,73,30,18,51,81,445
fontesi01,Simone Fontecchio,SMALL FORWARD,28,DETROIT PISTONS,16,9,484,91,190,43,101,22,26,12,58,28,14,5,17,29,247
fordjo01,Jordan Ford,POINT GUARD,25,SACRAMENTO KINGS,6,0,22,4,7,2,3,2,2,0,2,2,0,0,1,0,12
forretr01,Trent Forrest,SHOOTING GUARD,25,ATLANTA HAWKS,38,0,414,34,90,2,10,13,17,11,40,92,11,3,20,25,83
fournev01,Evan Fournier,SHOOTING GUARD,31,NEW YORK KNICKS,3,0,39,4,20,2,15,2,2,0,4,3,4,0,1,4,12
fournev01,Evan Fournier,SHOOTING GUARD,31,DETROIT PISTONS,29,0,541,75,201,31,115,27,34,5,49,45,25,7,20,44,208
foxde01,De'Aaron Fox,POINT GUARD,26,SACRAMENTO KINGS,74,74,2659,720,1549,214,580,312,423,67,273,418,150,31,194,193,1966
freemja01,Javon Freeman-Liberty,POINT GUARD,24,TORONTO RAPTORS,22,6,403,55,124,10,42,33,36,16,54,40,10,4,25,28,153
fudgeal01,Alex Fudge,SMALL FORWARD,20,LOS ANGELES LAKERS,4,0,14,1,6,0,2,2,2,2,0,0,0,0,1,1,4
fudgeal01,Alex Fudge,SMALL FORWARD,20,DALLAS MAVERICKS,2,0,26,5,9,1,3,0,0,2,1,0,3,0,1,1,11
fultzma01,Markelle Fultz,POINT GUARD,25,ORLANDO MAGIC,43,18,910,154,326,4,18,23,33,56,82,120,42,15,50,65,335
funkan01,Andrew Funk,SHOOTING GUARD,24,CHICAGO BULLS,5,0,13,0,4,0,3,0,0,0,0,0,1,1,0,0,0
gabriwe01,Wenyen Gabriel,POWER FORWARD,26,MEMPHIS GRIZZLIES,5,0,81,8,22,1,6,0,5,7,18,3,2,2,8,10,17
gaffoda01,Daniel Gafford,CENTER,25,WASHINGTON WIZARDS,45,45,1192,203,294,0,0,84,119,131,230,69,44,97,46,147,490
gaffoda01,Daniel Gafford,POWER FORWARD,25,DALLAS MAVERICKS,29,21,623,145,186,0,0,34,56,64,137,46,21,56,28,80,324
gallida01,Danilo Gallinari,POWER FORWARD,35,WASHINGTON WIZARDS,26,0,385,57,131,20,64,47,56,12,64,31,6,3,12,26,181
gallida01,Danilo Gallinari,SMALL FORWARD,35,DETROIT PISTONS,6,0,90,12,22,7,12,21,24,2,12,12,2,2,1,9,52
gallida01,Danilo Gallinari,SMALL FORWARD,35,MILWAUKEE BUCKS,17,0,155,14,37,3,17,16,18,6,12,12,6,1,10,15,47
garlada01,Darius Garland,POINT GUARD,24,CLEVELAND CAVALIERS,57,57,1901,375,841,132,356,146,175,30,122,373,74,7,176,95,1028
garubus01,Usman Garuba,POWER FORWARD,21,GOLDEN STATE WARRIORS,6,0,18,1,6,0,1,1,2,3,4,1,1,3,2,2,3
garzalu01,Luka Garza,CENTER,25,MINNESOTA TIMBERWOLVES,25,0,122,36,75,9,32,18,25,19,12,4,4,1,6,24,99
gateska01,Kaiser Gates,SMALL FORWARD,27,NEW ORLEANS PELICANS,1,0,7,0,4,0,2,0,0,0,1,0,0,0,0,0,0
georgke01,Keyonte George,POINT GUARD,20,UTAH JAZZ,75,44,2023,319,815,147,440,189,223,15,196,332,36,7,188,91,974
georgpa01,Paul George,POWER FORWARD,33,LOS ANGELES CLIPPERS,74,74,2502,582,1236,243,588,264,291,37,351,262,113,37,153,202,1671
gibsota01,Taj Gibson,POWER FORWARD,38,NEW YORK KNICKS,16,1,165,7,23,0,6,2,2,10,18,9,2,6,5,28,16
gibsota01,Taj Gibson,POWER FORWARD,38,DETROIT PISTONS,4,0,39,8,14,2,4,0,0,2,7,2,1,1,0,3,18
giddejo01,Josh Giddey,SHOOTING GUARD,21,OKLAHOMA CITY THUNDER,80,80,2011,402,847,82,243,100,124,111,403,386,51,44,168,111,986
gilesha01,Harry Giles,CENTER,25,BROOKLYN NETS,16,0,81,22,44,3,11,7,13,12,14,6,1,3,6,15,54
gilesha01,Harry Giles,CENTER,25,LOS ANGELES LAKERS,7,0,19,1,6,0,3,0,0,0,4,0,1,0,0,0,2
gilgesh01,Shai Gilgeous-Alexander,POINT GUARD,25,OKLAHOMA CITY THUNDER,75,75,2553,796,1487,95,269,567,649,65,350,465,150,67,162,184,2254
gillan01,Anthony Gill,POWER FORWARD,31,WASHINGTON WIZARDS,50,3,466,75,160,10,41,29,36,37,57,34,13,11,23,48,189
gilleco01,Collin Gillespie,POINT GUARD,24,DENVER NUGGETS,24,0,225,32,69,15,38,8,12,1,20,27,13,0,14,24,87
gilyaja01,Jacob Gilyard,POINT GUARD,25,MEMPHIS GRIZZLIES,37,14,654,60,144,51,120,2,2,8,35,131,27,5,29,35,173
gilyaja01,Jacob Gilyard,POINT GUARD,25,BROOKLYN NETS,4,0,45,0,6,0,6,0,0,1,2,6,6,0,1,4,0
goberru01,Rudy Gobert,CENTER,31,MINNESOTA TIMBERWOLVES,76,76,2593,406,614,0,3,249,390,285,697,102,52,162,118,238,1061
goodwjo01,Jordan Goodwin,POINT GUARD,25,PHOENIX SUNS,40,0,558,75,193,23,80,25,29,40,77,78,23,9,29,43,198
goodwjo01,Jordan Goodwin,POINT GUARD,25,MEMPHIS GRIZZLIES,17,12,497,66,189,19,61,19,30,48,88,77,25,9,27,33,170
gordoaa01,Aaron Gordon,POWER FORWARD,28,DENVER NUGGETS,73,73,2297,398,716,40,138,177,269,174,297,259,56,45,105,142,1013
gordoer01,Eric Gordon,SHOOTING GUARD,35,PHOENIX SUNS,68,24,1893,274,618,150,397,51,64,16,106,139,66,30,73,79,749
grahade01,Devonte' Graham,POINT GUARD,28,SAN ANTONIO SPURS,23,0,313,38,108,25,83,13,16,5,31,49,9,2,17,14,114
grantje01,Jerami Grant,POWER FORWARD,29,PORTLAND TRAIL BLAZERS,54,54,1830,383,850,111,276,255,312,37,154,152,45,34,116,117,1132
grayra01,RaiQuan Gray,POWER FORWARD,24,SAN ANTONIO SPURS,3,0,39,10,17,3,7,0,0,2,5,6,1,1,1,0,23
greenaj01,A.J. Green,SHOOTING GUARD,24,MILWAUKEE BUCKS,56,0,614,83,196,69,169,17,19,9,55,30,9,4,12,49,252
greenda02,Danny Green,SHOOTING GUARD,36,PHILADELPHIA 76ERS,2,0,18,0,2,0,1,0,0,0,2,1,1,0,0,1,0
greendr01,Draymond Green,POWER FORWARD,33,GOLDEN STATE WARRIORS,55,52,1490,185,372,51,129,54,74,76,322,332,55,47,135,166,475
greenja05,Jalen Green,SHOOTING GUARD,21,HOUSTON ROCKETS,82,82,2601,563,1332,201,605,283,352,41,382,291,66,28,191,115,1610
greenja02,Javonte Green,SMALL FORWARD,30,CHICAGO BULLS,9,5,230,45,75,10,27,10,13,20,47,5,10,8,7,19,110
greenje02,Jeff Green,POWER FORWARD,37,HOUSTON ROCKETS,78,6,1307,167,366,53,160,122,149,46,132,70,16,31,46,100,509
greenjo02,Josh Green,SHOOTING GUARD,23,DALLAS MAVERICKS,57,33,1505,179,374,72,187,39,57,40,144,130,47,9,60,107,469
griffaj01,AJ Griffin,SMALL FORWARD,20,ATLANTA HAWKS,20,0,171,18,62,10,39,2,2,2,16,5,1,2,8,6,48
grimequ01,Quentin Grimes,SHOOTING GUARD,23,NEW YORK KNICKS,45,18,910,113,286,77,212,24,34,14,74,52,30,3,21,66,327
grimequ01,Quentin Grimes,SHOOTING GUARD,23,DETROIT PISTONS,6,0,115,9,42,4,28,10,11,1,11,14,5,4,7,9,32
gueyemo01,Mouhamadou Gueye,POWER FORWARD,25,TORONTO RAPTORS,11,0,120,11,38,0,3,4,9,12,11,5,3,18,12,15,26
gueyemo02,Mouhamed Gueye,POWER FORWARD,21,ATLANTA HAWKS,6,0,73,8,23,3,9,5,6,10,12,4,5,4,1,13,24
hachiru01,Rui Hachimura,POWER FORWARD,25,LOS ANGELES LAKERS,68,39,1826,363,676,98,232,99,134,58,236,81,41,25,46,101,923
haganas01,Ashton Hagans,POINT GUARD,24,PORTLAND TRAIL BLAZERS,19,1,316,29,71,8,25,14,17,14,31,54,11,9,30,40,80
halibty01,Tyrese Haliburton,POINT GUARD,23,INDIANA PACERS,69,68,2224,500,1048,195,535,194,227,35,236,752,83,48,159,75,1389
hamptrj01,R.J. Hampton,POINT GUARD,22,MIAMI HEAT,8,2,76,4,14,1,8,1,2,2,4,8,0,0,3,8,10
hardati02,Tim Hardaway Jr.,SMALL FORWARD,31,DALLAS MAVERICKS,79,12,2120,392,976,211,597,144,169,22,232,139,42,6,69,106,1139
hardeja01,James Harden,POINT GUARD,34,LOS ANGELES CLIPPERS,72,72,2470,352,822,186,488,302,344,34,335,614,77,57,185,127,1192
hardyja02,Jaden Hardy,SHOOTING GUARD,21,DALLAS MAVERICKS,73,7,989,195,479,81,224,59,76,20,111,109,22,4,62,80,530
harpero02,Ron Harper Jr.,POWER FORWARD,23,TORONTO RAPTORS,1,0,4,0,0,0,0,0,0,0,0,1,0,0,0,2,0
harriga01,Gary Harris,SHOOTING GUARD,29,ORLANDO MAGIC,54,27,1297,131,297,76,205,34,45,24,67,87,49,14,31,91,372
harrijo01,Joe Harris,SHOOTING GUARD,32,DETROIT PISTONS,16,0,170,14,39,10,30,1,2,3,10,10,3,2,4,19,39
harrike01,Kevon Harris,SHOOTING GUARD,26,ORLANDO MAGIC,2,0,6,2,3,0,0,0,0,0,2,1,0,0,1,3,4
harrito02,Tobias Harris,POWER FORWARD,31,PHILADELPHIA 76ERS,70,70,2368,463,951,91,258,187,213,80,373,217,70,46,93,115,1204
harrish01,Shaquille Harrison,SHOOTING GUARD,30,MEMPHIS GRIZZLIES,3,0,6,1,2,0,0,0,0,0,2,0,0,1,0,0,2
hartjo01,Josh Hart,SMALL FORWARD,28,NEW YORK KNICKS,81,42,2707,295,679,80,258,91,115,128,547,331,75,23,118,171,761
harteis01,Isaiah Hartenstein,CENTER,25,NEW YORK KNICKS,75,49,1896,235,365,1,3,111,157,244,382,188,87,85,93,210,582
hausesa01,Sam Hauser,SMALL FORWARD,26,BOSTON CELTICS,79,13,1741,249,558,197,465,17,19,45,231,82,40,25,32,99,712
hawkijo01,Jordan Hawkins,SHOOTING GUARD,21,NEW ORLEANS PELICANS,67,10,1160,174,456,109,298,67,80,29,119,70,19,7,40,72,524
hayesja02,Jaxson Hayes,CENTER,23,LOS ANGELES LAKERS,70,5,877,126,175,0,8,51,82,69,142,33,34,29,43,123,303
hayeski01,Killian Hayes,POINT GUARD,22,DETROIT PISTONS,42,31,1008,117,283,22,74,33,50,11,108,205,36,20,51,75,289
haywago01,Gordon Hayward,SMALL FORWARD,33,CHARLOTTE HORNETS,25,25,798,139,297,22,61,62,81,25,92,116,28,12,51,46,362
haywago01,Gordon Hayward,SMALL FORWARD,33,OKLAHOMA CITY THUNDER,26,3,447,48,106,15,29,27,39,13,51,42,12,1,15,21,138
hendesc01,Scoot Henderson,POINT GUARD,19,PORTLAND TRAIL BLAZERS,62,32,1765,307,797,87,268,167,204,53,141,336,48,13,212,195,868
hendrita01,Taylor Hendricks,POWER FORWARD,20,UTAH JAZZ,40,23,856,108,240,53,140,23,29,46,139,32,28,30,27,77,292
herroty01,Tyler Herro,SHOOTING GUARD,24,MIAMI HEAT,42,40,1407,324,735,132,333,95,111,19,203,188,30,3,93,63,875
hieldbu01,Buddy Hield,SMALL FORWARD,31,INDIANA PACERS,52,28,1336,229,517,137,357,28,33,34,133,139,43,31,62,103,623
hieldbu01,Buddy Hield,SHOOTING GUARD,31,PHILADELPHIA 76ERS,32,14,824,142,333,82,211,24,26,27,75,97,27,11,41,66,390
highsha01,Haywood Highsmith,POWER FORWARD,27,MIAMI HEAT,66,26,1366,153,329,76,192,23,36,65,145,70,53,30,34,117,405
hintona01,Nate Hinton,SHOOTING GUARD,24,HOUSTON ROCKETS,15,0,75,11,26,7,14,4,5,7,15,10,3,2,3,11,33
hodgedm01,D'Moi Hodge,SHOOTING GUARD,25,LOS ANGELES LAKERS,7,0,41,5,15,3,12,1,2,0,0,5,1,1,1,4,14
holidaa01,Aaron Holiday,POINT GUARD,27,HOUSTON ROCKETS,78,1,1269,186,417,84,217,58,63,23,100,140,42,6,53,125,514
holidjr01,Jrue Holiday,POINT GUARD,33,BOSTON CELTICS,69,69,2263,331,689,138,322,60,72,84,289,333,61,53,124,108,860
holidju01,Justin Holiday,SHOOTING GUARD,34,DENVER NUGGETS,58,9,862,88,194,55,136,3,4,9,62,67,36,9,14,69,234
holmeri01,Richaun Holmes,CENTER,30,DALLAS MAVERICKS,23,2,237,33,59,0,0,12,21,33,45,15,3,9,12,33,78
holmeri01,Richaun Holmes,POWER FORWARD,30,WASHINGTON WIZARDS,17,8,318,49,88,1,3,22,26,38,66,10,8,10,12,41,121
holmgch01,Chet Holmgren,CENTER,21,OKLAHOMA CITY THUNDER,82,82,2413,505,953,129,349,218,275,129,519,200,53,190,131,197,1357
hoodsja01,Jalen Hood-Schifino,SHOOTING GUARD,20,LOS ANGELES LAKERS,21,0,109,10,45,2,15,12,20,2,11,8,3,2,9,13,34
horfoal01,Al Horford,CENTER,37,BOSTON CELTICS,65,33,1740,214,419,108,258,26,30,82,331,168,38,62,48,93,562
hortota01,Talen Horton-Tucker,POINT GUARD,23,UTAH JAZZ,51,11,1009,184,465,60,182,88,109,21,100,177,45,19,65,94,516
houseda01,Danuel House Jr.,SMALL FORWARD,30,PHILADELPHIA 76ERS,34,4,509,47,105,15,50,35,46,16,42,28,15,5,19,45,144
houstca01,Caleb Houstan,SMALL FORWARD,21,ORLANDO MAGIC,59,13,815,80,206,72,193,21,26,28,56,29,15,4,16,61,253
howarje01,Jett Howard,SMALL FORWARD,20,ORLANDO MAGIC,18,0,67,10,30,7,25,2,4,1,6,6,2,2,3,4,29
huertke01,Kevin Huerter,SHOOTING GUARD,25,SACRAMENTO KINGS,64,59,1562,248,560,123,341,36,47,38,186,166,45,23,53,135,655
huffja01,Jay Huff,CENTER,25,DENVER NUGGETS,20,0,49,9,15,3,9,2,2,2,9,2,2,3,1,9,23
huntede01,De'Andre Hunter,SMALL FORWARD,26,ATLANTA HAWKS,57,37,1681,304,663,117,304,166,196,31,191,87,40,16,83,146,891
hurtma01,Matthew Hurt,POWER FORWARD,23,MEMPHIS GRIZZLIES,8,0,113,12,34,5,20,3,3,9,7,4,3,3,2,8,32
hylanbo01,Bones Hyland,POINT GUARD,23,LOS ANGELES CLIPPERS,37,5,540,97,251,44,135,18,23,5,50,93,26,4,44,51,256
inglejo01,Joe Ingles,SMALL FORWARD,36,ORLANDO MAGIC,68,0,1169,99,227,70,161,28,34,18,124,203,43,5,67,88,296
ingrabr01,Brandon Ingram,SMALL FORWARD,26,NEW ORLEANS PELICANS,64,64,2103,500,1017,86,242,246,307,43,281,363,50,40,163,145,1332
irvinky01,Kyrie Irving,SHOOTING GUARD,31,DALLAS MAVERICKS,58,58,2030,562,1131,173,421,190,210,44,246,299,74,28,106,112,1487
isaacjo01,Jonathan Isaac,POWER FORWARD,26,ORLANDO MAGIC,58,2,914,146,286,42,112,59,82,73,187,30,43,70,27,64,393
iveyja01,Jaden Ivey,SHOOTING GUARD,21,DETROIT PISTONS,77,61,2217,417,973,124,369,227,303,86,178,296,57,41,190,204,1185
jacksan01,Andre Jackson Jr.,SHOOTING GUARD,22,MILWAUKEE BUCKS,57,8,572,50,100,17,46,8,11,43,70,50,16,6,28,92,125
jacksgg01,GG Jackson II,POWER FORWARD,19,MEMPHIS GRIZZLIES,48,18,1233,241,563,102,286,115,153,53,143,59,28,24,65,64,699
jacksis01,Isaiah Jackson,CENTER,22,INDIANA PACERS,59,3,771,155,233,0,4,73,102,94,144,50,34,61,39,137,383
jacksja02,Jaren Jackson Jr.,CENTER,24,MEMPHIS GRIZZLIES,66,66,2124,516,1162,117,366,337,417,85,280,154,80,106,160,235,1486
jacksju01,Justin Jackson,SMALL FORWARD,28,MINNESOTA TIMBERWOLVES,2,0,1,0,0,0,0,0,0,0,0,0,0,0,0,0,0
jacksqu01,Quenton Jackson,POINT GUARD,25,INDIANA PACERS,3,0,11,0,1,0,0,2,2,0,4,2,1,0,0,1,2
jacksre01,Reggie Jackson,POINT GUARD,33,DENVER NUGGETS,82,23,1817,326,756,102,284,79,98,33,122,308,44,13,106,149,833
jackstr02,Trayce Jackson-Davis,POWER FORWARD,23,GOLDEN STATE WARRIORS,68,16,1130,233,332,0,1,74,132,135,206,82,29,76,49,108,540
jamesle01,LeBron James,POWER FORWARD,39,LOS ANGELES LAKERS,71,71,2504,685,1269,149,363,303,404,61,457,589,89,38,245,78,1822
jaqueja01,Jaime Jaquez Jr.,SMALL FORWARD,22,MIAMI HEAT,75,20,2113,341,697,65,202,142,175,82,203,195,77,20,110,167,889
jarrede01,DeJon Jarreau,SHOOTING GUARD,26,MEMPHIS GRIZZLIES,9,0,150,17,50,4,13,5,11,8,36,26,6,2,9,14,43
jeffrda01,DaQuan Jeffries,SHOOTING GUARD,26,NEW YORK KNICKS,17,0,46,6,17,2,10,0,2,0,5,5,0,1,3,2,14
jemistr01,Trey Jemison,CENTER,24,WASHINGTON WIZARDS,2,0,1,0,0,0,0,0,0,0,1,0,0,0,1,0,0
jemistr01,Trey Jemison,CENTER,24,MEMPHIS GRIZZLIES,23,14,572,75,136,0,0,21,25,64,69,27,12,28,33,69,171
jeromty01,Ty Jerome,SHOOTING GUARD,26,CLEVELAND CAVALIERS,2,0,15,2,4,0,1,0,0,1,0,3,0,0,1,2,4
joeis01,Isaiah Joe,SHOOTING GUARD,24,OKLAHOMA CITY THUNDER,78,1,1445,222,485,147,353,45,52,32,148,99,46,22,47,87,636
johnsca02,Cameron Johnson,POWER FORWARD,27,BROOKLYN NETS,58,47,1599,276,619,138,353,86,109,55,196,138,49,15,57,105,776
johnsja05,Jalen Johnson,SMALL FORWARD,22,ATLANTA HAWKS,56,52,1889,359,702,71,200,107,147,74,414,203,67,47,101,133,896
johnsja01,James Johnson,POWER FORWARD,36,INDIANA PACERS,9,0,47,3,10,0,2,2,2,1,3,8,5,1,5,9,8
johnske04,Keldon Johnson,SMALL FORWARD,24,SAN ANTONIO SPURS,69,27,2038,391,862,127,367,175,221,95,282,195,51,20,100,149,1084
johnske07,Keon Johnson,SHOOTING GUARD,21,BROOKLYN NETS,5,0,61,8,21,4,10,11,12,3,4,3,3,1,5,5,31
johnske08,Keyontae Johnson,SMALL FORWARD,23,OKLAHOMA CITY THUNDER,9,0,66,5,16,1,3,0,0,4,6,4,1,0,4,5,11
jokicni01,Nikola Jokić,CENTER,28,DENVER NUGGETS,79,79,2737,822,1411,83,231,358,438,223,753,708,108,68,237,194,2085
jonesco02,Colby Jones,SHOOTING GUARD,21,SACRAMENTO KINGS,30,0,192,28,71,2,22,6,11,17,23,20,7,5,10,29,64
jonesda03,Damian Jones,CENTER,28,CLEVELAND CAVALIERS,39,0,270,43,72,3,14,18,21,20,42,15,7,13,13,27,107
jonesde02,Derrick Jones Jr.,SMALL FORWARD,26,DALLAS MAVERICKS,76,66,1783,239,495,82,239,97,136,82,168,75,53,51,65,121,657
joneshe01,Herbert Jones,SMALL FORWARD,25,NEW ORLEANS PELICANS,76,76,2321,293,588,114,273,137,158,74,198,199,105,62,93,224,837
jonesma05,Mason Jones,SHOOTING GUARD,25,SACRAMENTO KINGS,5,0,28,2,8,2,7,1,2,1,4,5,1,0,2,3,7
jonestr01,Tre Jones,POINT GUARD,24,SAN ANTONIO SPURS,77,48,2138,303,600,64,191,101,118,58,231,478,78,9,116,92,771
jonesty01,Tyus Jones,POINT GUARD,27,WASHINGTON WIZARDS,66,66,1933,326,666,106,256,32,40,20,159,485,71,18,66,48,790
jordade01,DeAndre Jordan,CENTER,35,DENVER NUGGETS,36,2,396,58,93,0,0,26,53,54,103,26,6,16,23,56,142
josepco01,Cory Joseph,POINT GUARD,32,GOLDEN STATE WARRIORS,26,0,296,23,64,13,42,4,7,6,24,42,4,3,12,25,63
jovicni01,Nikola Jović,POWER FORWARD,20,MIAMI HEAT,46,38,896,127,281,65,163,33,47,25,167,90,25,14,42,82,352
juzanjo01,Johnny Juzang,SHOOTING GUARD,22,UTAH JAZZ,20,5,372,51,110,32,77,10,14,7,29,23,4,2,13,29,144
kennalu01,Luke Kennard,SHOOTING GUARD,27,MEMPHIS GRIZZLIES,39,22,999,141,315,107,238,40,45,11,102,136,20,2,54,39,429
kesslwa01,Walker Kessler,CENTER,22,UTAH JAZZ,64,22,1493,229,350,4,19,56,93,165,316,60,30,154,66,132,518
keybr01,Braxton Key,SMALL FORWARD,26,DENVER NUGGETS,20,0,60,7,17,2,5,6,8,3,15,9,2,1,1,5,22
kispeco01,Corey Kispert,SMALL FORWARD,24,WASHINGTON WIZARDS,80,22,2067,386,794,184,480,114,157,30,195,156,41,16,98,141,1070
klebima01,Maxi Kleber,CENTER,32,DALLAS MAVERICKS,43,7,871,63,146,32,92,33,47,30,113,68,17,30,28,79,191
knoxke01,Kevin Knox,SMALL FORWARD,24,DETROIT PISTONS,31,11,560,86,186,31,94,20,22,18,57,23,13,7,22,50,223
konchjo01,John Konchar,SMALL FORWARD,27,MEMPHIS GRIZZLIES,55,23,1173,88,208,38,120,21,25,72,185,110,51,51,46,76,235
korkmfu01,Furkan Korkmaz,SHOOTING GUARD,26,PHILADELPHIA 76ERS,35,0,300,30,76,14,40,14,20,4,26,25,14,3,10,17,88
kornelu01,Luke Kornet,CENTER,28,BOSTON CELTICS,63,7,983,142,203,1,1,49,54,118,143,67,23,61,21,77,334
krejcvi01,Vit Krejci,POINT GUARD,23,ATLANTA HAWKS,22,14,541,51,104,28,68,5,6,11,41,50,13,6,20,48,135
kuminjo01,Jonathan Kuminga,POWER FORWARD,21,GOLDEN STATE WARRIORS,74,46,1949,456,862,53,165,223,299,92,263,163,55,36,122,169,1188
kuzmaky01,Kyle Kuzma,POWER FORWARD,28,WASHINGTON WIZARDS,70,70,2281,608,1313,151,450,186,240,62,402,296,37,49,192,153,1553
landajo01,Jock Landale,CENTER,28,HOUSTON ROCKETS,56,3,763,106,206,10,40,52,65,88,84,65,20,33,31,74,274
laravja01,Jake LaRavia,POWER FORWARD,22,MEMPHIS GRIZZLIES,35,6,806,118,303,53,156,90,109,51,77,58,29,12,45,69,379
lavinza01,Zach LaVine,SHOOTING GUARD,28,CHICAGO BULLS,25,23,872,170,376,59,169,88,103,8,121,98,21,8,52,57,487
lawsoaj01,A.J. Lawson,SHOOTING GUARD,23,DALLAS MAVERICKS,42,0,311,54,121,13,50,15,23,14,36,20,10,3,14,22,136
leesa01,Saben Lee,POINT GUARD,24,PHOENIX SUNS,24,0,185,20,55,2,16,29,39,9,22,30,7,3,8,13,71
lenal01,Alex Len,CENTER,30,SACRAMENTO KINGS,48,0,444,50,81,0,3,20,34,46,82,50,11,33,27,66,120
leonaka01,Kawhi Leonard,SMALL FORWARD,32,LOS ANGELES CLIPPERS,68,68,2330,610,1162,140,336,253,286,84,332,244,111,59,119,97,1613
leverca01,Caris LeVert,SHOOTING GUARD,29,CLEVELAND CAVALIERS,68,10,1958,345,820,108,332,154,201,39,241,346,76,34,117,121,952
lewiski01,Kira Lewis Jr.,POINT GUARD,22,NEW ORLEANS PELICANS,15,0,144,16,52,2,20,10,11,4,10,18,5,1,8,8,44
lewiski01,Kira Lewis Jr.,POINT GUARD,22,TORONTO RAPTORS,1,0,2,0,0,0,0,0,0,0,0,0,0,0,0,1,0
lewiski01,Kira Lewis Jr.,POINT GUARD,22,UTAH JAZZ,12,0,119,18,40,2,13,7,9,5,7,19,4,1,6,4,45
lewisma05,Maxwell Lewis,SMALL FORWARD,21,LOS ANGELES LAKERS,34,0,103,4,21,1,9,2,3,2,2,6,2,1,10,5,11
liddeej01,E.J. Liddell,POWER FORWARD,23,NEW ORLEANS PELICANS,8,0,23,1,6,0,5,2,2,0,5,1,2,2,2,2,4
lillada01,Damian Lillard,POINT GUARD,33,MILWAUKEE BUCKS,73,73,2579,541,1277,220,622,473,514,36,284,508,72,18,193,134,1775
littlna01,Nassir Little,SMALL FORWARD,23,PHOENIX SUNS,45,2,458,57,124,21,70,17,20,14,61,21,10,10,14,39,152
livelde01,Dereck Lively II,CENTER,19,DALLAS MAVERICKS,55,42,1294,221,296,0,2,41,81,135,243,60,36,77,50,144,483
liveris01,Isaiah Livers,POWER FORWARD,25,DETROIT PISTONS,23,6,469,40,116,22,77,12,18,15,33,25,13,5,16,43,114
livinch01,Chris Livingston,SMALL FORWARD,20,MILWAUKEE BUCKS,21,0,90,11,22,1,5,3,4,3,18,5,2,0,5,15,26
loftoke01,Kenneth Lofton Jr.,POWER FORWARD,21,MEMPHIS GRIZZLIES,15,0,99,14,37,3,10,8,15,2,13,14,3,3,6,15,39
loftoke01,Kenneth Lofton Jr.,POWER FORWARD,21,PHILADELPHIA 76ERS,2,0,9,1,6,0,2,0,0,0,3,0,0,0,2,0,2
loftoke01,Kenneth Lofton Jr.,POWER FORWARD,21,UTAH JAZZ,4,0,91,21,35,4,12,9,11,10,10,19,3,2,6,9,55
looneke01,Kevon Looney,CENTER,27,GOLDEN STATE WARRIORS,74,36,1195,139,233,0,1,56,83,143,276,133,28,29,50,155,334
lopezbr01,Brook Lopez,CENTER,35,MILWAUKEE BUCKS,79,79,2411,366,755,148,404,110,134,117,292,127,43,189,79,191,990
lopezro01,Robin Lopez,CENTER,35,MILWAUKEE BUCKS,16,2,65,7,19,2,8,2,2,3,2,4,1,3,2,7,18
loveke01,Kevin Love,POWER FORWARD,35,MIAMI HEAT,55,5,924,158,359,84,244,85,108,59,279,115,18,10,48,97,485
lowryky01,Kyle Lowry,POINT GUARD,37,MIAMI HEAT,37,35,1037,103,242,62,161,35,42,25,104,147,39,15,53,94,303
lowryky01,Kyle Lowry,POINT GUARD,37,PHILADELPHIA 76ERS,23,20,653,60,135,36,89,28,33,9,56,106,20,6,32,52,184
lundyse01,Seth Lundy,SMALL FORWARD,23,ATLANTA HAWKS,9,0,52,4,17,3,13,3,4,1,6,0,0,0,1,6,14
lylestr01,Trey Lyles,POWER FORWARD,28,SACRAMENTO KINGS,58,0,1158,143,321,84,219,49,70,61,196,72,17,19,38,86,419
maledth01,Théo Maledon,POINT GUARD,22,CHARLOTTE HORNETS,13,1,200,19,66,5,30,11,12,4,19,28,7,0,15,18,54
maledth01,Théo Maledon,POINT GUARD,22,PHOENIX SUNS,4,0,13,1,4,0,0,3,3,0,1,0,0,0,3,3,5
mamuksa01,Sandro Mamukelashvili,CENTER,24,SAN ANTONIO SPURS,46,5,451,73,155,19,64,25,34,45,102,49,7,12,19,35,190
mannte01,Terance Mann,SHOOTING GUARD,27,LOS ANGELES CLIPPERS,75,71,1873,254,493,71,204,79,95,87,167,119,43,15,48,145,658
manntr01,Tre Mann,POINT GUARD,22,OKLAHOMA CITY THUNDER,13,0,119,20,40,8,19,1,1,4,20,20,3,0,9,3,49
manntr01,Tre Mann,POINT GUARD,22,CHARLOTTE HORNETS,28,28,868,125,276,39,107,44,58,16,109,145,48,3,56,45,333
marjabo01,Boban Marjanović,CENTER,35,HOUSTON ROCKETS,14,0,71,18,34,0,2,9,14,7,25,6,1,2,5,5,45
markkla01,Lauri Markkanen,POWER FORWARD,26,UTAH JAZZ,55,55,1820,427,890,175,439,249,277,122,327,110,50,26,77,100,1278
marshna01,Naji Marshall,SMALL FORWARD,26,NEW ORLEANS PELICANS,66,1,1257,170,367,58,150,68,86,53,187,128,49,12,65,91,466
martica02,Caleb Martin,SMALL FORWARD,28,MIAMI HEAT,64,23,1756,241,559,81,232,77,99,74,207,143,47,29,77,126,640
martico01,Cody Martin,SMALL FORWARD,28,CHARLOTTE HORNETS,28,22,753,82,215,27,86,20,33,19,90,104,32,18,44,48,211
martike04,KJ Martin,SMALL FORWARD,23,LOS ANGELES CLIPPERS,2,0,31,4,10,1,5,1,2,1,2,1,2,1,2,3,10
martike04,KJ Martin,SMALL FORWARD,23,PHILADELPHIA 76ERS,58,2,715,93,171,7,23,21,39,40,88,50,20,11,30,97,214
mathega01,Garrison Mathews,SHOOTING GUARD,27,ATLANTA HAWKS,66,5,992,103,226,85,193,34,42,17,75,37,20,8,19,115,325
mathube01,Bennedict Mathurin,SMALL FORWARD,21,INDIANA PACERS,59,19,1538,296,663,80,214,184,224,60,174,119,35,14,97,117,856
matthwe02,Wesley Matthews,SHOOTING GUARD,37,ATLANTA HAWKS,36,3,413,34,97,24,69,18,24,9,44,23,16,11,8,43,110
maxeyty01,Tyrese Maxey,POINT GUARD,23,PHILADELPHIA 76ERS,70,70,2626,638,1419,212,569,328,378,36,222,433,69,33,116,151,1816
mayssk01,Skylar Mays,POINT GUARD,26,PORTLAND TRAIL BLAZERS,21,5,356,53,138,14,49,13,17,9,28,75,14,3,18,20,133
mayssk01,Skylar Mays,SHOOTING GUARD,26,LOS ANGELES LAKERS,17,0,77,10,21,2,5,0,0,1,5,10,7,1,2,6,22
mcbrimi01,Miles McBride,POINT GUARD,23,NEW YORK KNICKS,68,14,1328,205,454,109,266,43,50,31,69,114,50,7,30,108,562
mccolcj01,CJ McCollum,POINT GUARD,32,NEW ORLEANS PELICANS,66,66,2159,484,1055,239,557,115,139,39,247,305,62,41,110,126,1322
mccontj01,T.J. McConnell,POINT GUARD,31,INDIANA PACERS,71,4,1291,330,593,18,44,49,62,36,155,390,72,8,108,79,727
mcdanja02,Jaden McDaniels,SMALL FORWARD,23,MINNESOTA TIMBERWOLVES,72,71,2105,307,628,86,255,57,79,56,168,101,63,42,87,219,757
mcdanja01,Jalen McDaniels,SMALL FORWARD,26,TORONTO RAPTORS,50,1,538,65,189,12,71,27,37,18,61,37,19,6,30,52,169
mcderdo01,Doug McDermott,SMALL FORWARD,32,SAN ANTONIO SPURS,46,0,700,95,215,76,173,10,17,8,40,57,11,2,24,48,276
mcderdo01,Doug McDermott,SMALL FORWARD,32,INDIANA PACERS,18,0,204,28,69,18,56,1,2,2,9,13,5,0,4,16,75
mcgeeja01,JaVale McGee,CENTER,36,SACRAMENTO KINGS,46,0,339,79,132,1,7,26,45,42,84,17,14,20,34,46,185
mcgowbr01,Bryce McGowens,SHOOTING GUARD,21,CHARLOTTE HORNETS,59,14,882,101,230,34,102,66,85,17,85,51,21,10,30,74,302
mclaujo01,Jordan McLaughlin,POINT GUARD,27,MINNESOTA TIMBERWOLVES,56,0,626,70,145,42,89,13,18,18,54,110,35,7,19,31,195
meltode01,De'Anthony Melton,SHOOTING GUARD,25,PHILADELPHIA 76ERS,38,33,1023,139,360,77,214,66,79,28,113,114,60,16,39,84,421
mensana01,Nathan Mensah,CENTER,25,CHARLOTTE HORNETS,25,0,307,12,28,0,0,9,12,29,36,9,6,14,14,64,33
merrisa01,Sam Merrill,SHOOTING GUARD,27,CLEVELAND CAVALIERS,61,1,1069,158,393,143,354,26,28,22,98,108,19,4,19,72,485
metuch01,Chimezie Metu,CENTER,26,PHOENIX SUNS,37,5,448,66,130,15,51,38,43,24,86,19,19,9,27,39,185
metuch01,Chimezie Metu,CENTER,26,DETROIT PISTONS,14,7,411,57,114,13,43,20,21,17,67,27,24,7,25,32,147
micicva01,Vasilije Micić,POINT GUARD,30,OKLAHOMA CITY THUNDER,30,0,361,37,91,11,45,14,19,1,23,76,9,3,29,22,99
micicva01,Vasilije Micić,POINT GUARD,30,CHARLOTTE HORNETS,30,21,815,122,279,32,109,47,56,13,51,186,22,4,70,46,323
middlkh01,Khris Middleton,SMALL FORWARD,32,MILWAUKEE BUCKS,55,55,1487,317,643,94,247,100,120,40,217,292,51,15,127,141,828
millebr02,Brandon Miller,SMALL FORWARD,21,CHARLOTTE HORNETS,74,68,2383,476,1083,184,493,143,173,60,255,175,66,42,132,184,1279
millejo02,Jordan Miller,SMALL FORWARD,24,LOS ANGELES CLIPPERS,8,0,28,5,9,1,2,2,2,3,2,0,0,0,1,2,13
millele01,Leonard Miller,SMALL FORWARD,20,MINNESOTA TIMBERWOLVES,17,0,52,13,20,2,5,1,2,5,15,8,2,1,1,5,29
whiteda01,Dariq Whitehead,SMALL FORWARD,19,BROOKLYN NETS,2,0,24,1,5,0,3,1,2,0,4,3,0,1,0,0,3
millspa02,Patty Mills,POINT GUARD,35,ATLANTA HAWKS,19,0,202,19,51,13,34,0,0,5,15,14,9,1,8,17,51
millspa02,Patty Mills,POINT GUARD,35,MIAMI HEAT,13,5,213,27,80,11,53,11,11,4,11,20,11,0,8,15,76
miltosh01,Shake Milton,SHOOTING GUARD,27,MINNESOTA TIMBERWOLVES,38,0,491,64,160,14,53,36,44,7,44,50,16,5,28,44,178
miltosh01,Shake Milton,SHOOTING GUARD,27,DETROIT PISTONS,4,0,63,11,26,3,9,2,3,7,11,6,2,1,3,3,27
miltosh01,Shake Milton,SHOOTING GUARD,27,NEW YORK KNICKS,6,0,27,4,9,1,2,2,2,0,6,4,1,0,0,7,11
minayju01,Justin Minaya,SMALL FORWARD,24,PORTLAND TRAIL BLAZERS,34,1,381,22,74,12,49,5,9,30,26,21,9,10,9,35,61
minotjo01,Josh Minott,SMALL FORWARD,21,MINNESOTA TIMBERWOLVES,32,0,91,17,36,4,10,12,14,4,13,8,5,5,2,10,50
mitchda01,Davion Mitchell,POINT GUARD,25,SACRAMENTO KINGS,72,4,1101,146,323,57,158,30,42,19,76,134,17,3,43,85,379
mitchdo01,Donovan Mitchell,SHOOTING GUARD,27,CLEVELAND CAVALIERS,55,55,1942,503,1089,182,494,275,318,46,234,333,101,30,154,118,1463
mobleev01,Evan Mobley,POWER FORWARD,22,CLEVELAND CAVALIERS,50,50,1532,320,552,22,59,123,171,111,357,160,45,72,90,134,785
mobleis01,Isaiah Mobley,POWER FORWARD,24,CLEVELAND CAVALIERS,10,0,72,10,24,3,10,0,1,3,7,6,2,0,2,6,23
monkma01,Malik Monk,SHOOTING GUARD,25,SACRAMENTO KINGS,72,0,1872,396,893,148,423,170,205,28,184,370,45,39,150,156,1110
moodymo01,Moses Moody,SHOOTING GUARD,21,GOLDEN STATE WARRIORS,66,9,1156,194,420,72,200,73,93,65,131,57,42,24,44,90,533
moonxa01,Xavier Moon,SHOOTING GUARD,29,LOS ANGELES CLIPPERS,14,1,119,15,46,2,17,1,2,8,10,21,3,3,5,8,33
mooreta02,Taze Moore,SHOOTING GUARD,25,PORTLAND TRAIL BLAZERS,4,0,40,8,19,1,7,1,2,4,4,5,2,0,3,4,18
moorewe01,Wendell Moore Jr.,SHOOTING GUARD,22,MINNESOTA TIMBERWOLVES,25,0,75,9,18,0,6,0,0,0,12,6,5,1,4,5,18
moranja01,Ja Morant,POINT GUARD,24,MEMPHIS GRIZZLIES,9,9,318,80,170,14,51,52,64,6,44,73,7,5,27,19,226
morrima03,Marcus Morris,POWER FORWARD,34,PHILADELPHIA 76ERS,37,7,637,90,205,36,90,31,36,18,91,26,13,11,19,61,247
morrima03,Marcus Morris,POWER FORWARD,34,CLEVELAND CAVALIERS,12,0,180,26,59,12,29,5,8,5,20,10,2,2,11,13,69
morrima02,Markieff Morris,POWER FORWARD,34,DALLAS MAVERICKS,26,1,216,23,68,15,42,5,6,4,35,16,5,3,12,12,66
morrimo01,Monte Morris,POINT GUARD,28,DETROIT PISTONS,6,0,68,12,33,2,11,1,2,2,10,8,1,1,2,1,27
morrimo01,Monte Morris,POINT GUARD,28,MINNESOTA TIMBERWOLVES,27,0,408,50,120,25,59,12,17,5,40,61,18,8,5,13,137
murphtr02,Trey Murphy III,SMALL FORWARD,23,NEW ORLEANS PELICANS,57,23,1690,275,621,169,445,123,151,42,238,124,51,28,34,70,842
murrade01,Dejounte Murray,SHOOTING GUARD,27,ATLANTA HAWKS,78,78,2783,672,1463,201,554,208,262,62,354,502,111,24,201,138,1753
murraja01,Jamal Murray,POINT GUARD,26,DENVER NUGGETS,59,59,1861,474,986,145,341,157,184,42,200,384,57,39,125,104,1250
murrake02,Keegan Murray,SMALL FORWARD,23,SACRAMENTO KINGS,77,77,2588,443,975,183,511,103,124,106,314,129,79,59,64,205,1172
murrakr01,Kris Murray,SMALL FORWARD,23,PORTLAND TRAIL BLAZERS,62,29,1348,145,366,49,183,37,56,85,139,80,53,21,55,92,376
muscami01,Mike Muscala,CENTER,32,WASHINGTON WIZARDS,24,2,338,33,90,14,51,15,20,22,53,22,5,7,16,31,95
muscami01,Mike Muscala,CENTER,32,DETROIT PISTONS,13,4,171,15,44,13,34,2,4,10,19,10,3,5,2,13,45
muscami01,Mike Muscala,CENTER,32,OKLAHOMA CITY THUNDER,16,0,91,8,22,1,11,0,1,7,14,4,1,1,4,8,17
mykhasv01,Svi Mykhailiuk,SMALL FORWARD,26,BOSTON CELTICS,41,2,413,57,137,42,108,6,9,11,40,35,11,1,12,19,162
nancela02,Larry Nance Jr.,CENTER,31,NEW ORLEANS PELICANS,61,0,1216,138,241,27,65,47,61,94,213,113,61,19,49,98,350
nancepe01,Pete Nance,POWER FORWARD,23,CLEVELAND CAVALIERS,8,0,27,1,6,1,1,0,2,0,3,0,1,0,1,2,3
nembhan01,Andrew Nembhard,POINT GUARD,24,INDIANA PACERS,68,47,1697,260,522,61,171,45,56,36,105,280,63,6,101,143,626
nesmiaa01,Aaron Nesmith,SMALL FORWARD,24,INDIANA PACERS,72,47,1995,315,635,140,334,107,137,63,212,108,65,49,64,241,877
niangge01,Georges Niang,POWER FORWARD,30,CLEVELAND CAVALIERS,82,10,1831,284,632,149,396,51,60,22,256,98,30,18,72,192,768
nixda01,Daishen Nix,POINT GUARD,21,MINNESOTA TIMBERWOLVES,15,0,50,9,24,6,17,3,6,1,2,6,5,0,5,2,27
nnajize01,Zeke Nnaji,POWER FORWARD,23,DENVER NUGGETS,58,0,576,69,149,6,23,42,62,61,65,32,15,38,27,81,186
nowelja01,Jaylen Nowell,SHOOTING GUARD,24,MEMPHIS GRIZZLIES,9,1,156,22,55,4,23,3,3,3,11,16,3,0,5,13,51
nowelja01,Jaylen Nowell,SHOOTING GUARD,24,DETROIT PISTONS,4,0,58,12,23,2,6,4,6,3,7,3,1,2,2,2,30
nowelma01,Markquis Nowell,SHOOTING GUARD,24,TORONTO RAPTORS,1,0,4,0,1,0,0,2,2,2,0,2,1,0,0,0,2
ntilila01,Frank Ntilikina,POINT GUARD,25,CHARLOTTE HORNETS,5,0,43,1,9,1,8,2,2,1,5,4,0,0,1,4,5
nurkiju01,Jusuf Nurkić,CENTER,29,PHOENIX SUNS,76,76,2078,320,627,22,90,167,261,224,613,301,81,80,175,254,829
nworajo01,Jordan Nwora,SMALL FORWARD,25,INDIANA PACERS,18,0,183,37,82,11,36,9,11,8,25,18,6,1,12,19,94
nworajo01,Jordan Nwora,SMALL FORWARD,25,TORONTO RAPTORS,34,1,529,101,217,33,95,35,42,20,96,44,20,12,41,29,270
onealro01,Royce O'Neale,SMALL FORWARD,30,BROOKLYN NETS,49,6,1202,126,325,97,265,15,22,38,183,137,32,29,51,120,364
onealro01,Royce O'Neale,SMALL FORWARD,30,PHOENIX SUNS,30,8,752,88,214,59,157,9,13,22,134,82,27,15,22,54,244
okekech01,Chuma Okeke,SMALL FORWARD,25,ORLANDO MAGIC,47,8,432,40,112,23,82,4,7,18,62,20,9,7,16,19,107
okogijo01,Josh Okogie,SHOOTING GUARD,25,PHOENIX SUNS,60,11,960,86,206,29,94,76,102,74,80,64,48,24,36,68,277
okongon01,Onyeka Okongwu,CENTER,23,ATLANTA HAWKS,55,8,1405,223,365,23,69,92,116,145,231,74,26,60,45,162,561
okorois01,Isaac Okoro,SMALL FORWARD,23,CLEVELAND CAVALIERS,69,42,1887,235,480,84,215,93,137,67,139,132,57,34,54,140,647
olynyke01,Kelly Olynyk,CENTER,32,UTAH JAZZ,50,8,1019,145,258,36,84,80,95,63,191,219,37,12,81,132,406
olynyke01,Kelly Olynyk,CENTER,32,TORONTO RAPTORS,28,19,740,131,239,24,71,70,85,45,112,128,37,18,71,98,356
omorueu01,Eugene Omoruyi,SMALL FORWARD,26,WASHINGTON WIZARDS,43,0,393,81,167,13,46,32,49,35,50,35,27,5,21,62,207
osmande01,Cedi Osman,SMALL FORWARD,28,SAN ANTONIO SPURS,72,3,1269,184,384,86,221,35,52,25,155,119,36,11,47,107,489
oubreke01,Kelly Oubre Jr.,SMALL FORWARD,28,PHILADELPHIA 76ERS,68,52,2055,387,878,101,325,174,232,94,247,101,77,47,87,194,1049
paulch01,Chris Paul,POINT GUARD,38,GOLDEN STATE WARRIORS,58,18,1531,206,467,78,210,43,52,18,207,393,70,6,76,108,533
payneca01,Cameron Payne,POINT GUARD,29,MILWAUKEE BUCKS,47,2,702,101,222,52,131,37,44,5,57,109,22,3,31,73,291
payneca01,Cameron Payne,POINT GUARD,29,PHILADELPHIA 76ERS,31,8,602,107,259,52,136,21,23,16,39,96,20,8,35,53,287
paytoga02,Gary Payton II,SHOOTING GUARD,31,GOLDEN STATE WARRIORS,44,0,680,103,183,20,55,14,23,46,67,48,39,18,27,77,240
pereima01,Mãozinha Pereira,SMALL FORWARD,23,MEMPHIS GRIZZLIES,7,1,122,18,35,5,13,7,10,11,26,2,6,4,5,10,48
peterdr01,Drew Peterson,POWER FORWARD,24,BOSTON CELTICS,3,0,23,4,6,3,5,0,0,0,1,1,2,0,1,1,11
petrufi01,Filip Petrušev,CENTER,23,PHILADELPHIA 76ERS,1,0,3,0,0,0,0,0,0,0,1,0,0,0,0,0,0
petrufi01,Filip Petrušev,CENTER,23,SACRAMENTO KINGS,2,0,7,1,2,0,0,1,2,0,0,0,0,0,0,1,3
phillju01,Julian Phillips,SMALL FORWARD,20,CHICAGO BULLS,40,0,323,32,77,12,38,13,19,12,24,13,7,7,10,40,89
pickeja02,Jalen Pickett,SHOOTING GUARD,24,DENVER NUGGETS,27,0,122,15,35,9,25,3,4,1,13,21,4,0,9,13,42
pippesc02,Scotty Pippen Jr.,POINT GUARD,23,MEMPHIS GRIZZLIES,21,16,527,100,203,30,72,41,55,22,45,98,36,10,56,60,271
plumlma01,Mason Plumlee,CENTER,33,LOS ANGELES CLIPPERS,46,11,674,87,153,0,6,70,99,60,174,55,14,17,36,68,244
podzibr01,Brandin Podziemski,SHOOTING GUARD,20,GOLDEN STATE WARRIORS,74,28,1968,271,597,90,234,50,79,118,309,273,61,14,88,122,682
poeltja01,Jakob Poeltl,CENTER,28,TORONTO RAPTORS,50,50,1319,248,378,0,0,59,107,146,283,127,35,76,77,149,555
pokusal01,Aleksej Pokusevski,POWER FORWARD,22,OKLAHOMA CITY THUNDER,10,0,60,4,16,2,11,2,4,2,8,5,1,1,3,5,12
pokusal01,Aleksej Pokusevski,POWER FORWARD,22,CHARLOTTE HORNETS,18,0,345,45,105,16,44,28,37,15,64,30,14,12,16,17,134
poolejo01,Jordan Poole,SHOOTING GUARD,24,WASHINGTON WIZARDS,78,66,2346,490,1186,184,564,192,219,32,180,343,86,25,188,244,1356
portecr01,Craig Porter Jr.,POINT GUARD,23,CLEVELAND CAVALIERS,51,6,649,116,228,12,34,41,56,21,88,118,21,15,45,40,285
portejo01,Jontay Porter,POWER FORWARD,24,TORONTO RAPTORS,26,5,360,40,104,20,60,15,18,26,56,60,20,20,21,35,115
portemi01,Michael Porter Jr.,SMALL FORWARD,25,DENVER NUGGETS,81,81,2565,522,1079,220,554,92,110,106,459,122,42,53,92,148,1356
porteot01,Otto Porter Jr.,SMALL FORWARD,30,TORONTO RAPTORS,15,1,174,14,33,8,23,3,3,6,23,8,5,5,2,19,39
portibo01,Bobby Portis,POWER FORWARD,28,MILWAUKEE BUCKS,82,4,2008,466,918,100,246,98,124,142,465,104,68,34,91,189,1130
porzikr01,Kristaps Porziņģis,CENTER,28,BOSTON CELTICS,57,57,1690,388,752,110,293,259,302,97,312,115,42,111,89,156,1145
pottemi01,Micah Potter,POWER FORWARD,25,UTAH JAZZ,16,0,186,19,40,9,21,6,8,10,33,6,4,6,5,14,53
poweldw01,Dwight Powell,CENTER,32,DALLAS MAVERICKS,63,9,836,72,106,1,3,63,89,97,117,84,26,20,32,113,208
powelno01,Norman Powell,SHOOTING GUARD,30,LOS ANGELES CLIPPERS,76,3,1990,373,768,167,384,143,172,16,179,82,43,22,66,137,1056
prestja01,Jason Preston,POINT GUARD,24,UTAH JAZZ,7,0,71,6,19,0,3,0,0,6,11,16,2,1,2,3,12
primojo01,Joshua Primo,SHOOTING GUARD,21,LOS ANGELES CLIPPERS,2,0,10,1,3,0,1,0,0,1,0,0,0,1,4,0,2
princta02,Taurean Prince,POWER FORWARD,29,LOS ANGELES LAKERS,78,49,2108,253,572,141,356,50,68,21,209,119,58,35,73,146,697
pritcpa01,Payton Pritchard,POINT GUARD,26,BOSTON CELTICS,82,5,1825,297,635,147,382,46,56,70,195,281,39,6,61,106,787
prospol01,Olivier-Maxence Prosper,POWER FORWARD,21,DALLAS MAVERICKS,40,1,336,40,104,13,45,28,41,25,54,22,7,4,8,20,121
queentr01,Trevelin Queen,SHOOTING GUARD,26,ORLANDO MAGIC,14,0,165,14,38,3,17,9,12,3,17,18,7,5,7,15,40
quetane01,Neemias Queta,CENTER,24,BOSTON CELTICS,28,0,333,67,104,0,0,20,28,53,69,20,13,21,13,50,154
quickim01,Immanuel Quickley,SHOOTING GUARD,24,NEW YORK KNICKS,30,0,720,152,335,64,162,82,94,5,72,74,16,3,31,44,450
quickim01,Immanuel Quickley,POINT GUARD,24,TORONTO RAPTORS,38,38,1265,236,559,107,271,127,151,12,170,257,34,7,70,75,706
quinole01,Lester Quinones,SHOOTING GUARD,23,GOLDEN STATE WARRIORS,37,0,394,56,141,32,88,20,29,21,51,36,6,2,17,44,164
ramseja01,Jahmi'us Ramsey,SHOOTING GUARD,22,TORONTO RAPTORS,7,1,121,18,41,6,22,5,6,4,18,8,7,0,7,10,47
randlju01,Julius Randle,POWER FORWARD,29,NEW YORK KNICKS,46,46,1630,395,836,76,244,236,302,99,324,229,25,12,159,125,1102
reathdu01,Duop Reath,CENTER,27,PORTLAND TRAIL BLAZERS,68,20,1214,230,499,88,245,69,93,93,157,67,33,38,52,161,617
reaveau01,Austin Reaves,SHOOTING GUARD,25,LOS ANGELES LAKERS,82,57,2629,457,940,154,420,232,272,57,295,450,66,25,174,153,1300
reddica01,Cam Reddish,SMALL FORWARD,24,LOS ANGELES LAKERS,48,26,984,91,234,37,110,41,54,27,72,48,47,14,31,64,260
reedpa01,Paul Reed,CENTER,24,PHILADELPHIA 76ERS,82,24,1590,259,480,21,57,61,85,193,295,109,67,84,67,198,600
reidna01,Naz Reid,CENTER,24,MINNESOTA TIMBERWOLVES,81,14,1964,406,851,169,408,109,148,73,350,106,63,73,111,172,1090
rhodeja01,Jared Rhoden,SHOOTING GUARD,24,DETROIT PISTONS,17,0,245,33,66,12,31,5,8,3,30,14,3,13,7,28,83
richani01,Nick Richards,CENTER,26,CHARLOTTE HORNETS,67,51,1759,260,376,0,1,132,179,172,367,54,26,74,73,176,652
richajo01,Josh Richardson,SHOOTING GUARD,30,MIAMI HEAT,43,6,1103,154,347,66,190,51,54,18,103,105,24,14,36,76,425
robindu01,Duncan Robinson,SMALL FORWARD,29,MIAMI HEAT,68,36,1905,304,675,187,473,80,90,15,158,192,46,16,95,163,875
robinje01,Jerome Robinson,SHOOTING GUARD,26,GOLDEN STATE WARRIORS,22,0,81,11,33,2,17,7,11,1,5,5,1,3,2,5,31
robinmi01,Mitchell Robinson,CENTER,25,NEW YORK KNICKS,31,21,768,73,127,0,0,27,66,142,121,18,37,35,25,55,173
robinor01,Orlando Robinson,CENTER,23,MIAMI HEAT,36,7,304,36,72,8,15,19,25,28,56,34,7,8,18,35,99
robinje02,Jeremiah Robinson-Earl,POWER FORWARD,23,NEW ORLEANS PELICANS,39,1,334,45,95,13,39,12,16,23,53,21,10,4,16,24,115
roddyda01,David Roddy,POWER FORWARD,22,MEMPHIS GRIZZLIES,48,13,1114,155,386,47,156,46,67,51,149,76,25,11,54,68,403
roddyda01,David Roddy,POWER FORWARD,22,PHOENIX SUNS,17,0,63,10,23,1,8,1,1,2,9,4,2,0,3,4,22
rolliry01,Ryan Rollins,POINT GUARD,21,WASHINGTON WIZARDS,10,0,66,13,25,2,3,13,17,2,9,11,8,3,7,7,41
rolliry01,Ryan Rollins,POINT GUARD,21,MILWAUKEE BUCKS,3,0,12,1,2,1,1,0,0,0,2,3,2,0,1,1,3
rosede01,Derrick Rose,POINT GUARD,35,MEMPHIS GRIZZLIES,24,7,399,76,165,15,41,24,27,7,38,78,8,2,31,21,191
roziete01,Terry Rozier,SHOOTING GUARD,29,CHARLOTTE HORNETS,30,30,1065,252,549,83,232,109,129,17,100,198,32,12,65,52,696
roziete01,Terry Rozier,POINT GUARD,29,MIAMI HEAT,31,30,975,190,449,66,178,63,69,18,112,144,31,9,41,49,509
ruperra01,Rayan Rupert,SHOOTING GUARD,19,PORTLAND TRAIL BLAZERS,39,12,633,54,161,28,78,19,25,24,68,62,12,3,31,56,155
russeda01,D'Angelo Russell,POINT GUARD,27,LOS ANGELES LAKERS,76,69,2484,492,1080,226,545,159,192,28,208,482,69,36,156,156,1369
ryanma01,Matt Ryan,SMALL FORWARD,26,NEW ORLEANS PELICANS,28,1,390,49,113,41,91,13,14,6,34,18,6,1,19,32,152
sabondo01,Domantas Sabonis,CENTER,27,SACRAMENTO KINGS,82,82,2928,634,1068,33,87,292,415,294,826,673,74,48,272,250,1593
samanlu01,Luka Šamanić,POWER FORWARD,24,UTAH JAZZ,43,7,404,60,158,13,64,44,56,22,80,19,5,7,28,32,177
samueje01,Jermaine Samuels,SMALL FORWARD,25,HOUSTON ROCKETS,14,0,60,9,14,0,2,2,2,3,10,3,1,2,0,5,20
sanogad01,Adama Sanogo,POWER FORWARD,21,CHICAGO BULLS,9,0,66,14,27,0,0,8,12,19,17,0,1,0,5,5,36
santogu01,Gui Santos,POWER FORWARD,21,GOLDEN STATE WARRIORS,23,0,192,28,55,10,27,16,17,17,32,14,4,2,7,23,82
saricda01,Dario Šarić,CENTER,29,GOLDEN STATE WARRIORS,64,9,1098,181,388,74,197,79,93,73,210,144,31,10,78,112,515
sarrol01,Olivier Sarr,CENTER,24,OKLAHOMA CITY THUNDER,15,0,98,11,19,2,6,10,15,10,26,2,0,7,3,18,34
sassema01,Marcus Sasser,POINT GUARD,23,DETROIT PISTONS,71,11,1351,219,512,90,240,58,66,11,114,236,44,12,90,103,586
schofad01,Admiral Schofield,POWER FORWARD,26,ORLANDO MAGIC,23,0,84,10,26,6,16,0,2,3,14,7,1,0,5,9,26
schrode01,Dennis Schröder,POINT GUARD,30,TORONTO RAPTORS,51,33,1559,247,559,77,220,127,149,22,118,313,46,8,83,105,698
schrode01,Dennis Schröder,POINT GUARD,30,BROOKLYN NETS,29,25,927,156,368,61,148,51,64,17,85,175,17,9,70,59,424
seabrde01,Dereon Seabron,SHOOTING GUARD,23,NEW ORLEANS PELICANS,6,0,55,4,13,1,2,5,6,1,6,5,2,1,0,4,14
sengual01,Alperen Sengun,CENTER,21,HOUSTON ROCKETS,63,63,2046,527,982,33,111,244,352,183,406,312,76,46,162,211,1331
sensabr01,Brice Sensabaugh,SMALL FORWARD,20,UTAH JAZZ,32,11,584,85,218,34,115,37,41,16,86,55,13,6,47,43,241
sextoco01,Collin Sexton,SHOOTING GUARD,25,UTAH JAZZ,78,51,2075,506,1038,128,325,318,370,71,134,383,62,18,165,154,1458
shamela01,Landry Shamet,SHOOTING GUARD,26,WASHINGTON WIZARDS,46,5,726,118,274,53,157,38,46,16,46,54,25,10,30,76,327
sharpda01,Day'Ron Sharpe,CENTER,22,BROOKLYN NETS,61,1,921,168,294,4,15,75,123,161,228,85,24,44,70,131,415
sharpsh01,Shaedon Sharpe,SHOOTING GUARD,20,PORTLAND TRAIL BLAZERS,32,25,1059,176,434,60,180,98,119,42,118,94,28,12,72,88,510
sheppbe01,Ben Sheppard,SHOOTING GUARD,22,INDIANA PACERS,57,1,814,90,229,49,156,23,26,15,74,53,33,2,15,88,252
siakapa01,Pascal Siakam,POWER FORWARD,29,TORONTO RAPTORS,39,39,1354,325,623,46,145,169,223,54,192,190,32,10,83,87,865
siakapa01,Pascal Siakam,POWER FORWARD,29,INDIANA PACERS,41,41,1303,356,648,39,101,121,173,85,234,152,31,15,58,106,872
simmobe01,Ben Simmons,POINT GUARD,27,BROOKLYN NETS,15,12,359,43,74,0,0,6,15,31,88,86,12,9,27,36,92
simmoko01,Kobi Simmons,POINT GUARD,26,TORONTO RAPTORS,4,0,67,9,21,2,8,0,0,1,6,12,6,2,1,5,20
simonan01,Anfernee Simons,SHOOTING GUARD,24,PORTLAND TRAIL BLAZERS,46,46,1582,360,837,156,405,163,178,22,145,255,23,5,126,98,1039
simpsza01,Zavier Simpson,POINT GUARD,26,MEMPHIS GRIZZLIES,7,0,161,17,54,5,17,3,4,4,16,25,7,3,10,11,42
simsje01,Jericho Sims,CENTER,25,NEW YORK KNICKS,45,11,585,38,55,0,0,16,24,56,91,25,8,19,16,45,92
skapidm01,Dmytro Skapintsev,CENTER,25,NEW YORK KNICKS,2,0,2,0,1,0,0,0,0,0,0,0,0,0,0,0,0
slawsja01,Jalen Slawson,SMALL FORWARD,24,SACRAMENTO KINGS,12,0,37,4,6,0,2,0,0,1,6,2,1,1,2,8,8
smartja01,Javonte Smart,POINT GUARD,24,PHILADELPHIA 76ERS,1,0,1,0,0,0,0,0,0,0,0,0,0,0,0,0,0
smartma01,Marcus Smart,POINT GUARD,29,MEMPHIS GRIZZLIES,20,20,605,102,237,42,134,43,56,6,47,86,41,5,62,53,289
smithde03,Dennis Smith Jr.,POINT GUARD,26,BROOKLYN NETS,56,2,1059,147,338,32,109,43,58,50,114,203,68,12,68,121,369
smithdr01,Dru Smith,SHOOTING GUARD,26,MIAMI HEAT,9,0,131,15,33,7,17,2,2,6,8,14,9,3,5,12,39
smithis01,Ish Smith,POINT GUARD,35,CHARLOTTE HORNETS,43,5,741,66,158,4,8,3,4,11,65,145,17,4,47,49,139
smithja05,Jabari Smith Jr.,POWER FORWARD,20,HOUSTON ROCKETS,76,76,2424,378,833,138,380,150,185,139,477,121,52,61,89,200,1044
smithja04,Jalen Smith,CENTER,23,INDIANA PACERS,61,14,1047,234,395,61,144,72,104,112,225,63,17,38,44,124,601
smithni01,Nick Smith Jr.,SHOOTING GUARD,19,CHARLOTTE HORNETS,51,0,729,113,289,63,146,13,15,18,54,59,10,7,39,55,302
smithte01,Terquavion Smith,POINT GUARD,21,PHILADELPHIA 76ERS,16,0,84,18,46,13,35,3,5,0,4,12,8,0,7,8,52
sochaje01,Jeremy Sochan,POWER FORWARD,20,SAN ANTONIO SPURS,74,73,2193,340,776,70,227,111,144,137,339,249,62,40,140,168,861
spencpa01,Pat Spencer,POINT GUARD,27,GOLDEN STATE WARRIORS,6,0,26,2,4,0,2,0,0,2,2,5,0,0,1,1,4
sprinja01,Jaden Springer,SHOOTING GUARD,21,PHILADELPHIA 76ERS,32,1,377,46,118,8,37,28,34,25,33,35,25,11,26,49,128
sprinja01,Jaden Springer,POINT GUARD,21,BOSTON CELTICS,17,1,130,13,30,2,11,7,8,8,12,9,11,4,8,17,35
stevela01,Lamar Stevens,POWER FORWARD,26,BOSTON CELTICS,19,1,122,21,45,3,8,8,11,12,19,8,6,5,9,14,53
stevela01,Lamar Stevens,POWER FORWARD,26,MEMPHIS GRIZZLIES,19,2,437,87,195,11,38,34,43,24,72,20,17,17,15,31,219
stewais01,Isaiah Stewart,POWER FORWARD,22,DETROIT PISTONS,46,45,1423,186,382,67,175,64,85,74,231,73,17,38,66,99,503
strawju01,Julian Strawther,SMALL FORWARD,21,DENVER NUGGETS,50,0,545,82,222,41,138,22,31,5,56,47,17,7,23,54,227
strusma01,Max Strus,SMALL FORWARD,27,CLEVELAND CAVALIERS,70,70,2239,304,728,168,479,77,97,66,272,283,64,29,112,170,853
suggsja01,Jalen Suggs,SHOOTING GUARD,22,ORLANDO MAGIC,75,75,2025,336,714,153,385,118,156,48,181,205,106,47,132,205,943
swideco01,Cole Swider,SMALL FORWARD,24,MIAMI HEAT,18,0,87,15,38,10,30,2,2,1,6,5,1,1,8,4,42
tateja01,Jae'Sean Tate,SMALL FORWARD,28,HOUSTON ROCKETS,65,9,1031,108,229,23,77,26,39,61,136,64,42,15,37,137,265
tatumja01,Jayson Tatum,POWER FORWARD,25,BOSTON CELTICS,74,74,2645,672,1426,229,609,414,497,67,534,364,75,43,188,145,1987
taylote01,Terry Taylor,POWER FORWARD,24,CHICAGO BULLS,31,0,188,20,39,2,9,4,5,17,20,10,5,2,7,17,46
templga01,Garrett Temple,SHOOTING GUARD,37,TORONTO RAPTORS,27,2,289,29,78,12,40,18,22,18,27,28,12,3,14,28,88
terryda01,Dalen Terry,SHOOTING GUARD,21,CHICAGO BULLS,59,2,681,69,157,17,74,25,43,29,84,81,27,18,32,81,180
theisda01,Daniel Theis,CENTER,31,INDIANA PACERS,1,0,8,1,4,0,1,0,0,0,0,0,0,0,0,1,2
theisda01,Daniel Theis,CENTER,31,LOS ANGELES CLIPPERS,59,3,1007,155,289,26,70,38,50,85,159,61,21,51,42,126,374
thomaca02,Cam Thomas,SHOOTING GUARD,22,BROOKLYN NETS,66,51,2075,526,1190,144,396,286,334,28,186,192,45,16,124,138,1482
thomais02,Isaiah Thomas,POINT GUARD,34,PHOENIX SUNS,6,0,19,3,10,2,4,0,0,0,0,3,0,0,0,0,8
thompam01,Amen Thompson,SMALL FORWARD,21,HOUSTON ROCKETS,62,23,1388,239,446,8,58,106,155,148,261,163,78,38,90,141,592
thompau01,Ausar Thompson,SMALL FORWARD,21,DETROIT PISTONS,63,38,1583,232,480,21,113,71,119,129,273,120,68,59,84,175,556
thompkl01,Klay Thompson,SMALL FORWARD,33,GOLDEN STATE WARRIORS,77,63,2284,490,1133,268,692,127,137,35,219,176,50,35,117,127,1375
thomptr01,Tristan Thompson,CENTER,32,CLEVELAND CAVALIERS,49,0,549,73,120,0,1,15,52,73,101,51,12,14,29,59,161
thorjt01,JT Thor,POWER FORWARD,21,CHARLOTTE HORNETS,63,3,781,80,183,28,81,11,20,43,103,29,11,27,15,60,199
thybuma01,Matisse Thybulle,SMALL FORWARD,26,PORTLAND TRAIL BLAZERS,65,19,1487,126,317,80,231,22,29,30,106,90,113,49,40,93,354
tillmxa01,Xavier Tillman Sr.,CENTER,25,MEMPHIS GRIZZLIES,34,13,700,87,213,12,53,18,43,56,101,57,42,35,29,60,204
tillmxa01,Xavier Tillman Sr.,POWER FORWARD,25,BOSTON CELTICS,20,2,274,34,66,8,28,4,7,14,40,20,9,9,5,15,80
toppija01,Jacob Toppin,SMALL FORWARD,23,NEW YORK KNICKS,9,0,38,5,9,1,4,2,2,3,4,3,0,1,1,3,13
toppiob01,Obi Toppin,POWER FORWARD,25,INDIANA PACERS,82,28,1730,332,579,102,253,77,100,85,235,128,47,43,69,143,843
toscaju01,Juan Toscano-Anderson,SMALL FORWARD,30,SACRAMENTO KINGS,11,0,53,3,12,1,4,0,0,4,10,4,1,1,2,11,7
townska01,Karl-Anthony Towns,POWER FORWARD,28,MINNESOTA TIMBERWOLVES,62,62,2026,479,951,136,327,255,292,94,421,189,43,41,177,204,1349
trentga02,Gary Trent Jr.,SHOOTING GUARD,25,TORONTO RAPTORS,71,41,1994,361,847,178,453,74,96,25,163,119,77,10,47,96,974
tshieos01,Oscar Tshiebwe,POWER FORWARD,24,INDIANA PACERS,8,0,42,10,20,0,0,6,8,8,8,2,2,1,0,3,26
tuckepj01,P.J. Tucker,POWER FORWARD,38,PHILADELPHIA 76ERS,3,3,66,2,5,2,5,0,0,1,13,0,3,2,2,9,6
tuckepj01,P.J. Tucker,POWER FORWARD,38,LOS ANGELES CLIPPERS,28,7,420,16,45,11,30,3,3,27,44,16,13,5,6,45,46
turnemy01,Myles Turner,CENTER,27,INDIANA PACERS,77,77,2076,476,909,116,324,245,317,113,420,100,39,144,109,232,1313
tysonhu01,Hunter Tyson,POWER FORWARD,23,DENVER NUGGETS,18,0,48,8,20,4,14,0,0,1,8,2,1,0,2,10,20
umudest01,Stanley Umude,SHOOTING GUARD,24,DETROIT PISTONS,24,2,307,37,84,24,53,29,32,8,43,11,8,7,14,40,127
valanjo01,Jonas Valančiūnas,CENTER,31,NEW ORLEANS PELICANS,82,82,1925,402,719,37,120,161,205,186,535,173,32,68,111,218,1002
vandeja01,Jarred Vanderbilt,POWER FORWARD,24,LOS ANGELES LAKERS,29,6,581,59,114,8,27,24,36,41,97,36,36,5,28,43,150
vanvlfr01,Fred VanVleet,POINT GUARD,29,HOUSTON ROCKETS,73,73,2684,423,1018,227,586,197,229,33,245,589,101,59,126,183,1270
vassede01,Devin Vassell,SHOOTING GUARD,23,SAN ANTONIO SPURS,68,62,2248,498,1056,166,446,161,201,27,234,277,73,23,108,74,1323
vezenal01,Sasha Vezenkov,POWER FORWARD,28,SACRAMENTO KINGS,42,0,511,84,191,45,120,12,15,30,66,19,20,7,12,42,225
vincega01,Gabe Vincent,POINT GUARD,27,LOS ANGELES LAKERS,11,0,218,15,49,3,28,1,2,4,5,21,9,0,5,19,34
vucevni01,Nikola Vučević,CENTER,33,CHICAGO BULLS,76,74,2610,586,1211,92,313,106,129,210,591,254,50,60,120,190,1370
vukcetr01,Tristan Vukcevic,CENTER,20,WASHINGTON WIZARDS,10,4,153,29,67,10,36,17,22,6,30,13,5,7,10,28,85
wadede01,Dean Wade,POWER FORWARD,27,CLEVELAND CAVALIERS,54,32,1108,96,232,79,202,20,26,37,181,43,40,25,20,93,291
wagnefr01,Franz Wagner,SMALL FORWARD,22,ORLANDO MAGIC,72,72,2337,528,1096,94,334,271,319,72,309,269,76,28,137,168,1421
wagnemo01,Moritz Wagner,CENTER,26,ORLANDO MAGIC,80,1,1415,332,552,38,115,166,204,117,230,96,39,21,97,160,868
wainris01,Ish Wainright,SMALL FORWARD,29,PORTLAND TRAIL BLAZERS,7,0,46,6,18,6,16,2,2,0,9,0,2,1,1,4,20
wainris01,Ish Wainright,SMALL FORWARD,29,PHOENIX SUNS,4,0,16,1,6,1,4,0,0,3,2,1,2,0,1,4,3
walkeja01,Jabari Walker,SMALL FORWARD,21,PORTLAND TRAIL BLAZERS,72,23,1700,234,509,41,139,129,171,151,357,71,42,22,66,173,638
walkeja02,Jarace Walker,POWER FORWARD,20,INDIANA PACERS,33,0,340,45,110,22,55,8,9,12,51,40,15,11,17,29,120
walkelo01,Lonnie Walker IV,SHOOTING GUARD,25,BROOKLYN NETS,58,0,1011,208,492,104,271,45,59,13,114,74,32,20,51,71,565
wallaca01,Cason Wallace,SHOOTING GUARD,20,OKLAHOMA CITY THUNDER,82,13,1692,217,442,98,234,29,37,52,135,120,76,37,45,129,561
walshjo01,Jordan Walsh,SMALL FORWARD,19,BOSTON CELTICS,9,1,83,6,15,2,9,1,2,5,15,5,5,1,3,11,15
warretj01,T.J. Warren,SMALL FORWARD,30,MINNESOTA TIMBERWOLVES,11,0,125,18,41,2,13,3,4,5,17,9,4,1,4,11,41
washipj01,P.J. Washington,POWER FORWARD,25,CHARLOTTE HORNETS,44,17,1286,227,509,79,244,67,94,53,179,97,38,32,66,112,600
washipj01,P.J. Washington,POWER FORWARD,25,DALLAS MAVERICKS,29,28,935,127,302,53,169,32,51,32,147,44,34,27,30,57,339
washity02,TyTy Washington Jr.,POINT GUARD,22,MILWAUKEE BUCKS,11,0,56,6,20,2,6,0,0,1,4,5,3,0,2,1,14
watanyu01,Yuta Watanabe,SMALL FORWARD,29,PHOENIX SUNS,29,0,382,35,97,24,75,10,15,11,34,10,9,7,16,34,104
watanyu01,Yuta Watanabe,SMALL FORWARD,29,MEMPHIS GRIZZLIES,5,0,82,6,19,1,10,0,2,0,9,5,3,0,3,5,13
waterli01,Lindy Waters III,SHOOTING GUARD,26,OKLAHOMA CITY THUNDER,38,0,280,49,104,37,85,2,2,7,33,24,5,7,7,23,137
watfotr01,Trendon Watford,POWER FORWARD,23,BROOKLYN NETS,63,2,856,164,311,27,68,77,97,52,142,81,23,19,63,106,432
watsope01,Peyton Watson,SMALL FORWARD,21,DENVER NUGGETS,80,4,1488,208,447,45,152,71,106,56,202,86,42,88,58,143,532
wembavi01,Victor Wembanyama,CENTER,20,SAN ANTONIO SPURS,71,71,2106,551,1186,128,394,292,367,161,594,274,88,254,260,153,1522
weslebl01,Blake Wesley,SHOOTING GUARD,20,SAN ANTONIO SPURS,61,3,876,102,215,12,55,52,78,18,76,166,29,9,55,89,268
westbru01,Russell Westbrook,POINT GUARD,35,LOS ANGELES CLIPPERS,68,11,1529,301,663,42,154,110,160,93,250,306,74,23,144,121,754
whiteco01,Coby White,POINT GUARD,23,CHICAGO BULLS,79,78,2881,541,1209,209,556,218,260,44,314,405,53,18,166,186,1509
whitede01,Derrick White,SHOOTING GUARD,29,BOSTON CELTICS,73,73,2381,387,839,196,495,137,152,51,259,377,74,87,112,152,1107
whiteja03,Jack White,SMALL FORWARD,26,MEMPHIS GRIZZLIES,4,0,64,2,16,2,10,0,0,4,8,1,4,1,2,3,6
whitmca01,Cam Whitmore,SMALL FORWARD,19,HOUSTON ROCKETS,47,2,880,212,467,79,220,76,112,44,136,33,30,17,46,64,579
wiggiaa01,Aaron Wiggins,SHOOTING GUARD,25,OKLAHOMA CITY THUNDER,78,4,1228,212,377,62,126,56,71,60,126,86,56,19,56,91,542
wiggian01,Andrew Wiggins,SMALL FORWARD,28,GOLDEN STATE WARRIORS,71,59,1920,353,780,91,254,142,189,108,213,119,42,41,87,147,939
wiggili01,Lindell Wigginton,POINT GUARD,25,MILWAUKEE BUCKS,3,0,8,2,5,0,2,2,2,0,0,0,0,0,1,1,6
willial06,Alondes Williams,SHOOTING GUARD,24,MIAMI HEAT,7,0,16,2,8,0,4,1,1,0,1,0,0,1,2,2,5
willibr03,Brandon Williams,POINT GUARD,24,DALLAS MAVERICKS,17,0,113,20,54,3,15,11,17,4,9,17,1,1,7,4,54
willigr01,Grant Williams,POWER FORWARD,25,DALLAS MAVERICKS,47,33,1242,131,317,79,210,41,55,46,123,81,24,27,53,137,382
willigr01,Grant Williams,POWER FORWARD,25,CHARLOTTE HORNETS,29,10,888,145,288,47,126,65,85,40,109,93,20,12,56,89,402
willija06,Jalen Williams,POWER FORWARD,22,OKLAHOMA CITY THUNDER,71,71,2223,536,993,103,241,180,221,37,245,322,80,45,123,175,1355
willija07,Jaylin Williams,CENTER,21,OKLAHOMA CITY THUNDER,69,1,897,95,228,53,144,33,41,36,198,110,28,27,34,98,276
willije02,Jeenathan Williams,SHOOTING GUARD,24,HOUSTON ROCKETS,22,0,129,27,50,2,5,7,13,12,11,7,4,1,4,10,63
willike04,Kenrich Williams,POWER FORWARD,29,OKLAHOMA CITY THUNDER,69,1,1029,131,280,56,141,7,14,61,148,93,38,9,32,101,325
willima11,Malik Williams,CENTER,25,TORONTO RAPTORS,7,2,107,9,34,1,5,0,2,15,23,2,3,4,3,15,19
willima07,Mark Williams,CENTER,22,CHARLOTTE HORNETS,19,19,508,98,151,0,0,46,64,76,108,22,16,20,17,50,242
willipa01,Patrick Williams,POWER FORWARD,22,CHICAGO BULLS,43,30,1174,159,359,59,148,52,66,46,120,66,40,33,57,87,429
williro04,Robert Williams,CENTER,26,PORTLAND TRAIL BLAZERS,6,0,119,17,26,0,0,7,9,11,27,5,7,7,7,17,41
willivi01,Vince Williams Jr.,SHOOTING GUARD,23,MEMPHIS GRIZZLIES,52,33,1436,169,379,79,209,104,130,59,231,175,47,34,92,135,521
willizi02,Ziaire Williams,SMALL FORWARD,22,MEMPHIS GRIZZLIES,51,15,1038,150,378,58,189,62,75,35,145,75,36,9,66,85,420
willizi01,Zion Williamson,POWER FORWARD,23,NEW ORLEANS PELICANS,70,70,2207,624,1094,6,18,347,494,122,284,352,77,47,193,159,1601
wilsodj01,D.J. Wilson,POWER FORWARD,27,PHILADELPHIA 76ERS,2,0,15,4,6,2,2,0,0,1,1,2,0,2,0,1,10
wilsoja03,Jalen Wilson,POWER FORWARD,23,BROOKLYN NETS,43,3,664,76,179,24,74,38,46,47,84,45,11,4,19,48,214
windldy01,Dylan Windler,SMALL FORWARD,27,NEW YORK KNICKS,3,0,7,1,2,1,2,0,0,0,1,1,0,0,0,1,3
windldy01,Dylan Windler,SMALL FORWARD,27,LOS ANGELES LAKERS,8,0,28,4,9,4,8,0,0,0,3,6,0,0,0,2,12
windldy01,Dylan Windler,SMALL FORWARD,27,ATLANTA HAWKS,6,0,73,10,19,8,17,0,0,3,9,3,2,0,2,3,28
wisemja01,James Wiseman,CENTER,22,DETROIT PISTONS,63,6,1091,187,305,0,2,72,102,110,226,54,12,39,66,141,446
wongis01,Isaiah Wong,SHOOTING GUARD,23,INDIANA PACERS,1,0,4,1,3,0,1,0,0,0,0,0,0,0,0,0,2
woodch01,Christian Wood,POWER FORWARD,28,LOS ANGELES LAKERS,50,1,872,123,264,35,114,66,94,39,215,49,16,33,50,72,347
wrighde01,Delon Wright,POINT GUARD,31,WASHINGTON WIZARDS,33,0,456,48,122,14,38,24,29,13,46,82,35,8,11,22,134
wrighde01,Delon Wright,POINT GUARD,31,MIAMI HEAT,14,1,286,26,66,11,30,13,16,6,21,37,19,3,3,10,76
youngth01,Thaddeus Young,POWER FORWARD,35,TORONTO RAPTORS,23,6,350,54,87,1,6,5,12,29,46,50,18,3,11,38,114
youngth01,Thaddeus Young,POWER FORWARD,35,PHOENIX SUNS,10,0,89,11,21,0,1,1,3,17,11,7,5,2,4,11,23
youngtr01,Trae Young,POINT GUARD,25,ATLANTA HAWKS,54,54,1942,433,1008,175,469,348,407,23,126,583,72,11,235,109,1389
yurtsom01,Omer Yurtseven,CENTER,25,UTAH JAZZ,48,12,545,99,184,5,24,19,28,72,136,29,8,18,37,52,222
zelleco01,Cody Zeller,CENTER,31,NEW ORLEANS PELICANS,43,0,320,26,62,1,3,23,38,48,64,39,9,5,16,45,76
zubaciv01,Ivica Zubac,CENTER,26,LOS ANGELES CLIPPERS,68,68,1794,337,519,0,0,120,166,196,430,93,22,83,79,180,794
